This is XeTeX, Version 3.14159265-2.6-0.99999 (TeX Live 2019/dev/Debian) (preloaded format=xelatex 2023.12.17)  28 SEP 2026 09:25
entering extended mode
 restricted \write18 enabled.
 %&-line parsing enabled.
**README.tex
(.//README.tex
LaTeX2e <2018-12-01>
(/usr/share/texlive/texmf-dist/tex/latex/base/article.cls
Document Class: article 2018/09/03 v1.4i Standard LaTeX document class
(/usr/share/texlive/texmf-dist/tex/latex/base/size11.clo
File: size11.clo 2018/09/03 v1.4i Standard LaTeX file (size option)
)
\c@part=\count80
\c@section=\count81
\c@subsection=\count82
\c@subsubsection=\count83
\c@paragraph=\count84
\c@subparagraph=\count85
\c@figure=\count86
\c@table=\count87
\abovecaptionskip=\skip41
\belowcaptionskip=\skip42
\bibindent=\dimen102
)
(/usr/share/texlive/texmf-dist/tex/latex/ucs/ucs.sty
Package: ucs 2013/05/11 v2.2 UCS: Unicode input support

(/usr/share/texlive/texmf-dist/tex/latex/ucs/data/uni-global.def
File: uni-global.def 2013/05/13 UCS: Unicode global data
)
\uc@secondtry=\count88
\uc@combtoks=\toks14
\uc@combtoksb=\toks15
\uc@temptokena=\toks16
)
(/usr/share/texlive/texmf-dist/tex/latex/graphics/graphicx.sty
Package: graphicx 2017/06/01 v1.1a Enhanced LaTeX Graphics (DPC,SPQR)

(/usr/share/texlive/texmf-dist/tex/latex/graphics/keyval.sty
Package: keyval 2014/10/28 v1.15 key=value parser (DPC)
\KV@toks@=\toks17
)
(/usr/share/texlive/texmf-dist/tex/latex/graphics/graphics.sty
Package: graphics 2017/06/25 v1.2c Standard LaTeX Graphics (DPC,SPQR)

(/usr/share/texlive/texmf-dist/tex/latex/graphics/trig.sty
Package: trig 2016/01/03 v1.10 sin cos tan (DPC)
)
(/usr/share/texlive/texmf-dist/tex/latex/graphics-cfg/graphics.cfg
File: graphics.cfg 2016/06/04 v1.11 sample graphics configuration
)
Package graphics Info: Driver file: xetex.def on input line 99.

(/usr/share/texlive/texmf-dist/tex/latex/graphics-def/xetex.def
File: xetex.def 2017/06/24 v5.0h Graphics/color driver for xetex
))
\Gin@req@height=\dimen103
\Gin@req@width=\dimen104
)
(/usr/share/texlive/texmf-dist/tex/latex/tools/longtable.sty
Package: longtable 2014/10/28 v4.11 Multi-page Table package (DPC)+ FMi change
\LTleft=\skip43
\LTright=\skip44
\LTpre=\skip45
\LTpost=\skip46
\LTchunksize=\count89
\LTcapwidth=\dimen105
\LT@head=\box27
\LT@firsthead=\box28
\LT@foot=\box29
\LT@lastfoot=\box30
\LT@cols=\count90
\LT@rows=\count91
\c@LT@tables=\count92
\c@LT@chunks=\count93
\LT@p@ftn=\toks18
)
(/usr/share/texlive/texmf-dist/tex/latex/wrapfig/wrapfig.sty
\wrapoverhang=\dimen106
\WF@size=\dimen107
\c@WF@wrappedlines=\count94
\WF@box=\box31
\WF@everypar=\toks19
Package: wrapfig 2003/01/31  v 3.6
)
(/usr/share/texlive/texmf-dist/tex/latex/graphics/rotating.sty
Package: rotating 2016/08/11 v2.16d rotated objects in LaTeX

(/usr/share/texlive/texmf-dist/tex/latex/base/ifthen.sty
Package: ifthen 2014/09/29 v1.1c Standard LaTeX ifthen package (DPC)
)
\c@r@tfl@t=\count95
\rotFPtop=\skip47
\rotFPbot=\skip48
\rot@float@box=\box32
\rot@mess@toks=\toks20
)
(/usr/share/texlive/texmf-dist/tex/generic/ulem/ulem.sty
\UL@box=\box33
\UL@hyphenbox=\box34
\UL@skip=\skip49
\UL@hook=\toks21
\UL@height=\dimen108
\UL@pe=\count96
\UL@pixel=\dimen109
\ULC@box=\box35
Package: ulem 2012/05/18
\ULdepth=\dimen110
)
(/usr/share/texlive/texmf-dist/tex/latex/amsmath/amsmath.sty
Package: amsmath 2018/12/01 v2.17b AMS math features
\@mathmargin=\skip50

For additional information on amsmath, use the `?' option.
(/usr/share/texlive/texmf-dist/tex/latex/amsmath/amstext.sty
Package: amstext 2000/06/29 v2.01 AMS text

(/usr/share/texlive/texmf-dist/tex/latex/amsmath/amsgen.sty
File: amsgen.sty 1999/11/30 v2.0 generic functions
\@emptytoks=\toks22
\ex@=\dimen111
))
(/usr/share/texlive/texmf-dist/tex/latex/amsmath/amsbsy.sty
Package: amsbsy 1999/11/29 v1.2d Bold Symbols
\pmbraise@=\dimen112
)
(/usr/share/texlive/texmf-dist/tex/latex/amsmath/amsopn.sty
Package: amsopn 2016/03/08 v2.02 operator names
)
\inf@bad=\count97
LaTeX Info: Redefining \frac on input line 223.
\uproot@=\count98
\leftroot@=\count99
LaTeX Info: Redefining \overline on input line 385.
\classnum@=\count100
\DOTSCASE@=\count101
LaTeX Info: Redefining \ldots on input line 482.
LaTeX Info: Redefining \dots on input line 485.
LaTeX Info: Redefining \cdots on input line 606.
\Mathstrutbox@=\box36
\strutbox@=\box37
\big@size=\dimen113
LaTeX Font Info:    Redeclaring font encoding OML on input line 729.
LaTeX Font Info:    Redeclaring font encoding OMS on input line 730.
\macc@depth=\count102
\c@MaxMatrixCols=\count103
\dotsspace@=\muskip10
\c@parentequation=\count104
\dspbrk@lvl=\count105
\tag@help=\toks23
\row@=\count106
\column@=\count107
\maxfields@=\count108
\andhelp@=\toks24
\eqnshift@=\dimen114
\alignsep@=\dimen115
\tagshift@=\dimen116
\tagwidth@=\dimen117
\totwidth@=\dimen118
\lineht@=\dimen119
\@envbody=\toks25
\multlinegap=\skip51
\multlinetaggap=\skip52
\mathdisplay@stack=\toks26
LaTeX Info: Redefining \[ on input line 2844.
LaTeX Info: Redefining \] on input line 2845.
)
(/usr/share/texlive/texmf-dist/tex/latex/amsfonts/amssymb.sty
Package: amssymb 2013/01/14 v3.01 AMS font symbols

(/usr/share/texlive/texmf-dist/tex/latex/amsfonts/amsfonts.sty
Package: amsfonts 2013/01/14 v3.01 Basic AMSFonts support
\symAMSa=\mathgroup4
\symAMSb=\mathgroup5
LaTeX Font Info:    Overwriting math alphabet `\mathfrak' in version `bold'
(Font)                  U/euf/m/n --> U/euf/b/n on input line 106.
))
(/usr/share/texlive/texmf-dist/tex/latex/capt-of/capt-of.sty
Package: capt-of 2009/12/29 v0.2 standard captions outside of floats
)
(/usr/share/texlive/texmf-dist/tex/latex/hyperref/hyperref.sty
Package: hyperref 2018/11/30 v6.88e Hypertext links for LaTeX

(/usr/share/texlive/texmf-dist/tex/generic/oberdiek/hobsub-hyperref.sty
Package: hobsub-hyperref 2016/05/16 v1.14 Bundle oberdiek, subset hyperref (HO)


(/usr/share/texlive/texmf-dist/tex/generic/oberdiek/hobsub-generic.sty
Package: hobsub-generic 2016/05/16 v1.14 Bundle oberdiek, subset generic (HO)
Package: hobsub 2016/05/16 v1.14 Construct package bundles (HO)
Package: infwarerr 2016/05/16 v1.4 Providing info/warning/error messages (HO)
Package: ltxcmds 2016/05/16 v1.23 LaTeX kernel commands for general use (HO)
Package: ifluatex 2016/05/16 v1.4 Provides the ifluatex switch (HO)
Package ifluatex Info: LuaTeX not detected.
Package: ifvtex 2016/05/16 v1.6 Detect VTeX and its facilities (HO)
Package ifvtex Info: VTeX not detected.
Package: intcalc 2016/05/16 v1.2 Expandable calculations with integers (HO)
Package: ifpdf 2018/09/07 v3.3 Provides the ifpdf switch
Package: etexcmds 2016/05/16 v1.6 Avoid name clashes with e-TeX commands (HO)
Package: kvsetkeys 2016/05/16 v1.17 Key value parser (HO)
Package: kvdefinekeys 2016/05/16 v1.4 Define keys (HO)
Package: pdftexcmds 2018/09/10 v0.29 Utility functions of pdfTeX for LuaTeX (HO
)
Package pdftexcmds Info: LuaTeX not detected.
Package pdftexcmds Info: pdfTeX >= 1.30 not detected.
Package pdftexcmds Info: \pdf@primitive is available.
Package pdftexcmds Info: \pdf@ifprimitive is available.
Package pdftexcmds Info: \pdfdraftmode not found.
Package: pdfescape 2016/05/16 v1.14 Implements pdfTeX's escape features (HO)
Package: bigintcalc 2016/05/16 v1.4 Expandable calculations on big integers (HO
)
Package: bitset 2016/05/16 v1.2 Handle bit-vector datatype (HO)
Package: uniquecounter 2016/05/16 v1.3 Provide unlimited unique counter (HO)
)
Package hobsub Info: Skipping package `hobsub' (already loaded).
Package: letltxmacro 2016/05/16 v1.5 Let assignment for LaTeX macros (HO)
Package: hopatch 2016/05/16 v1.3 Wrapper for package hooks (HO)
Package: xcolor-patch 2016/05/16 xcolor patch
Package: atveryend 2016/05/16 v1.9 Hooks at the very end of document (HO)
Package atveryend Info: \enddocument detected (standard20110627).
Package: atbegshi 2016/06/09 v1.18 At begin shipout hook (HO)
Package: refcount 2016/05/16 v3.5 Data extraction from label references (HO)
Package: hycolor 2016/05/16 v1.8 Color options for hyperref/bookmark (HO)
)
(/usr/share/texlive/texmf-dist/tex/generic/ifxetex/ifxetex.sty
Package: ifxetex 2010/09/12 v0.6 Provides ifxetex conditional
)
(/usr/share/texlive/texmf-dist/tex/latex/oberdiek/auxhook.sty
Package: auxhook 2016/05/16 v1.4 Hooks for auxiliary files (HO)
)
(/usr/share/texlive/texmf-dist/tex/latex/oberdiek/kvoptions.sty
Package: kvoptions 2016/05/16 v3.12 Key value format for package options (HO)
)
\@linkdim=\dimen120
\Hy@linkcounter=\count109
\Hy@pagecounter=\count110

(/usr/share/texlive/texmf-dist/tex/latex/hyperref/pd1enc.def
File: pd1enc.def 2018/11/30 v6.88e Hyperref: PDFDocEncoding definition (HO)
)
\Hy@SavedSpaceFactor=\count111

(/usr/share/texlive/texmf-dist/tex/latex/latexconfig/hyperref.cfg
File: hyperref.cfg 2002/06/06 v1.2 hyperref configuration of TeXLive
)
Package hyperref Info: Hyper figures OFF on input line 4519.
Package hyperref Info: Link nesting OFF on input line 4524.
Package hyperref Info: Hyper index ON on input line 4527.
Package hyperref Info: Plain pages OFF on input line 4534.
Package hyperref Info: Backreferencing OFF on input line 4539.
Package hyperref Info: Implicit mode ON; LaTeX internals redefined.
Package hyperref Info: Bookmarks ON on input line 4772.
\c@Hy@tempcnt=\count112

(/usr/share/texlive/texmf-dist/tex/latex/url/url.sty
\Urlmuskip=\muskip11
Package: url 2013/09/16  ver 3.4  Verb mode for urls, etc.
)
LaTeX Info: Redefining \url on input line 5125.
\XeTeXLinkMargin=\dimen121
\Fld@menulength=\count113
\Field@Width=\dimen122
\Fld@charsize=\dimen123
Package hyperref Info: Hyper figures OFF on input line 6380.
Package hyperref Info: Link nesting OFF on input line 6385.
Package hyperref Info: Hyper index ON on input line 6388.
Package hyperref Info: backreferencing OFF on input line 6395.
Package hyperref Info: Link coloring OFF on input line 6400.
Package hyperref Info: Link coloring with OCG OFF on input line 6405.
Package hyperref Info: PDF/A mode OFF on input line 6410.
LaTeX Info: Redefining \ref on input line 6450.
LaTeX Info: Redefining \pageref on input line 6454.
\Hy@abspage=\count114
\c@Item=\count115
\c@Hfootnote=\count116
)
Package hyperref Info: Driver (autodetected): hxetex.

(/usr/share/texlive/texmf-dist/tex/latex/hyperref/hxetex.def
File: hxetex.def 2018/11/30 v6.88e Hyperref driver for XeTeX

(/usr/share/texlive/texmf-dist/tex/latex/hyperref/puenc.def
File: puenc.def 2018/11/30 v6.88e Hyperref: PDF Unicode definition (HO)
)
(/usr/share/texlive/texmf-dist/tex/generic/oberdiek/stringenc.sty
Package: stringenc 2016/05/16 v1.11 Convert strings between diff. encodings (HO
)
)
\pdfm@box=\box38
\c@Hy@AnnotLevel=\count117
\HyField@AnnotCount=\count118
\Fld@listcount=\count119
\c@bookmark@seq@number=\count120

(/usr/share/texlive/texmf-dist/tex/latex/oberdiek/rerunfilecheck.sty
Package: rerunfilecheck 2016/05/16 v1.8 Rerun checks for auxiliary files (HO)
Package uniquecounter Info: New unique counter `rerunfilecheck' on input line 2
82.
)
\Hy@SectionHShift=\skip53
)
(/usr/share/texlive/texmf-dist/tex/latex/geometry/geometry.sty
Package: geometry 2018/04/16 v5.8 Page Geometry
\Gm@cnth=\count121
\Gm@cntv=\count122
\c@Gm@tempcnt=\count123
\Gm@bindingoffset=\dimen124
\Gm@wd@mp=\dimen125
\Gm@odd@mp=\dimen126
\Gm@even@mp=\dimen127
\Gm@layoutwidth=\dimen128
\Gm@layoutheight=\dimen129
\Gm@layouthoffset=\dimen130
\Gm@layoutvoffset=\dimen131
\Gm@dimlist=\toks27
)
(/usr/share/texlive/texmf-dist/tex/generic/oberdiek/se-ascii-print.def
File: se-ascii-print.def 2016/05/16 v1.11 stringenc: Printable ASCII characters

)
No file README.aux.
\openout1 = `README.aux'.

LaTeX Font Info:    Checking defaults for OML/cmm/m/it on input line 25.
LaTeX Font Info:    ... okay on input line 25.
LaTeX Font Info:    Checking defaults for T1/cmr/m/n on input line 25.
LaTeX Font Info:    ... okay on input line 25.
LaTeX Font Info:    Checking defaults for OT1/cmr/m/n on input line 25.
LaTeX Font Info:    ... okay on input line 25.
LaTeX Font Info:    Checking defaults for OMS/cmsy/m/n on input line 25.
LaTeX Font Info:    ... okay on input line 25.
LaTeX Font Info:    Checking defaults for TU/lmr/m/n on input line 25.
LaTeX Font Info:    ... okay on input line 25.
LaTeX Font Info:    Checking defaults for OMX/cmex/m/n on input line 25.
LaTeX Font Info:    ... okay on input line 25.
LaTeX Font Info:    Checking defaults for U/cmr/m/n on input line 25.
LaTeX Font Info:    ... okay on input line 25.
LaTeX Font Info:    Checking defaults for PD1/pdf/m/n on input line 25.
LaTeX Font Info:    ... okay on input line 25.
LaTeX Font Info:    Checking defaults for PU/pdf/m/n on input line 25.
LaTeX Font Info:    ... okay on input line 25.
(/usr/share/texlive/texmf-dist/tex/latex/ucs/ucsencs.def
File: ucsencs.def 2011/01/21 Fixes to fontencodings LGR, T3
)
\AtBeginShipoutBox=\box39
Package hyperref Info: Link coloring OFF on input line 25.

(/usr/share/texlive/texmf-dist/tex/latex/hyperref/nameref.sty
Package: nameref 2016/05/21 v2.44 Cross-referencing by name of section

(/usr/share/texlive/texmf-dist/tex/generic/oberdiek/gettitlestring.sty
Package: gettitlestring 2016/05/16 v1.5 Cleanup title references (HO)
)
\c@section@level=\count124
)
LaTeX Info: Redefining \ref on input line 25.
LaTeX Info: Redefining \pageref on input line 25.
LaTeX Info: Redefining \nameref on input line 25.
\@outlinefile=\write3
\openout3 = `README.out'.



Package hyperref Warning: Rerun to get /PageLabels entry.

*geometry* driver: auto-detecting
*geometry* detected driver: xetex
*geometry* verbose mode - [ preamble ] result:
* driver: xetex
* paper: <default>
* layout: <same size as paper>
* layoutoffset:(h,v)=(0.0pt,0.0pt)
* modes: 
* h-part:(L,W,R)=(36.135pt, 542.02501pt, 36.135pt)
* v-part:(T,H,B)=(36.135pt, 722.7pt, 36.135pt)
* \paperwidth=614.295pt
* \paperheight=794.96999pt
* \textwidth=542.02501pt
* \textheight=722.7pt
* \oddsidemargin=-36.135pt
* \evensidemargin=-36.135pt
* \topmargin=-73.135pt
* \headheight=12.0pt
* \headsep=25.0pt
* \topskip=11.0pt
* \footskip=30.0pt
* \marginparwidth=59.0pt
* \marginparsep=10.0pt
* \columnsep=10.0pt
* \skip\footins=10.0pt plus 4.0pt minus 2.0pt
* \hoffset=0.0pt
* \voffset=0.0pt
* \mag=1000
* \@twocolumnfalse
* \@twosidefalse
* \@mparswitchfalse
* \@reversemarginfalse
* (1in=72.27pt=25.4mm, 1cm=28.453pt)

LaTeX Font Info:    Try loading font information for U+msa on input line 28.
(/usr/share/texlive/texmf-dist/tex/latex/amsfonts/umsa.fd
File: umsa.fd 2013/01/14 v3.01 AMS symbols A
)
LaTeX Font Info:    Try loading font information for U+msb on input line 28.

(/usr/share/texlive/texmf-dist/tex/latex/amsfonts/umsb.fd
File: umsb.fd 2013/01/14 v3.01 AMS symbols B
) [1

] [2] [3] [4]
Missing character: There is no ο in font [lmroman10-regular]:mapping=tex-text;!
Missing character: There is no ὐ in font [lmroman10-regular]:mapping=tex-text;!
Missing character: There is no μ in font [lmroman10-regular]:mapping=tex-text;!
Missing character: There is no ή in font [lmroman10-regular]:mapping=tex-text;!

[5] [6] [7] [8] [9] [10] [11] [12]
Missing character: There is no ο in font [lmroman10-regular]:mapping=tex-text;!
Missing character: There is no ὐ in font [lmroman10-regular]:mapping=tex-text;!
Missing character: There is no μ in font [lmroman10-regular]:mapping=tex-text;!
Missing character: There is no ή in font [lmroman10-regular]:mapping=tex-text;!

Overfull \hbox (48.6324pt too wide) in paragraph at lines 550--551
[]
 []

[13] [14] [15] [16] [17] [18]
Overfull \hbox (4.99669pt too wide) in paragraph at lines 788--797
[]\TU/lmr/m/n/10.95 The kingdom of
 []

Missing character: There is no ο in font [lmroman10-regular]:mapping=tex-text;!
Missing character: There is no ὐ in font [lmroman10-regular]:mapping=tex-text;!
Missing character: There is no μ in font [lmroman10-regular]:mapping=tex-text;!
Missing character: There is no ή in font [lmroman10-regular]:mapping=tex-text;!
[19] [20] [21] [22] [23] [24] [25] [26] [27] [28] [29] [30] [31] [32] [33]
[34] [35] [36] [37] [38] [39] [40] [41] [42]
Missing character: There is no ο in font [lmroman10-regular]:mapping=tex-text;!
Missing character: There is no ὐ in font [lmroman10-regular]:mapping=tex-text;!
Missing character: There is no μ in font [lmroman10-regular]:mapping=tex-text;!
Missing character: There is no ή in font [lmroman10-regular]:mapping=tex-text;!
 [43]
Missing character: There is no ṓ in font [lmroman10-regular]:mapping=tex-text;!
Missing character: There is no ṓ in font [lmroman10-regular]:mapping=tex-text;!
Missing character: There is no ṓ in font [lmroman10-regular]:mapping=tex-text;!
 [44] [45] [46] [47] [48]
[49] [50] [51] [52]
Missing character: There is no ο in font [lmroman10-regular]:mapping=tex-text;!
Missing character: There is no ὐ in font [lmroman10-regular]:mapping=tex-text;!
Missing character: There is no μ in font [lmroman10-regular]:mapping=tex-text;!
Missing character: There is no ή in font [lmroman10-regular]:mapping=tex-text;!
 [53] [54] [55]
Overfull \hbox (131.88162pt too wide) in paragraph at lines 2208--2209
\TU/lmr/m/n/10.95 causes of sin and all law-breakers |   [],
 []

[56]
Missing character: There is no ο in font [lmroman10-regular]:mapping=tex-text;!
Missing character: There is no ὐ in font [lmroman10-regular]:mapping=tex-text;!
Missing character: There is no μ in font [lmroman10-regular]:mapping=tex-text;!
Missing character: There is no ή in font [lmroman10-regular]:mapping=tex-text;!
 [57]
Overfull \hbox (14.57535pt too wide) in paragraph at lines 2302--2303
|   []   |   []   |   []   |   []   |   []   |   []   |   []   |   []   |   [] 
  |   []
 []

[58] [59]
Missing character: There is no ο in font [lmroman10-regular]:mapping=tex-text;!
Missing character: There is no ὐ in font [lmroman10-regular]:mapping=tex-text;!
Missing character: There is no μ in font [lmroman10-regular]:mapping=tex-text;!
Missing character: There is no ή in font [lmroman10-regular]:mapping=tex-text;!
 [60] [61] [62] [63] [64] [65] [66] [67] [68] [69] [70] [71] [72]
Overfull \hbox (155.88765pt too wide) in paragraph at lines 2912--2913
[]
 []

[73] [74] [75] [76] [77]
Overfull \hbox (4.99669pt too wide) in paragraph at lines 3071--3083
[]\TU/lmr/m/n/10.95 The kingdom of
 []

[78]
Overfull \hbox (57.03108pt too wide) in paragraph at lines 3122--3123
[]
 []

Missing character: There is no ο in font [lmroman10-regular]:mapping=tex-text;!
Missing character: There is no ὐ in font [lmroman10-regular]:mapping=tex-text;!
Missing character: There is no μ in font [lmroman10-regular]:mapping=tex-text;!
Missing character: There is no ή in font [lmroman10-regular]:mapping=tex-text;!
[79] [80] [81] [82] [83]
Missing character: There is no ο in font [lmroman10-regular]:mapping=tex-text;!
Missing character: There is no ὐ in font [lmroman10-regular]:mapping=tex-text;!
Missing character: There is no μ in font [lmroman10-regular]:mapping=tex-text;!
Missing character: There is no ή in font [lmroman10-regular]:mapping=tex-text;!
 [84] [85] [86] [87] [88] [89] [90] [91] [92] [93]
[94] [95] [96]
Overfull \hbox (2.44534pt too wide) in paragraph at lines 3882--3899
[]
 []

[97] [98]
Overfull \hbox (4.0112pt too wide) in paragraph at lines 3960--3961
[]\TU/lmr/m/n/10.95 The traditional interpre-
 []

[99] [100]
Missing character: There is no י in font [lmroman10-regular]:mapping=tex-text;!
Missing character: There is no ְ in font [lmroman10-regular]:mapping=tex-text;!
Missing character: There is no ה in font [lmroman10-regular]:mapping=tex-text;!
Missing character: There is no ו in font [lmroman10-regular]:mapping=tex-text;!
Missing character: There is no ָ in font [lmroman10-regular]:mapping=tex-text;!
Missing character: There is no ֛ in font [lmroman10-regular]:mapping=tex-text;!
Missing character: There is no ה in font [lmroman10-regular]:mapping=tex-text;!
 [101]
Overfull \hbox (131.88162pt too wide) in paragraph at lines 4142--4143
\TU/lmr/m/n/10.95 causes of sin and all law-breakers |   [],
 []

[102]
Missing character: There is no ο in font [lmroman10-regular]:mapping=tex-text;!
Missing character: There is no ὐ in font [lmroman10-regular]:mapping=tex-text;!
Missing character: There is no μ in font [lmroman10-regular]:mapping=tex-text;!
Missing character: There is no ή in font [lmroman10-regular]:mapping=tex-text;!
 [103] [104] [105] [106] [107] [108]
Overfull \hbox (131.88162pt too wide) in paragraph at lines 4473--4474
\TU/lmr/m/n/10.95 causes of sin and all law-breakers |   [],
 []

[109] [110]
Overfull \hbox (62.433pt too wide) in paragraph at lines 4519--4547
[]
 []

[111] [112] [113] [114] [115] [116] [117] [118] [119] [120] [121] [122]
[123] [124] [125] [126] [127] [128]
Overfull \hbox (320.49896pt too wide) in paragraph at lines 5243--5244
[]
 []

[129]
Overfull \hbox (143.94485pt too wide) in paragraph at lines 5284--5285
[]
 []

[130] [131]
Missing character: There is no ο in font [lmroman10-regular]:mapping=tex-text;!
Missing character: There is no ὐ in font [lmroman10-regular]:mapping=tex-text;!
Missing character: There is no μ in font [lmroman10-regular]:mapping=tex-text;!
Missing character: There is no ή in font [lmroman10-regular]:mapping=tex-text;!
 [132] [133] [134] [135] [136] [137]
Missing character: There is no ο in font [lmroman10-regular]:mapping=tex-text;!
Missing character: There is no ὐ in font [lmroman10-regular]:mapping=tex-text;!
Missing character: There is no μ in font [lmroman10-regular]:mapping=tex-text;!
Missing character: There is no ή in font [lmroman10-regular]:mapping=tex-text;!
 [138] [139] [140] [141]
[142] [143] [144] [145] [146] [147] [148] [149] [150] [151]
Overfull \hbox (171.31984pt too wide) in paragraph at lines 6123--6124
[]
 []

[152] [153] [154] [155] [156] [157] [158]
Missing character: There is no ἀ in font [lmroman10-regular]:mapping=tex-text;!
Missing character: There is no ρ in font [lmroman10-regular]:mapping=tex-text;!
Missing character: There is no ρ in font [lmroman10-regular]:mapping=tex-text;!
Missing character: There is no α in font [lmroman10-regular]:mapping=tex-text;!
Missing character: There is no β in font [lmroman10-regular]:mapping=tex-text;!
Missing character: There is no ώ in font [lmroman10-regular]:mapping=tex-text;!
Missing character: There is no ν in font [lmroman10-regular]:mapping=tex-text;!
Missing character: There is no ἀ in font [lmmono10-regular]:!
Missing character: There is no ρ in font [lmmono10-regular]:!
Missing character: There is no ρ in font [lmmono10-regular]:!
Missing character: There is no α in font [lmmono10-regular]:!
Missing character: There is no β in font [lmmono10-regular]:!
Missing character: There is no ώ in font [lmmono10-regular]:!
Missing character: There is no ν in font [lmmono10-regular]:!
Missing character: There is no ע in font [lmmono10-regular]:!
Missing character: There is no ֲ in font [lmmono10-regular]:!
Missing character: There is no ר in font [lmmono10-regular]:!
Missing character: There is no ָ in font [lmmono10-regular]:!
Missing character: There is no ב in font [lmmono10-regular]:!
Missing character: There is no וֹ in font [lmmono10-regular]:!
Missing character: There is no ן in font [lmmono10-regular]:!
 [159] [160]
Missing character: There is no ο in font [lmroman10-regular]:mapping=tex-text;!
Missing character: There is no ὐ in font [lmroman10-regular]:mapping=tex-text;!
Missing character: There is no μ in font [lmroman10-regular]:mapping=tex-text;!
Missing character: There is no ή in font [lmroman10-regular]:mapping=tex-text;!
 [161] [162] [163]
[164]
Missing character: There is no ο in font [lmroman10-regular]:mapping=tex-text;!
Missing character: There is no ὐ in font [lmroman10-regular]:mapping=tex-text;!
Missing character: There is no μ in font [lmroman10-regular]:mapping=tex-text;!
Missing character: There is no ή in font [lmroman10-regular]:mapping=tex-text;!
 [165] [166] [167] [168] [169]
Missing character: There is no ο in font [lmroman10-regular]:mapping=tex-text;!
Missing character: There is no ὐ in font [lmroman10-regular]:mapping=tex-text;!
Missing character: There is no μ in font [lmroman10-regular]:mapping=tex-text;!
Missing character: There is no ή in font [lmroman10-regular]:mapping=tex-text;!
 [170] [171]
Missing character: There is no ο in font [lmroman10-regular]:mapping=tex-text;!
Missing character: There is no ὐ in font [lmroman10-regular]:mapping=tex-text;!
Missing character: There is no μ in font [lmroman10-regular]:mapping=tex-text;!
Missing character: There is no ή in font [lmroman10-regular]:mapping=tex-text;!
 [172]
Overfull \hbox (48.16884pt too wide) in paragraph at lines 6959--6960
[]
 []

[173]
Missing character: There is no ο in font [lmroman10-regular]:mapping=tex-text;!
Missing character: There is no ὐ in font [lmroman10-regular]:mapping=tex-text;!
Missing character: There is no μ in font [lmroman10-regular]:mapping=tex-text;!
Missing character: There is no ή in font [lmroman10-regular]:mapping=tex-text;!
 [174] [175] [176] [177] [178] [179] [180]
Missing character: There is no ο in font [lmroman10-regular]:mapping=tex-text;!
Missing character: There is no ὐ in font [lmroman10-regular]:mapping=tex-text;!
Missing character: There is no μ in font [lmroman10-regular]:mapping=tex-text;!
Missing character: There is no ή in font [lmroman10-regular]:mapping=tex-text;!
 [181] [182] [183] [184]
[185] [186]
Overfull \hbox (10.49722pt too wide) in paragraph at lines 7385--7395
[]\TU/lmr/m/n/10.95 When it hurts,
 []

[187] [188] [189] [190] [191] [192] [193] [194] [195]
Missing character: There is no ḗ in font [lmroman10-bold]:mapping=tex-text;!
 [196] [197] [198]
[199] [200] [201] [202]
Overfull \hbox (11.97913pt too wide) in paragraph at lines 7962--7966
[][]\TU/lmr/m/n/10.95 Proverbs 9:10[]
 []

[203] [204] [205] [206] [207] [208] [209] [210] [211] [212] [213]
Missing character: There is no ḇ in font [lmroman10-regular]:mapping=tex-text;!
 [214]
[215] [216]
Missing character: There is no δ in font [lmroman10-regular]:mapping=tex-text;!
Missing character: There is no ί in font [lmroman10-regular]:mapping=tex-text;!
Missing character: There is no κ in font [lmroman10-regular]:mapping=tex-text;!
Missing character: There is no α in font [lmroman10-regular]:mapping=tex-text;!
Missing character: There is no ι in font [lmroman10-regular]:mapping=tex-text;!
Missing character: There is no ο in font [lmroman10-regular]:mapping=tex-text;!
Missing character: There is no ν in font [lmroman10-regular]:mapping=tex-text;!
 [217] [218] [219] [220] [221] [222]
Overfull \hbox (24.13365pt too wide) in paragraph at lines 8882--8886
[]
 []

[223] [224] [225]
File: ./kick-against-goads.jpeg Graphic file (type bmp)
<./kick-against-goads.jpeg>
 [226] [227] [228]
Overfull \hbox (10.25552pt too wide) in paragraph at lines 9118--9119
[]\TU/lmr/m/n/10.95 I com-
 []

[229] [230] [231] [232] [233]
Overfull \hbox (62.433pt too wide) in paragraph at lines 9342--9370
[]
 []

[234] [235] [236]
Overfull \hbox (14.20927pt too wide) in paragraph at lines 9474--9496
[]
 []

[237] [238] [239]
Overfull \hbox (390.119pt too wide) in paragraph at lines 9604--9616
[]
 []


Overfull \hbox (390.119pt too wide) in paragraph at lines 9653--9680
[]
 []

[240] [241] [242] [243] [244] [245] [246]
Overfull \hbox (134.08615pt too wide) in paragraph at lines 9980--9995
[]
 []

[247] [248] [249]
File: ./3nails.png Graphic file (type bmp)
<./3nails.png>
 [250] [251] [252] [253] [254] [255] [256]
Overfull \hbox (203.99402pt too wide) in paragraph at lines 10415--10451
[]
 []

[257]
Overfull \hbox (111.08385pt too wide) in paragraph at lines 10452--10454
[]
 []

Missing character: There is no ₂ in font [lmroman10-regular]:mapping=tex-text;!
[258] [259] [260] [261] [262] [263] [264] [265] [266]
Overfull \hbox (86.83698pt too wide) in paragraph at lines 10910--10921
[]
 []

[267] [268]
Missing character: There is no ḇ in font [lmroman10-regular]:mapping=tex-text;!
 [269]
Overfull \hbox (48.3331pt too wide) in paragraph at lines 11072--11073
[]
 []

[270] [271] [272] [273] [274] [275] [276] [277] [278] [279] [280]
Overfull \hbox (65.72536pt too wide) in paragraph at lines 11528--11529
[]
 []

[281]
Overfull \hbox (13.75667pt too wide) in paragraph at lines 11630--11636
[]
 []

[282] [283] [284] [285] [286]
Overfull \hbox (331.19707pt too wide) in paragraph at lines 11899--11900
[]
 []

[287] [288] [289] [290] [291] [292] [293] [294] [295]
Missing character: There is no ḗ in font [lmroman10-bold]:mapping=tex-text;!
 [296]
Overfull \hbox (51.50864pt too wide) in paragraph at lines 12316--12321
[]
 []

[297] [298] [299]
Overfull \hbox (38.0218pt too wide) in paragraph at lines 12413--12430
[]
 []

[300] [301]
Overfull \hbox (22.17715pt too wide) in paragraph at lines 12514--12523
[]
 []

[302] [303] [304] [305] [306] [307] [308] [309] [310] [311] [312] [313]
Missing character: There is no ο in font [lmroman10-bold]:mapping=tex-text;!
Missing character: There is no ὐ in font [lmroman10-bold]:mapping=tex-text;!
Missing character: There is no μ in font [lmroman10-bold]:mapping=tex-text;!
Missing character: There is no ή in font [lmroman10-bold]:mapping=tex-text;!

[314] [315] [316] [317] [318]
Overfull \hbox (1.59496pt too wide) in paragraph at lines 13219--13220
[]\TU/lmr/m/n/10.95 Somebody commented the verse []1 John 1:8[]: 
 []


Overfull \hbox (54.47607pt too wide) in paragraph at lines 13224--13224
 []\TU/lmtt/m/n/10.95 2  ([[https://www.biblegateway.com/passage/?search=1%20Jo
hn%201%3A8&version=ESV][1 John 1:8]], KJV)[] 
 []

[319] [320] [321] [322]
Missing character: There is no ο in font [lmroman10-bold]:mapping=tex-text;!
Missing character: There is no ὐ in font [lmroman10-bold]:mapping=tex-text;!
Missing character: There is no μ in font [lmroman10-bold]:mapping=tex-text;!
Missing character: There is no ή in font [lmroman10-bold]:mapping=tex-text;!
 [323] [324] [325] [326]
Overfull \hbox (256.81374pt too wide) in paragraph at lines 13619--13635
[]
 []

[327] [328]
Missing character: There is no ḵ in font [lmroman10-regular]:mapping=tex-text;!
Missing character: There is no ḵ in font [lmroman10-regular]:mapping=tex-text;!
Missing character: There is no ḵ in font [lmroman10-bold]:mapping=tex-text;!
Missing character: There is no ḵ in font [lmroman10-regular]:mapping=tex-text;!
Missing character: There is no ḇ in font [lmroman10-regular]:mapping=tex-text;!
Missing character: There is no ḇ in font [lmroman10-regular]:mapping=tex-text;!
Missing character: There is no ḵ in font [lmroman10-regular]:mapping=tex-text;!
Missing character: There is no ḵ in font [lmroman10-regular]:mapping=tex-text;!
Missing character: There is no ḵ in font [lmroman10-regular]:mapping=tex-text;!
Missing character: There is no ḡ in font [lmroman10-regular]:mapping=tex-text;!
 [329] [330] [331] [332] [333] [334] [335]
Missing character: There is no ο in font [lmroman10-regular]:mapping=tex-text;!
Missing character: There is no ὐ in font [lmroman10-regular]:mapping=tex-text;!
Missing character: There is no μ in font [lmroman10-regular]:mapping=tex-text;!
Missing character: There is no ή in font [lmroman10-regular]:mapping=tex-text;!
 [336] [337] [338]
[339] [340] [341]
Missing character: There is no ≟ in font [lmmono10-regular]:!
Missing character: There is no ≟ in font [lmmono10-regular]:!
Missing character: There is no ≟ in font [lmmono10-regular]:!
Missing character: There is no ∵ in font [lmmono10-regular]:!
 [342]
Missing character: There is no ס in font [lmmono10-regular]:!
Missing character: There is no ה in font [lmmono10-regular]:!
Missing character: There is no ִ in font [lmmono10-regular]:!
Missing character: There is no ב in font [lmmono10-regular]:!
Missing character: There is no ָ in font [lmmono10-regular]:!
Missing character: There is no ּ in font [lmmono10-regular]:!
Missing character: There is no ֽ in font [lmmono10-regular]:!
Missing character: There is no ר in font [lmmono10-regular]:!
Missing character: There is no ְ in font [lmmono10-regular]:!
Missing character: There is no א in font [lmmono10-regular]:!
Missing character: There is no ָ in font [lmmono10-regular]:!
Missing character: There is no ֽ in font [lmmono10-regular]:!
Missing character: There is no ם in font [lmmono10-regular]:!
Missing character: There is no ׃ in font [lmmono10-regular]:!
Missing character: There is no ב in font [lmmono10-regular]:!
Missing character: There is no ְ in font [lmmono10-regular]:!
Missing character: There is no ּ in font [lmmono10-regular]:!
Missing character: There is no י in font [lmmono10-regular]:!
Missing character: There is no ֖ in font [lmmono10-regular]:!
Missing character: There is no ו in font [lmmono10-regular]:!
Missing character: There is no ֹ in font [lmmono10-regular]:!
Missing character: There is no ם in font [lmmono10-regular]:!
Missing character: There is no א in font [lmmono10-regular]:!
Missing character: There is no ָ in font [lmmono10-regular]:!
Missing character: There is no ד in font [lmmono10-regular]:!
Missing character: There is no ָ in font [lmmono10-regular]:!
Missing character: There is no ֔ in font [lmmono10-regular]:!
Missing character: There is no ם in font [lmmono10-regular]:!
Missing character: There is no ש in font [lmmono10-regular]:!
Missing character: There is no ְ in font [lmmono10-regular]:!
Missing character: There is no ׁ in font [lmmono10-regular]:!
Missing character: There is no מ in font [lmmono10-regular]:!
Missing character: There is no ָ in font [lmmono10-regular]:!
Missing character: There is no ם in font [lmmono10-regular]:!
Missing character: There is no ֙ in font [lmmono10-regular]:!
Missing character: There is no א in font [lmmono10-regular]:!
Missing character: There is no ֶ in font [lmmono10-regular]:!
Missing character: There is no ת in font [lmmono10-regular]:!
Missing character: There is no ־ in font [lmmono10-regular]:!
Missing character: There is no ḇ in font [lmmono10-regular]:!
Missing character: There is no ḵ in font [lmmono10-regular]:!
Missing character: There is no ו in font [lmmono10-regular]:!
Missing character: There is no ַ in font [lmmono10-regular]:!
Missing character: There is no י in font [lmmono10-regular]:!
Missing character: There is no ִ in font [lmmono10-regular]:!
Missing character: There is no ּ in font [lmmono10-regular]:!
Missing character: There is no ק in font [lmmono10-regular]:!
Missing character: There is no ְ in font [lmmono10-regular]:!
Missing character: There is no ר in font [lmmono10-regular]:!
Missing character: There is no ָ in font [lmmono10-regular]:!
Missing character: There is no ֤ in font [lmmono10-regular]:!
Missing character: There is no א in font [lmmono10-regular]:!
Missing character: There is no א in font [lmmono10-regular]:!
Missing character: There is no ֹ in font [lmmono10-regular]:!
Missing character: There is no ת in font [lmmono10-regular]:!
Missing character: There is no ָ in font [lmmono10-regular]:!
Missing character: There is no ֗ in font [lmmono10-regular]:!
Missing character: There is no ם in font [lmmono10-regular]:!
Missing character: There is no ו in font [lmmono10-regular]:!
Missing character: There is no ַ in font [lmmono10-regular]:!
Missing character: There is no י in font [lmmono10-regular]:!
Missing character: There is no ְ in font [lmmono10-regular]:!
Missing character: There is no ב in font [lmmono10-regular]:!
Missing character: There is no ָ in font [lmmono10-regular]:!
Missing character: There is no ֣ in font [lmmono10-regular]:!
Missing character: There is no ר in font [lmmono10-regular]:!
Missing character: There is no ֶ in font [lmmono10-regular]:!
Missing character: There is no ך in font [lmmono10-regular]:!
Missing character: There is no ְ in font [lmmono10-regular]:!
Missing character: There is no ḇ in font [lmmono10-regular]:!
Missing character: There is no ḵ in font [lmmono10-regular]:!
Missing character: There is no ב in font [lmmono10-regular]:!
Missing character: There is no ְ in font [lmmono10-regular]:!
Missing character: There is no ּ in font [lmmono10-regular]:!
Missing character: There is no ר in font [lmmono10-regular]:!
Missing character: There is no ָ in font [lmmono10-regular]:!
Missing character: There is no א in font [lmmono10-regular]:!
Missing character: There is no ָ in font [lmmono10-regular]:!
Missing character: There is no ֑ in font [lmmono10-regular]:!
Missing character: There is no ם in font [lmmono10-regular]:!
Missing character: There is no ו in font [lmmono10-regular]:!
Missing character: There is no ּ in font [lmmono10-regular]:!
Missing character: There is no נ in font [lmmono10-regular]:!
Missing character: There is no ְ in font [lmmono10-regular]:!
Missing character: There is no ק in font [lmmono10-regular]:!
Missing character: There is no ֵ in font [lmmono10-regular]:!
Missing character: There is no ב in font [lmmono10-regular]:!
Missing character: There is no ָ in font [lmmono10-regular]:!
Missing character: There is no ֖ in font [lmmono10-regular]:!
Missing character: There is no ה in font [lmmono10-regular]:!
Missing character: There is no ז in font [lmmono10-regular]:!
Missing character: There is no ָ in font [lmmono10-regular]:!
Missing character: There is no כ in font [lmmono10-regular]:!
Missing character: There is no ָ in font [lmmono10-regular]:!
Missing character: There is no ֥ in font [lmmono10-regular]:!
Missing character: There is no ר in font [lmmono10-regular]:!
 [343] [344]
Missing character: There is no ‟ in font [lmroman10-regular]:mapping=tex-text;!
 [345] [346] [347] [348] [349] [350]
[351] [352] [353] [354] [355]
Overfull \hbox (390.119pt too wide) in paragraph at lines 14930--14943
[]
 []

[356] [357] [358] [359]
Missing character: There is no δ in font [lmroman10-regular]:mapping=tex-text;!
Missing character: There is no ί in font [lmroman10-regular]:mapping=tex-text;!
Missing character: There is no κ in font [lmroman10-regular]:mapping=tex-text;!
Missing character: There is no α in font [lmroman10-regular]:mapping=tex-text;!
Missing character: There is no ι in font [lmroman10-regular]:mapping=tex-text;!
Missing character: There is no ο in font [lmroman10-regular]:mapping=tex-text;!
Missing character: There is no ν in font [lmroman10-regular]:mapping=tex-text;!
 [360] [361] [362] [363]

! LaTeX Error: Too deeply nested.

See the LaTeX manual or LaTeX Companion for explanation.
Type  H <return>  for immediate help.
 ...                                              
                                                  
l.15236 \begin{itemize}
                       
You're in trouble here.  Try typing  <return>  to proceed.
If that doesn't work, type  X <return>  to quit.


! LaTeX Error: Too deeply nested.

See the LaTeX manual or LaTeX Companion for explanation.
Type  H <return>  for immediate help.
 ...                                              
                                                  
l.15238 \begin{itemize}
                       
You're in trouble here.  Try typing  <return>  to proceed.
If that doesn't work, type  X <return>  to quit.

[364]
Overfull \hbox (65.05739pt too wide) in paragraph at lines 15296--15300
[]
 []

[365]
Overfull \hbox (5.02588pt too wide) in paragraph at lines 15319--15320
[]\TU/lmr/bx/n/10.95 True
 []

[366] [367]
Missing character: There is no ί in font [lmmono10-regular]:!
Missing character: There is no σ in font [lmmono10-regular]:!
Missing character: There is no τ in font [lmmono10-regular]:!
Missing character: There is no ε in font [lmmono10-regular]:!
Missing character: There is no ι in font [lmmono10-regular]:!
Missing character: There is no κ in font [lmmono10-regular]:!
Missing character: There is no α in font [lmmono10-regular]:!
Missing character: There is no λ in font [lmmono10-regular]:!
Missing character: There is no ο in font [lmmono10-regular]:!
Missing character: There is no ύ in font [lmmono10-regular]:!
Missing character: There is no μ in font [lmmono10-regular]:!
Missing character: There is no ε in font [lmmono10-regular]:!
Missing character: There is no ν in font [lmmono10-regular]:!
Missing character: There is no ο in font [lmmono10-regular]:!
Missing character: There is no ς in font [lmmono10-regular]:!
Missing character: There is no Ἀ in font [lmmono10-regular]:!
Missing character: There is no β in font [lmmono10-regular]:!
Missing character: There is no ρ in font [lmmono10-regular]:!
Missing character: There is no α in font [lmmono10-regular]:!
Missing character: There is no ὰ in font [lmmono10-regular]:!
Missing character: There is no μ in font [lmmono10-regular]:!
Missing character: There is no ὑ in font [lmmono10-regular]:!
Missing character: There is no π in font [lmmono10-regular]:!
Missing character: There is no ή in font [lmmono10-regular]:!
Missing character: There is no κ in font [lmmono10-regular]:!
Missing character: There is no ο in font [lmmono10-regular]:!
Missing character: There is no υ in font [lmmono10-regular]:!
Missing character: There is no σ in font [lmmono10-regular]:!
Missing character: There is no ε in font [lmmono10-regular]:!
Missing character: There is no ν in font [lmmono10-regular]:!
Missing character: There is no ἐ in font [lmmono10-regular]:!
Missing character: There is no ξ in font [lmmono10-regular]:!
Missing character: There is no ε in font [lmmono10-regular]:!
Missing character: There is no λ in font [lmmono10-regular]:!
Missing character: There is no θ in font [lmmono10-regular]:!
Missing character: There is no ε in font [lmmono10-regular]:!
Missing character: There is no ῖ in font [lmmono10-regular]:!
Missing character: There is no ν in font [lmmono10-regular]:!
Missing character: There is no ε in font [lmmono10-regular]:!
Missing character: There is no ἰ in font [lmmono10-regular]:!
Missing character: There is no ς in font [lmmono10-regular]:!
Missing character: There is no τ in font [lmmono10-regular]:!
Missing character: There is no ό in font [lmmono10-regular]:!
Missing character: There is no π in font [lmmono10-regular]:!
Missing character: There is no ο in font [lmmono10-regular]:!
Missing character: There is no ν in font [lmmono10-regular]:!
Missing character: There is no ὃ in font [lmmono10-regular]:!
Missing character: There is no ν in font [lmmono10-regular]:!
Missing character: There is no ἤ in font [lmmono10-regular]:!
Missing character: There is no μ in font [lmmono10-regular]:!
Missing character: There is no ε in font [lmmono10-regular]:!
Missing character: There is no λ in font [lmmono10-regular]:!
Missing character: There is no λ in font [lmmono10-regular]:!
Missing character: There is no ε in font [lmmono10-regular]:!
Missing character: There is no ν in font [lmmono10-regular]:!
Missing character: There is no λ in font [lmmono10-regular]:!
Missing character: There is no α in font [lmmono10-regular]:!
Missing character: There is no μ in font [lmmono10-regular]:!
Missing character: There is no β in font [lmmono10-regular]:!
Missing character: There is no ά in font [lmmono10-regular]:!
Missing character: There is no ν in font [lmmono10-regular]:!
Missing character: There is no ε in font [lmmono10-regular]:!
Missing character: There is no ι in font [lmmono10-regular]:!
Missing character: There is no ν in font [lmmono10-regular]:!
Missing character: There is no ε in font [lmmono10-regular]:!
Missing character: There is no ἰ in font [lmmono10-regular]:!
Missing character: There is no ς in font [lmmono10-regular]:!
Missing character: There is no κ in font [lmmono10-regular]:!
Missing character: There is no λ in font [lmmono10-regular]:!
Missing character: There is no η in font [lmmono10-regular]:!
Missing character: There is no ρ in font [lmmono10-regular]:!
Missing character: There is no ο in font [lmmono10-regular]:!
Missing character: There is no ν in font [lmmono10-regular]:!
Missing character: There is no ο in font [lmmono10-regular]:!
Missing character: There is no μ in font [lmmono10-regular]:!
Missing character: There is no ί in font [lmmono10-regular]:!
Missing character: There is no α in font [lmmono10-regular]:!
Missing character: There is no ν in font [lmmono10-regular]:!
Missing character: There is no κ in font [lmmono10-regular]:!
Missing character: There is no α in font [lmmono10-regular]:!
Missing character: There is no ὶ in font [lmmono10-regular]:!
Missing character: There is no ἐ in font [lmmono10-regular]:!
Missing character: There is no ξ in font [lmmono10-regular]:!
Missing character: There is no ῆ in font [lmmono10-regular]:!
Missing character: There is no λ in font [lmmono10-regular]:!
Missing character: There is no θ in font [lmmono10-regular]:!
Missing character: There is no ε in font [lmmono10-regular]:!
Missing character: There is no ν in font [lmmono10-regular]:!
Missing character: There is no μ in font [lmmono10-regular]:!
Missing character: There is no ὴ in font [lmmono10-regular]:!
Missing character: There is no ἐ in font [lmmono10-regular]:!
Missing character: There is no π in font [lmmono10-regular]:!
Missing character: There is no ι in font [lmmono10-regular]:!
Missing character: There is no σ in font [lmmono10-regular]:!
Missing character: There is no τ in font [lmmono10-regular]:!
Missing character: There is no ά in font [lmmono10-regular]:!
Missing character: There is no μ in font [lmmono10-regular]:!
Missing character: There is no ε in font [lmmono10-regular]:!
Missing character: There is no ν in font [lmmono10-regular]:!
Missing character: There is no ο in font [lmmono10-regular]:!
Missing character: There is no ς in font [lmmono10-regular]:!
Missing character: There is no π in font [lmmono10-regular]:!
Missing character: There is no ο in font [lmmono10-regular]:!
Missing character: There is no ῦ in font [lmmono10-regular]:!
Missing character: There is no ἔ in font [lmmono10-regular]:!
Missing character: There is no ρ in font [lmmono10-regular]:!
Missing character: There is no χ in font [lmmono10-regular]:!
Missing character: There is no ε in font [lmmono10-regular]:!
Missing character: There is no τ in font [lmmono10-regular]:!
Missing character: There is no α in font [lmmono10-regular]:!
Missing character: There is no ι in font [lmmono10-regular]:!
 [368]
Overfull \hbox (28.85004pt too wide) in paragraph at lines 15489--15490
[]\TU/lmr/m/n/10.95 Being ’[]philos with (friends with, allured by, attracted t
o)[]’, money , self, pleasure, rather than ([][[strongs:G3123][(G3123
 []


Overfull \hbox (52.77881pt too wide) in paragraph at lines 15512--15513
[]
 []

[369] [370] [371] [372]
Overfull \hbox (134.03874pt too wide) in paragraph at lines 15646--15647
[]
 []

[373] [374]
Missing character: There is no ḗ in font [lmroman10-regular]:mapping=tex-text;!
Missing character: There is no ḗ in font [lmroman10-regular]:mapping=tex-text;!
Missing character: There is no ḗ in font [lmroman10-bold]:mapping=tex-text;!
Missing character: There is no ḗ in font [lmroman10-bold]:mapping=tex-text;!
Missing character: There is no ḗ in font [lmroman10-regular]:mapping=tex-text;!
Missing character: There is no ḗ in font [lmroman10-regular]:mapping=tex-text;!
 [375] [376] [377]
Overfull \hbox (187.38287pt too wide) in paragraph at lines 15864--15877
[]
 []

[378]
Overfull \hbox (163.66214pt too wide) in paragraph at lines 15910--15923
[]
 []

[379] [380] [381]
Overfull \hbox (203.29681pt too wide) in paragraph at lines 16046--16052
[]
 []

[382] [383]
Missing character: There is no ḇ in font [lmroman10-regular]:mapping=tex-text;!
 [384] [385] [386] [387] [388]
Missing character: There is no ό in font [lmmono10-regular]:!
Missing character: There is no ξ in font [lmmono10-regular]:!
Missing character: There is no α in font [lmmono10-regular]:!
Missing character: There is no ἐ in font [lmmono10-regular]:!
Missing character: There is no ν in font [lmmono10-regular]:!
Missing character: There is no ὑ in font [lmmono10-regular]:!
Missing character: There is no ψ in font [lmmono10-regular]:!
Missing character: There is no ί in font [lmmono10-regular]:!
Missing character: There is no σ in font [lmmono10-regular]:!
Missing character: There is no τ in font [lmmono10-regular]:!
Missing character: There is no ο in font [lmmono10-regular]:!
Missing character: There is no ι in font [lmmono10-regular]:!
Missing character: There is no ς in font [lmmono10-regular]:!
Missing character: There is no ε in font [lmmono10-regular]:!
Missing character: There is no ῷ in font [lmmono10-regular]:!
Missing character: There is no κ in font [lmmono10-regular]:!
Missing character: There is no α in font [lmmono10-regular]:!
Missing character: There is no ὶ in font [lmmono10-regular]:!
Missing character: There is no ἐ in font [lmmono10-regular]:!
Missing character: There is no π in font [lmmono10-regular]:!
Missing character: There is no ὶ in font [lmmono10-regular]:!
Missing character: There is no γ in font [lmmono10-regular]:!
Missing character: There is no ῆ in font [lmmono10-regular]:!
Missing character: There is no ς in font [lmmono10-regular]:!
Missing character: There is no ε in font [lmmono10-regular]:!
Missing character: There is no ἰ in font [lmmono10-regular]:!
Missing character: There is no ρ in font [lmmono10-regular]:!
Missing character: There is no ή in font [lmmono10-regular]:!
Missing character: There is no ν in font [lmmono10-regular]:!
Missing character: There is no η in font [lmmono10-regular]:!
Missing character: There is no ἐ in font [lmmono10-regular]:!
Missing character: There is no ν in font [lmmono10-regular]:!
Missing character: There is no ἀ in font [lmmono10-regular]:!
Missing character: There is no ν in font [lmmono10-regular]:!
Missing character: There is no θ in font [lmmono10-regular]:!
Missing character: There is no ρ in font [lmmono10-regular]:!
Missing character: There is no ώ in font [lmmono10-regular]:!
Missing character: There is no π in font [lmmono10-regular]:!
Missing character: There is no ο in font [lmmono10-regular]:!
Missing character: There is no ι in font [lmmono10-regular]:!
Missing character: There is no ς in font [lmmono10-regular]:!
Missing character: There is no ε in font [lmmono10-regular]:!
Missing character: There is no ὐ in font [lmmono10-regular]:!
Missing character: There is no δ in font [lmmono10-regular]:!
Missing character: There is no ο in font [lmmono10-regular]:!
Missing character: There is no κ in font [lmmono10-regular]:!
Missing character: There is no ί in font [lmmono10-regular]:!
Missing character: There is no α in font [lmmono10-regular]:!
Missing character: There is no ς in font [lmmono10-regular]:!
 [389] [390] [391] [392] [393]
[394] [395] [396] [397] [398]
Overfull \hbox (14.57535pt too wide) in paragraph at lines 16885--16886
|   []   |   []   |   []   |   []   |   []   |   []   |   []   |   []   |   [] 
  |   []
 []

[399] [400] [401] [402] [403] [404] [405] [406] [407] [408] [409] [410]
[411] [412]
Overfull \hbox (3.5243pt too wide) in paragraph at lines 17484--17491
[]\TU/lmr/m/n/10.95 Lord, You know that we love You;
 []

[413]
Overfull \hbox (144.85367pt too wide) in paragraph at lines 17494--17499
[]
 []


Overfull \hbox (76.40157pt too wide) in paragraph at lines 17508--17509
[]
 []

[414] [415] [416] [417] [418]
Missing character: There is no δ in font [lmroman10-regular]:mapping=tex-text;!
Missing character: There is no ί in font [lmroman10-regular]:mapping=tex-text;!
Missing character: There is no κ in font [lmroman10-regular]:mapping=tex-text;!
Missing character: There is no α in font [lmroman10-regular]:mapping=tex-text;!
Missing character: There is no ι in font [lmroman10-regular]:mapping=tex-text;!
Missing character: There is no ο in font [lmroman10-regular]:mapping=tex-text;!
Missing character: There is no ν in font [lmroman10-regular]:mapping=tex-text;!
 [419] [420] [421] [422] [423] [424]

! LaTeX Error: Too deeply nested.

See the LaTeX manual or LaTeX Companion for explanation.
Type  H <return>  for immediate help.
 ...                                              
                                                  
l.17951 \begin{itemize}
                       
You're in trouble here.  Try typing  <return>  to proceed.
If that doesn't work, type  X <return>  to quit.


! LaTeX Error: Too deeply nested.

See the LaTeX manual or LaTeX Companion for explanation.
Type  H <return>  for immediate help.
 ...                                              
                                                  
l.17953 \begin{itemize}
                       
You're in trouble here.  Try typing  <return>  to proceed.
If that doesn't work, type  X <return>  to quit.

[425]
Overfull \hbox (9.15128pt too wide) in paragraph at lines 17999--18000
[][]\TU/lmr/bx/n/10.95 I Corinthians 10:6-12[] \TU/lmr/m/n/10.95 - Now these th
ings took place as examples for us, |   []   |   []   |   []
 []

[426]
Missing character: There is no י in font [lmmono10-regular]:!
Missing character: There is no ר in font [lmmono10-regular]:!
Missing character: There is no א in font [lmmono10-regular]:!
Missing character: There is no י in font [lmmono10-regular]:!
Missing character: There is no ､ in font [lmmono10-regular]:!
Missing character: There is no י in font [lmmono10-regular]:!
Missing character: There is no ה in font [lmmono10-regular]:!
Missing character: There is no ו in font [lmmono10-regular]:!
Missing character: There is no ה in font [lmmono10-regular]:!
Missing character: There is no ב in font [lmmono10-regular]:!
Missing character: There is no ט in font [lmmono10-regular]:!
Missing character: There is no ח in font [lmmono10-regular]:!
Missing character: There is no ו in font [lmmono10-regular]:!
Missing character: There is no ב in font [lmmono10-regular]:!
Missing character: There is no י in font [lmmono10-regular]:!
Missing character: There is no ה in font [lmmono10-regular]:!
Missing character: There is no ו in font [lmmono10-regular]:!
Missing character: There is no ה in font [lmmono10-regular]:!
Missing character: There is no ḡ in font [lmmono10-regular]:!
Missing character: There is no ע in font [lmmono10-regular]:!
Missing character: There is no ז in font [lmmono10-regular]:!
Missing character: There is no ר in font [lmmono10-regular]:!
Missing character: There is no ם in font [lmmono10-regular]:!
Missing character: There is no ו in font [lmmono10-regular]:!
Missing character: There is no מ in font [lmmono10-regular]:!
Missing character: There is no ג in font [lmmono10-regular]:!
Missing character: There is no נ in font [lmmono10-regular]:!
Missing character: There is no ם in font [lmmono10-regular]:!
Missing character: There is no ה in font [lmmono10-regular]:!
Missing character: There is no ו in font [lmmono10-regular]:!
Missing character: There is no א in font [lmmono10-regular]:!
Missing character: There is no ׃ in font [lmmono10-regular]:!
 [427]
Missing character: There is no ḇ in font [lmroman10-regular]:mapping=tex-text;!
 [428] [429] [430] [431] [432]
Overfull \hbox (9.15128pt too wide) in paragraph at lines 18267--18268
[][]\TU/lmr/bx/n/10.95 I Corinthians 10:6-12[] \TU/lmr/m/n/10.95 - Now these th
ings took place as examples for us, |   []   |   []   |   []
 []

[433] [434] [435] [436] [437] [438] [439] [440] [441] [442] [443] [444]
[445] [446] [447] [448] [449] [450] [451] [452] [453] [454] [455]
Overfull \hbox (131.88162pt too wide) in paragraph at lines 19126--19127
\TU/lmr/m/n/10.95 causes of sin and all law-breakers |   [],
 []

[456] [457] [458] [459] [460] [461] [462] [463]
Overfull \hbox (4.07689pt too wide) in paragraph at lines 19484--19485
[]
 []


Overfull \hbox (4.07689pt too wide) in paragraph at lines 19486--19488
[]
 []

[464] [465] [466]
Overfull \hbox (52.77881pt too wide) in paragraph at lines 19580--19581
[]
 []

[467]
Missing character: There is no ε in font [lmmono10-regular]:!
Missing character: There is no ἶ in font [lmmono10-regular]:!
Missing character: There is no π in font [lmmono10-regular]:!
Missing character: There is no ο in font [lmmono10-regular]:!
Missing character: There is no ν in font [lmmono10-regular]:!
Missing character: There is no ο in font [lmmono10-regular]:!
Missing character: There is no ὖ in font [lmmono10-regular]:!
Missing character: There is no ν in font [lmmono10-regular]:!
Missing character: There is no ὑ in font [lmmono10-regular]:!
Missing character: There is no μ in font [lmmono10-regular]:!
Missing character: There is no ῖ in font [lmmono10-regular]:!
Missing character: There is no ν in font [lmmono10-regular]:!
Missing character: There is no ὅ in font [lmmono10-regular]:!
Missing character: There is no τ in font [lmmono10-regular]:!
Missing character: There is no ι in font [lmmono10-regular]:!
Missing character: There is no ἀ in font [lmmono10-regular]:!
Missing character: There is no π in font [lmmono10-regular]:!
Missing character: There is no ο in font [lmmono10-regular]:!
Missing character: There is no θ in font [lmmono10-regular]:!
Missing character: There is no α in font [lmmono10-regular]:!
Missing character: There is no ν in font [lmmono10-regular]:!
Missing character: There is no ε in font [lmmono10-regular]:!
Missing character: There is no ῖ in font [lmmono10-regular]:!
Missing character: There is no σ in font [lmmono10-regular]:!
Missing character: There is no θ in font [lmmono10-regular]:!
Missing character: There is no ε in font [lmmono10-regular]:!
Missing character: There is no ἐ in font [lmmono10-regular]:!
Missing character: There is no ν in font [lmmono10-regular]:!
Missing character: There is no τ in font [lmmono10-regular]:!
Missing character: There is no α in font [lmmono10-regular]:!
Missing character: There is no ῖ in font [lmmono10-regular]:!
Missing character: There is no ς in font [lmmono10-regular]:!
 [468]
Missing character: There is no ἁ in font [lmmono10-regular]:!
Missing character: There is no μ in font [lmmono10-regular]:!
Missing character: There is no α in font [lmmono10-regular]:!
Missing character: There is no ρ in font [lmmono10-regular]:!
Missing character: There is no τ in font [lmmono10-regular]:!
Missing character: There is no ί in font [lmmono10-regular]:!
Missing character: There is no α in font [lmmono10-regular]:!
Missing character: There is no ι in font [lmmono10-regular]:!
Missing character: There is no ς in font [lmmono10-regular]:!
Missing character: There is no ὑ in font [lmmono10-regular]:!
Missing character: There is no μ in font [lmmono10-regular]:!
Missing character: There is no ῶ in font [lmmono10-regular]:!
Missing character: There is no ν in font [lmmono10-regular]:!
Missing character: There is no ἐ in font [lmmono10-regular]:!
Missing character: There is no ὰ in font [lmmono10-regular]:!
Missing character: There is no ν in font [lmmono10-regular]:!
Missing character: There is no γ in font [lmmono10-regular]:!
Missing character: There is no ὰ in font [lmmono10-regular]:!
Missing character: There is no ρ in font [lmmono10-regular]:!
Missing character: There is no μ in font [lmmono10-regular]:!
Missing character: There is no ὴ in font [lmmono10-regular]:!
Missing character: There is no π in font [lmmono10-regular]:!
Missing character: There is no ι in font [lmmono10-regular]:!
Missing character: There is no σ in font [lmmono10-regular]:!
Missing character: There is no τ in font [lmmono10-regular]:!
Missing character: There is no ε in font [lmmono10-regular]:!
Missing character: There is no ύ in font [lmmono10-regular]:!
Missing character: There is no σ in font [lmmono10-regular]:!
Missing character: There is no η in font [lmmono10-regular]:!
Missing character: There is no τ in font [lmmono10-regular]:!
Missing character: There is no ε in font [lmmono10-regular]:!
Missing character: There is no ὅ in font [lmmono10-regular]:!
Missing character: There is no τ in font [lmmono10-regular]:!
Missing character: There is no ι in font [lmmono10-regular]:!
Missing character: There is no ἐ in font [lmmono10-regular]:!
Missing character: There is no γ in font [lmmono10-regular]:!
Missing character: There is no ώ in font [lmmono10-regular]:!
Missing character: There is no ε in font [lmmono10-regular]:!
Missing character: There is no ἰ in font [lmmono10-regular]:!
Missing character: There is no μ in font [lmmono10-regular]:!
Missing character: There is no ι in font [lmmono10-regular]:!
Missing character: There is no ἀ in font [lmmono10-regular]:!
Missing character: There is no π in font [lmmono10-regular]:!
Missing character: There is no ο in font [lmmono10-regular]:!
Missing character: There is no θ in font [lmmono10-regular]:!
Missing character: There is no α in font [lmmono10-regular]:!
Missing character: There is no ν in font [lmmono10-regular]:!
Missing character: There is no ε in font [lmmono10-regular]:!
Missing character: There is no ῖ in font [lmmono10-regular]:!
Missing character: There is no σ in font [lmmono10-regular]:!
Missing character: There is no θ in font [lmmono10-regular]:!
Missing character: There is no ε in font [lmmono10-regular]:!
Missing character: There is no ἐ in font [lmmono10-regular]:!
Missing character: There is no ν in font [lmmono10-regular]:!
Missing character: There is no τ in font [lmmono10-regular]:!
Missing character: There is no α in font [lmmono10-regular]:!
Missing character: There is no ῖ in font [lmmono10-regular]:!
Missing character: There is no ς in font [lmmono10-regular]:!
Missing character: There is no ἁ in font [lmmono10-regular]:!
Missing character: There is no μ in font [lmmono10-regular]:!
Missing character: There is no α in font [lmmono10-regular]:!
Missing character: There is no ρ in font [lmmono10-regular]:!
Missing character: There is no τ in font [lmmono10-regular]:!
Missing character: There is no ί in font [lmmono10-regular]:!
Missing character: There is no α in font [lmmono10-regular]:!
Missing character: There is no ι in font [lmmono10-regular]:!
Missing character: There is no ς in font [lmmono10-regular]:!
Missing character: There is no ὑ in font [lmmono10-regular]:!
Missing character: There is no μ in font [lmmono10-regular]:!
Missing character: There is no ῶ in font [lmmono10-regular]:!
Missing character: There is no ν in font [lmmono10-regular]:!
Missing character: There is no ἶ in font [lmmono10-regular]:!
Missing character: There is no π in font [lmmono10-regular]:!
Missing character: There is no ε in font [lmmono10-regular]:!
Missing character: There is no ν in font [lmmono10-regular]:!
Missing character: There is no α in font [lmmono10-regular]:!
Missing character: There is no ὐ in font [lmmono10-regular]:!
Missing character: There is no τ in font [lmmono10-regular]:!
Missing character: There is no ο in font [lmmono10-regular]:!
Missing character: There is no ῖ in font [lmmono10-regular]:!
Missing character: There is no ς in font [lmmono10-regular]:!
Missing character: There is no Ἰ in font [lmmono10-regular]:!
Missing character: There is no η in font [lmmono10-regular]:!
Missing character: There is no σ in font [lmmono10-regular]:!
Missing character: There is no ο in font [lmmono10-regular]:!
Missing character: There is no ῦ in font [lmmono10-regular]:!
Missing character: There is no ς in font [lmmono10-regular]:!
Missing character: There is no Ἀ in font [lmmono10-regular]:!
Missing character: There is no μ in font [lmmono10-regular]:!
Missing character: There is no ὴ in font [lmmono10-regular]:!
Missing character: There is no ν in font [lmmono10-regular]:!
Missing character: There is no ἀ in font [lmmono10-regular]:!
Missing character: There is no μ in font [lmmono10-regular]:!
Missing character: There is no ὴ in font [lmmono10-regular]:!
Missing character: There is no ν in font [lmmono10-regular]:!
Missing character: There is no λ in font [lmmono10-regular]:!
Missing character: There is no έ in font [lmmono10-regular]:!
Missing character: There is no γ in font [lmmono10-regular]:!
Missing character: There is no ω in font [lmmono10-regular]:!
Missing character: There is no ὑ in font [lmmono10-regular]:!
Missing character: There is no μ in font [lmmono10-regular]:!
Missing character: There is no ῖ in font [lmmono10-regular]:!
Missing character: There is no ν in font [lmmono10-regular]:!
Missing character: There is no π in font [lmmono10-regular]:!
Missing character: There is no ρ in font [lmmono10-regular]:!
Missing character: There is no ὶ in font [lmmono10-regular]:!
Missing character: There is no ν in font [lmmono10-regular]:!
Missing character: There is no Ἀ in font [lmmono10-regular]:!
Missing character: There is no β in font [lmmono10-regular]:!
Missing character: There is no ρ in font [lmmono10-regular]:!
Missing character: There is no α in font [lmmono10-regular]:!
Missing character: There is no ὰ in font [lmmono10-regular]:!
Missing character: There is no μ in font [lmmono10-regular]:!
Missing character: There is no γ in font [lmmono10-regular]:!
Missing character: There is no ε in font [lmmono10-regular]:!
Missing character: There is no ν in font [lmmono10-regular]:!
Missing character: There is no έ in font [lmmono10-regular]:!
Missing character: There is no σ in font [lmmono10-regular]:!
Missing character: There is no θ in font [lmmono10-regular]:!
Missing character: There is no α in font [lmmono10-regular]:!
Missing character: There is no ι in font [lmmono10-regular]:!
Missing character: There is no ἐ in font [lmmono10-regular]:!
Missing character: There is no γ in font [lmmono10-regular]:!
Missing character: There is no ὼ in font [lmmono10-regular]:!
Missing character: There is no ε in font [lmmono10-regular]:!
Missing character: There is no ἰ in font [lmmono10-regular]:!
Missing character: There is no μ in font [lmmono10-regular]:!
Missing character: There is no ί in font [lmmono10-regular]:!
 [469] [470] [471]
Overfull \hbox (197.24576pt too wide) in paragraph at lines 19848--19853
[]
 []

[472] [473]
Overfull \hbox (0.9379pt too wide) in paragraph at lines 19935--19959
[]\TU/lmr/m/n/10.95 What is the
 []

[474]
Overfull \hbox (109.1311pt too wide) in paragraph at lines 19978--19997
[]
 []

[475] [476]
Missing character: There is no ḵ in font [lmroman10-regular]:mapping=tex-text;!
 [477]
Missing character: There is no ḵ in font [lmroman10-regular]:mapping=tex-text;!

Overfull \hbox (255.95018pt too wide) in paragraph at lines 20108--20111
[]
 []

[478] [479]
Overfull \hbox (68.85341pt too wide) in paragraph at lines 20206--20207
[]
 []

[480]
Overfull \hbox (5.69847pt too wide) in paragraph at lines 20235--20236
[]\TU/lmr/m/n/10.95 I commented, ”I
 []

[481] [482] [483] [484] [485] [486] [487] [488] [489] [490] [491] [492]
[493] [494]
Missing character: There is no ἀ in font [lmroman10-regular]:mapping=tex-text;!
Missing character: There is no π in font [lmroman10-regular]:mapping=tex-text;!
Missing character: There is no ο in font [lmroman10-regular]:mapping=tex-text;!
Missing character: There is no σ in font [lmroman10-regular]:mapping=tex-text;!
Missing character: There is no τ in font [lmroman10-regular]:mapping=tex-text;!
Missing character: There is no ρ in font [lmroman10-regular]:mapping=tex-text;!
Missing character: There is no ε in font [lmroman10-regular]:mapping=tex-text;!
Missing character: There is no φ in font [lmroman10-regular]:mapping=tex-text;!
Missing character: There is no ό in font [lmroman10-regular]:mapping=tex-text;!
Missing character: There is no μ in font [lmroman10-regular]:mapping=tex-text;!
Missing character: There is no ε in font [lmroman10-regular]:mapping=tex-text;!
Missing character: There is no ν in font [lmroman10-regular]:mapping=tex-text;!
Missing character: There is no ο in font [lmroman10-regular]:mapping=tex-text;!
Missing character: There is no ι in font [lmroman10-regular]:mapping=tex-text;!
 [495] [496] [497]
Overfull \hbox (203.63693pt too wide) in paragraph at lines 20915--20934
[]
 []

[498]
Overfull \hbox (7.26698pt too wide) in paragraph at lines 20959--20982
[]\TU/lmr/m/n/10.95 This
 []

[499] [500] [501] [502] [503] [504] [505] [506] [507] [508] [509] [510]
[511]
Overfull \hbox (370.81783pt too wide) in paragraph at lines 21614--21615
|   []
 []

[512]
Overfull \hbox (393.7617pt too wide) in paragraph at lines 21647--21648
[]
 []

[513] [514] [515] [516] [517] [518] [519] [520] [521]
Overfull \hbox (78.50403pt too wide) in paragraph at lines 22052--22053
[]
 []

[522] [523]
Overfull \hbox (7.14656pt too wide) in paragraph at lines 22167--22171
[]\TU/lmr/m/n/10.95 Purify my heart.
 []

[524] [525]
Overfull \hbox (15.30063pt too wide) in paragraph at lines 22288--22308
[]
 []

[526] [527]
Overfull \hbox (105.35342pt too wide) in paragraph at lines 22367--22371
[]
 []

[528] [529] [530] [531] [532]
Overfull \hbox (126.8628pt too wide) in paragraph at lines 22639--22658
[]
 []

[533]
Overfull \hbox (331.19707pt too wide) in paragraph at lines 22708--22709
[]
 []

[534] [535] [536] [537] [538] [539]
Overfull \hbox (61.59361pt too wide) in paragraph at lines 22956--22956
[] \TU/lmtt/m/n/10.95 3  I (G1473 egō) lives (G2198 zē) however (G1161 de) in (
G1722 en) me G1473 emoi Christ (G5547 Christos)[] 
 []


Overfull \hbox (27.10112pt too wide) in paragraph at lines 22956--22956
[] \TU/lmtt/m/n/10.95 9        that (G3588 tē) from the (G3588 tou) Son (G5207 
Huiou) - (G3588 tou) of God (G2316 Theou)[] 
 []

[540] [541] [542] [543] [544] [545] [546] [547] [548] [549] [550] [551]
[552] [553] [554] [555]
Overfull \hbox (155.88765pt too wide) in paragraph at lines 23592--23593
[]
 []

[556] [557] [558]
Overfull \hbox (27.52448pt too wide) in paragraph at lines 23720--23721
[]
 []

[559] [560] [561] [562] [563] [564] [565] [566] [567]
Missing character: There is no ο in font [lmroman10-regular]:mapping=tex-text;!
Missing character: There is no ὐ in font [lmroman10-regular]:mapping=tex-text;!
Missing character: There is no μ in font [lmroman10-regular]:mapping=tex-text;!
Missing character: There is no ή in font [lmroman10-regular]:mapping=tex-text;!
 [568] [569]
Missing character: There is no 细 in font [lmroman10-regular]:mapping=tex-text;!
Missing character: There is no 罗 in font [lmroman10-regular]:mapping=tex-text;!
Missing character: There is no 音 in font [lmroman10-regular]:mapping=tex-text;!
Missing character: There is no 乐 in font [lmroman10-regular]:mapping=tex-text;!
Missing character: There is no 小 in font [lmroman10-regular]:mapping=tex-text;!
Missing character: There is no 组 in font [lmroman10-regular]:mapping=tex-text;!

Overfull \hbox (86.83698pt too wide) in paragraph at lines 24149--24160
[]
 []

[570] [571] [572] [573] [574] [575] [576] [577] [578] [579] [580] [581]
[582] [583] [584] [585] [586] [587]
Overfull \hbox (50.58153pt too wide) in paragraph at lines 24885--24888
[]
 []

[588] [589] [590]
Overfull \hbox (7.26698pt too wide) in paragraph at lines 25022--25045
[]\TU/lmr/m/n/10.95 This
 []

[591]
Overfull \hbox (50.58153pt too wide) in paragraph at lines 25068--25071
[]
 []

[592] [593] [594] [595]
Overfull \hbox (65.63412pt too wide) in paragraph at lines 25287--25307
[]
 []

[596] [597] [598]
Overfull \hbox (76.89072pt too wide) in paragraph at lines 25415--25419
[]
 []

[599] [600] [601] [602] [603] [604] [605] [606] [607] [608] [609] [610]
[611]
Overfull \hbox (387.46916pt too wide) in paragraph at lines 26012--26028
[]
 []

[612]
Overfull \hbox (387.46916pt too wide) in paragraph at lines 26117--26139
[]
 []

[613] [614] [615] [616] [617] [618] [619] [620] [621] [622] [623] [624]
[625] [626] [627]
Overfull \hbox (4.67505pt too wide) in paragraph at lines 26818--26819
[]\TU/lmr/m/n/10.95 Commented, ’Satan also ”over-encumbers you” too, I think
 []

[628] [629] [630] [631] [632]
Missing character: There is no π in font [lmroman10-regular]:mapping=tex-text;!
Missing character: There is no ι in font [lmroman10-regular]:mapping=tex-text;!
Missing character: There is no σ in font [lmroman10-regular]:mapping=tex-text;!
Missing character: There is no τ in font [lmroman10-regular]:mapping=tex-text;!
Missing character: There is no ε in font [lmroman10-regular]:mapping=tex-text;!
Missing character: There is no ύ in font [lmroman10-regular]:mapping=tex-text;!
Missing character: There is no ω in font [lmroman10-regular]:mapping=tex-text;!
Missing character: There is no ν in font [lmroman10-regular]:mapping=tex-text;!
Missing character: There is no π in font [lmroman10-regular]:mapping=tex-text;!
Missing character: There is no ι in font [lmroman10-regular]:mapping=tex-text;!
Missing character: There is no σ in font [lmroman10-regular]:mapping=tex-text;!
Missing character: There is no τ in font [lmroman10-regular]:mapping=tex-text;!
Missing character: There is no ε in font [lmroman10-regular]:mapping=tex-text;!
Missing character: There is no ύ in font [lmroman10-regular]:mapping=tex-text;!
Missing character: There is no ω in font [lmroman10-regular]:mapping=tex-text;!
 [633] [634] [635] [636] [637]
Missing character: There is no 🇵 in font [lmroman10-bold]:mapping=tex-text;!
Missing character: There is no 🇰 in font [lmroman10-bold]:mapping=tex-text;!

Overfull \hbox (65.27644pt too wide) in paragraph at lines 27251--27256
[]
 []

[638]
Overfull \hbox (13.46472pt too wide) in paragraph at lines 27257--27264
[]\TU/lmr/m/n/10.95 And this is a mes-
 []

[639]
Overfull \hbox (27.52448pt too wide) in paragraph at lines 27389--27390
[]
 []

[640] [641]
Overfull \hbox (73.86867pt too wide) in paragraph at lines 27438--27439
\TU/lmr/m/n/10.95 ings/commandments and we have to not pervert the oracles of G
od but continue abiding in the teachings/doctrines/commandments
 []

[642] [643] [644]
Overfull \hbox (441.01103pt too wide) in paragraph at lines 27608--27608
[] \TU/lmtt/m/n/10.95 6  Grace has no prerequisites. It doesn’t wait for perfec
tion—it meets us in our brokenness and calls us righteous through Christ’s sacr
ifice. When we stop trying to earn[] 
 []


Overfull \hbox (464.00603pt too wide) in paragraph at lines 27608--27608
[] \TU/lmtt/m/n/10.95 9  The cross is not a ladder we climb; it’s the bridge al
ready built. Today, let grace quiet your inner critic and remind you that you a
re fully accepted, fully forgiven, and[] 
 []


Overfull \hbox (429.51353pt too wide) in paragraph at lines 27608--27608
[]\TU/lmtt/m/n/10.95 14  Heavenly Father, thank You for the gift of grace that 
I could never earn. Help me to rest in the redemption found in Christ Jesus and
 to live each day with gratitude[] 
 []


Overfull \hbox (458.25728pt too wide) in paragraph at lines 27608--27608
[]\TU/lmtt/m/n/10.95 17  Teach me to extend the same grace to others that You’v
e so freely given to me. May my heart reflect Your mercy, and my life point oth
ers to Your redeeming love. In Jesus’[] 
 []

[645] [646]
Overfull \hbox (720.36732pt too wide) in paragraph at lines 27676--27677
|   []
 []

[647]
Overfull \hbox (61.31995pt too wide) in paragraph at lines 27698--27699
|   []
 []

[648]
Overfull \hbox (2.31276pt too wide) in paragraph at lines 27790--27791
[]\TU/lmr/m/n/10.95 I don’t believe you
 []

[649] [650]
Overfull \hbox (90.1621pt too wide) in paragraph at lines 27845--27859
[]
 []


Overfull \hbox (15.69484pt too wide) in paragraph at lines 27860--27878
[]
 []


Overfull \hbox (214.65263pt too wide) in paragraph at lines 27887--27908
[]
 []


Overfull \hbox (133.50214pt too wide) in paragraph at lines 27909--27910
[]
 []

[651]
Overfull \hbox (16.1511pt too wide) in paragraph at lines 27925--27932
[]\TU/lmr/m/n/10.95 Re-pent. Re-
 []

[652]
Overfull \hbox (2.68991pt too wide) in paragraph at lines 28010--28022
[]\TU/lmr/m/n/10.95 Love for God is the be-
 []


Overfull \hbox (83.49358pt too wide) in paragraph at lines 28037--28038
[]
 []

[653] [654] [655] [656]
Overfull \hbox (10.36948pt too wide) in paragraph at lines 28163--28165
[]
 []

[657] [658]
Overfull \hbox (148.64604pt too wide) in paragraph at lines 28272--28287
[]
 []

[659] [660] [661] [662] [663] [664] [665] [666] [667] [668] [669]
Missing character: There is no δ in font [lmroman10-regular]:mapping=tex-text;!
Missing character: There is no ι in font [lmroman10-regular]:mapping=tex-text;!
Missing character: There is no α in font [lmroman10-regular]:mapping=tex-text;!
Missing character: There is no κ in font [lmroman10-regular]:mapping=tex-text;!
Missing character: There is no ρ in font [lmroman10-regular]:mapping=tex-text;!
Missing character: There is no ί in font [lmroman10-regular]:mapping=tex-text;!
Missing character: There is no ν in font [lmroman10-regular]:mapping=tex-text;!
Missing character: There is no ω in font [lmroman10-regular]:mapping=tex-text;!
 [670]
Overfull \hbox (80.29248pt too wide) in paragraph at lines 28822--28838
[]
 []

[671]
Overfull \hbox (123.59975pt too wide) in paragraph at lines 28874--28879
[]
 []


Overfull \hbox (12.76611pt too wide) in paragraph at lines 28884--28892
[]\TU/lmr/m/n/10.95 Hey guys, I’m ”Re-
 []

[672] [673] [674]

LaTeX Warning: Hyper reference `sec:orgcc9e61d' on page 675 undefined on input 
line 29278.

[675] [676] [677] [678] [679]
Underfull \hbox (badness 2521) in paragraph at lines 29512--29512
\TU/lmr/m/n/10.95 Him obeying Jesus’ command-
 []


Underfull \hbox (badness 2245) in paragraph at lines 29518--29518
\TU/lmr/m/n/10.95 ([]G4100 pisteuōn[] - \TU/lmr/m/it/10.95 is believing
 []


Underfull \hbox (badness 1394) in paragraph at lines 29520--29520
[][]\TU/lmr/bx/n/10.95 Luke 18:22-24[] \TU/lmr/m/n/10.95 - When Jesus
 []


Underfull \hbox (badness 1394) in paragraph at lines 29521--29521
[][]\TU/lmr/bx/n/10.95 Luke 18:22-24[] \TU/lmr/m/n/10.95 - When Jesus
 []

[680] [681]
Overfull \vbox (1067.40063pt too high) has occurred while \output is active []


[682]
Underfull \hbox (badness 5533) in paragraph at lines 29530--29530
[]\TU/lmr/m/n/10.95 Obediently obey Jesus’s com-
 []


Underfull \hbox (badness 1168) in paragraph at lines 29530--29530
[][]\TU/lmr/bx/n/10.95 I Peter 1:22[] \TU/lmr/m/n/10.95 - Having \TU/lmr/bx/n/1
0.95 puri-
 []


Underfull \hbox (badness 2065) in paragraph at lines 29531--29531
\TU/lmr/m/n/10.95 the appearing of the glory of
 []


Underfull \hbox (badness 1642) in paragraph at lines 29536--29536
[][]\TU/lmr/bx/n/10.95 Galatians 3:22-27[] \TU/lmr/m/n/10.95 - But the
 []


Underfull \hbox (badness 1400) in paragraph at lines 29536--29536
\TU/lmr/m/n/10.95 Scripture imprisoned everything
 []


Underfull \hbox (badness 1424) in paragraph at lines 29537--29537
\TU/lmr/bx/n/10.95 8:13-23[] \TU/lmr/m/n/10.95 - |   []   |   []   |   []
 []


Overfull \vbox (1393.80078pt too high) has occurred while \output is active []


[683]
Underfull \hbox (badness 1184) in paragraph at lines 29546--29546
\TU/lmr/m/n/10.95 believe He exists, be corrected
 []


Underfull \hbox (badness 1931) in paragraph at lines 29546--29546
\TU/lmr/m/n/10.95 no one. But each person is
 []


Underfull \hbox (badness 1043) in paragraph at lines 29548--29548
\TU/lmr/m/n/10.95 from Father God. Have faith
 []


Underfull \hbox (badness 1163) in paragraph at lines 29552--29552
\TU/lmr/m/n/10.95 from him: whoever loves God
 []


Overfull \vbox (1244.20073pt too high) has occurred while \output is active []


[684]
Underfull \hbox (badness 3291) in paragraph at lines 29562--29562
\TU/lmr/m/n/10.95 did God love ([]G25 agapaó[] -
 []


Overfull \vbox (183.40038pt too high) has occurred while \output is active []


[685]
Underfull \hbox (badness 1215) in paragraph at lines 29571--29571
\TU/lmr/m/n/10.95 to the Jews |   []   |   []   |   []
 []


Underfull \hbox (badness 3547) in paragraph at lines 29574--29574
|   []   |   []   |   []   |   []
 []


Underfull \hbox (badness 10000) in paragraph at lines 29575--29575
[][]\TU/lmr/bx/n/10.95 I Corinthians 10:6-12[] \TU/lmr/m/n/10.95 -
 []


Underfull \hbox (badness 5331) in paragraph at lines 29575--29575
\TU/lmr/m/n/10.95 Now these things took place
 []


Underfull \hbox (badness 3701) in paragraph at lines 29575--29575
\TU/lmr/m/n/10.95 as examples for us, |   []   |   []
 []


Underfull \hbox (badness 2277) in paragraph at lines 29575--29575
|   []   |   []   |   []
 []


Underfull \hbox (badness 1117) in paragraph at lines 29575--29575
\TU/lmr/m/n/10.95 three thousand fell in a single
 []


Underfull \hbox (badness 4060) in paragraph at lines 29575--29575
\TU/lmr/m/n/10.95 ends[]) of the ages has come.
 []


Underfull \hbox (badness 1325) in paragraph at lines 29575--29575
\TU/lmr/m/n/10.95 Was it not all those who left
 []


Underfull \hbox (badness 1796) in paragraph at lines 29576--29576
\TU/lmr/m/n/10.95 swered them, Do not grumble
 []


Overfull \vbox (2739.8014pt too high) has occurred while \output is active []


[686]
Missing character: There is no ο in font [lmmono10-regular]:!
Missing character: There is no ὐ in font [lmmono10-regular]:!
Missing character: There is no κ in font [lmmono10-regular]:!
Missing character: There is no ἐ in font [lmmono10-regular]:!
Missing character: There is no σ in font [lmmono10-regular]:!
Missing character: There is no μ in font [lmmono10-regular]:!
Missing character: There is no ὲ in font [lmmono10-regular]:!
Missing character: There is no ν in font [lmmono10-regular]:!
Missing character: There is no ὑ in font [lmmono10-regular]:!
Missing character: There is no π in font [lmmono10-regular]:!
Missing character: There is no ὸ in font [lmmono10-regular]:!
Missing character: There is no ν in font [lmmono10-regular]:!
Missing character: There is no ό in font [lmmono10-regular]:!
Missing character: There is no μ in font [lmmono10-regular]:!
Missing character: There is no ο in font [lmmono10-regular]:!
Missing character: There is no ν in font [lmmono10-regular]:!
 [687]
Missing character: There is no ἀ in font [lmmono10-regular]:!
Missing character: There is no λ in font [lmmono10-regular]:!
Missing character: There is no λ in font [lmmono10-regular]:!
Missing character: There is no ὰ in font [lmmono10-regular]:!
Missing character: There is no ὑ in font [lmmono10-regular]:!
Missing character: There is no π in font [lmmono10-regular]:!
Missing character: There is no ὸ in font [lmmono10-regular]:!
Missing character: There is no χ in font [lmmono10-regular]:!
Missing character: There is no ά in font [lmmono10-regular]:!
Missing character: There is no ρ in font [lmmono10-regular]:!
Missing character: There is no ι in font [lmmono10-regular]:!
Missing character: There is no ν in font [lmmono10-regular]:!
 [688] [689] [690]
Overfull \hbox (73.86867pt too wide) in paragraph at lines 29774--29775
\TU/lmr/m/n/10.95 ings/commandments and we have to not pervert the oracles of G
od but continue abiding in the teachings/doctrines/commandments
 []

[691] [692] [693] [694] [695] [696] [697]
Overfull \hbox (131.88162pt too wide) in paragraph at lines 30117--30118
\TU/lmr/m/n/10.95 causes of sin and all law-breakers |   [],
 []

[698] [699] [700] [701] [702] [703] [704] [705] [706] [707] [708] [709]
[710] [711] [712]
Overfull \hbox (3.22144pt too wide) in paragraph at lines 30695--30696
\TU/lmr/m/n/10.95 ([]\TU/lmr/bx/n/10.95 Colossians 1:15-20[]\TU/lmr/m/n/10.95 ,
 []\TU/lmr/bx/n/10.95 John 8:56-58[]\TU/lmr/m/n/10.95 ) and is our leader (\TU/
lmr/bx/n/10.95 Luke 22:26-27\TU/lmr/m/n/10.95 ). The older [](G3173 meizōn; gre
ater/older)[]
 []

[713]
Overfull \hbox (41.96748pt too wide) in paragraph at lines 30771--30810
[]
 []

[714] [715] [716] [717]
Missing character: There is no ο in font [lmroman10-regular]:mapping=tex-text;!
Missing character: There is no ὐ in font [lmroman10-regular]:mapping=tex-text;!
Missing character: There is no μ in font [lmroman10-regular]:mapping=tex-text;!
Missing character: There is no ή in font [lmroman10-regular]:mapping=tex-text;!
 [718]
Missing character: There is no ο in font [lmroman10-regular]:mapping=tex-text;!
Missing character: There is no ὐ in font [lmroman10-regular]:mapping=tex-text;!
Missing character: There is no μ in font [lmroman10-regular]:mapping=tex-text;!
Missing character: There is no ή in font [lmroman10-regular]:mapping=tex-text;!
 [719]
Overfull \hbox (131.88162pt too wide) in paragraph at lines 31119--31120
\TU/lmr/m/n/10.95 causes of sin and all law-breakers |   [],
 []

[720] [721] [722] [723] [724] [725] [726] [727] [728] [729] [730] [731]
[732] [733] [734] [735]
Missing character: There is no ο in font [lmroman10-regular]:mapping=tex-text;!
Missing character: There is no ὐ in font [lmroman10-regular]:mapping=tex-text;!
Missing character: There is no μ in font [lmroman10-regular]:mapping=tex-text;!
Missing character: There is no ή in font [lmroman10-regular]:mapping=tex-text;!
Missing character: There is no ο in font [lmroman10-regular]:mapping=tex-text;!
Missing character: There is no ὐ in font [lmroman10-regular]:mapping=tex-text;!
Missing character: There is no μ in font [lmroman10-regular]:mapping=tex-text;!
Missing character: There is no ή in font [lmroman10-regular]:mapping=tex-text;!
 [736] [737] [738] [739] [740] [741] [742] [743]
[744] [745] [746] [747] [748] [749] [750]
Overfull \hbox (252.18555pt too wide) in paragraph at lines 32328--32329
[]
 []

[751] [752] [753]
Overfull \hbox (252.18555pt too wide) in paragraph at lines 32456--32457
[]
 []

[754] [755] [756] [757] [758] [759] [760] [761] [762] [763]
Overfull \hbox (27.52448pt too wide) in paragraph at lines 32853--32854
[]
 []


Overfull \hbox (253.58435pt too wide) in paragraph at lines 32853--32854
\TU/lmr/m/n/10.95 The word of truth is free, and |   []   |   []   |   []   |  
 []   |   []
 []


Overfull \hbox (4.39441pt too wide) in paragraph at lines 32880--32892
[]
 []


Overfull \hbox (249.38231pt too wide) in paragraph at lines 32893--32906
[]
 []


Overfull \hbox (2.2665pt too wide) in paragraph at lines 32907--32908
[]\TU/lmr/m/n/10.95 The two
 []

[764] [765] [766] [767] [768]
Overfull \hbox (7.06996pt too wide) in paragraph at lines 33196--33197
[]\TU/lmr/m/n/10.95 All the ordained ministers of the Latin Church,
 []

[769] [770] [771]
Overfull \hbox (106.20749pt too wide) in paragraph at lines 33329--33330
[]
 []

[772]
Overfull \hbox (72.98886pt too wide) in paragraph at lines 33411--33415
[]
 []

[773] [774]
Overfull \hbox (324.26573pt too wide) in paragraph at lines 33471--33472
[]
 []


Overfull \hbox (118.53354pt too wide) in paragraph at lines 33513--33526
[]
 []

[775] [776] [777] [778] [779]
Overfull \hbox (11.9463pt too wide) in paragraph at lines 33724--33725
[]\TU/lmr/m/n/10.95 2 Corinthi-
 []

[780]
Overfull \hbox (3.0914pt too wide) in paragraph at lines 33762--33767
[]\TU/lmr/m/n/10.95 Father,
 []


Overfull \hbox (18.61484pt too wide) in paragraph at lines 33768--33773
[]\TU/lmr/m/n/10.95 Salvation?
 []

Missing character: There is no Ἐ in font [lmmono10-regular]:!
Missing character: There is no π in font [lmmono10-regular]:!
Missing character: There is no ε in font [lmmono10-regular]:!
Missing character: There is no φ in font [lmmono10-regular]:!
Missing character: There is no ά in font [lmmono10-regular]:!
Missing character: There is no ν in font [lmmono10-regular]:!
Missing character: There is no η in font [lmmono10-regular]:!
Missing character: There is no γ in font [lmmono10-regular]:!
Missing character: There is no ὰ in font [lmmono10-regular]:!
Missing character: There is no ρ in font [lmmono10-regular]:!
Missing character: There is no ἡ in font [lmmono10-regular]:!
Missing character: There is no χ in font [lmmono10-regular]:!
Missing character: There is no ά in font [lmmono10-regular]:!
Missing character: There is no ρ in font [lmmono10-regular]:!
Missing character: There is no ι in font [lmmono10-regular]:!
Missing character: There is no ς in font [lmmono10-regular]:!
Missing character: There is no τ in font [lmmono10-regular]:!
Missing character: There is no ο in font [lmmono10-regular]:!
Missing character: There is no ῦ in font [lmmono10-regular]:!
Missing character: There is no ε in font [lmmono10-regular]:!
Missing character: There is no ο in font [lmmono10-regular]:!
Missing character: There is no ῦ in font [lmmono10-regular]:!
Missing character: There is no σ in font [lmmono10-regular]:!
Missing character: There is no ω in font [lmmono10-regular]:!
Missing character: There is no τ in font [lmmono10-regular]:!
Missing character: There is no ή in font [lmmono10-regular]:!
Missing character: There is no ρ in font [lmmono10-regular]:!
Missing character: There is no ι in font [lmmono10-regular]:!
Missing character: There is no ο in font [lmmono10-regular]:!
Missing character: There is no ς in font [lmmono10-regular]:!
Missing character: There is no π in font [lmmono10-regular]:!
Missing character: There is no ᾶ in font [lmmono10-regular]:!
Missing character: There is no σ in font [lmmono10-regular]:!
Missing character: There is no ι in font [lmmono10-regular]:!
Missing character: There is no ν in font [lmmono10-regular]:!
Missing character: There is no ἀ in font [lmmono10-regular]:!
Missing character: There is no ν in font [lmmono10-regular]:!
Missing character: There is no θ in font [lmmono10-regular]:!
Missing character: There is no ρ in font [lmmono10-regular]:!
Missing character: There is no ώ in font [lmmono10-regular]:!
Missing character: There is no π in font [lmmono10-regular]:!
Missing character: There is no ο in font [lmmono10-regular]:!
Missing character: There is no ι in font [lmmono10-regular]:!
Missing character: There is no ς in font [lmmono10-regular]:!
Missing character: There is no π in font [lmmono10-regular]:!
Missing character: There is no α in font [lmmono10-regular]:!
Missing character: There is no ι in font [lmmono10-regular]:!
Missing character: There is no δ in font [lmmono10-regular]:!
Missing character: There is no ε in font [lmmono10-regular]:!
Missing character: There is no ύ in font [lmmono10-regular]:!
Missing character: There is no ο in font [lmmono10-regular]:!
Missing character: There is no υ in font [lmmono10-regular]:!
Missing character: There is no σ in font [lmmono10-regular]:!
Missing character: There is no α in font [lmmono10-regular]:!
Missing character: There is no ἡ in font [lmmono10-regular]:!
Missing character: There is no μ in font [lmmono10-regular]:!
Missing character: There is no ᾶ in font [lmmono10-regular]:!
Missing character: There is no ς in font [lmmono10-regular]:!
Missing character: There is no ἵ in font [lmmono10-regular]:!
Missing character: There is no ν in font [lmmono10-regular]:!
Missing character: There is no α in font [lmmono10-regular]:!
Missing character: There is no ἀ in font [lmmono10-regular]:!
Missing character: There is no ρ in font [lmmono10-regular]:!
Missing character: There is no ν in font [lmmono10-regular]:!
Missing character: There is no η in font [lmmono10-regular]:!
Missing character: There is no σ in font [lmmono10-regular]:!
Missing character: There is no ά in font [lmmono10-regular]:!
Missing character: There is no μ in font [lmmono10-regular]:!
Missing character: There is no ε in font [lmmono10-regular]:!
Missing character: There is no ν in font [lmmono10-regular]:!
Missing character: There is no ο in font [lmmono10-regular]:!
Missing character: There is no ι in font [lmmono10-regular]:!
Missing character: There is no τ in font [lmmono10-regular]:!
Missing character: There is no ὴ in font [lmmono10-regular]:!
Missing character: There is no ν in font [lmmono10-regular]:!
Missing character: There is no ἀ in font [lmmono10-regular]:!
Missing character: There is no σ in font [lmmono10-regular]:!
Missing character: There is no έ in font [lmmono10-regular]:!
Missing character: There is no β in font [lmmono10-regular]:!
Missing character: There is no ε in font [lmmono10-regular]:!
Missing character: There is no ι in font [lmmono10-regular]:!
Missing character: There is no α in font [lmmono10-regular]:!
Missing character: There is no ν in font [lmmono10-regular]:!
Missing character: There is no κ in font [lmmono10-regular]:!
Missing character: There is no α in font [lmmono10-regular]:!
Missing character: There is no ὶ in font [lmmono10-regular]:!
Missing character: There is no τ in font [lmmono10-regular]:!
Missing character: There is no ὰ in font [lmmono10-regular]:!
Missing character: There is no ς in font [lmmono10-regular]:!
[781]
Missing character: There is no κ in font [lmmono10-regular]:!
Missing character: There is no ο in font [lmmono10-regular]:!
Missing character: There is no σ in font [lmmono10-regular]:!
Missing character: There is no μ in font [lmmono10-regular]:!
Missing character: There is no ι in font [lmmono10-regular]:!
Missing character: There is no κ in font [lmmono10-regular]:!
Missing character: There is no ὰ in font [lmmono10-regular]:!
Missing character: There is no ς in font [lmmono10-regular]:!
Missing character: There is no ἐ in font [lmmono10-regular]:!
Missing character: There is no π in font [lmmono10-regular]:!
Missing character: There is no ι in font [lmmono10-regular]:!
Missing character: There is no θ in font [lmmono10-regular]:!
Missing character: There is no υ in font [lmmono10-regular]:!
Missing character: There is no μ in font [lmmono10-regular]:!
Missing character: There is no ί in font [lmmono10-regular]:!
Missing character: There is no α in font [lmmono10-regular]:!
Missing character: There is no ς in font [lmmono10-regular]:!
Missing character: There is no σ in font [lmmono10-regular]:!
Missing character: There is no ω in font [lmmono10-regular]:!
Missing character: There is no φ in font [lmmono10-regular]:!
Missing character: There is no ρ in font [lmmono10-regular]:!
Missing character: There is no ό in font [lmmono10-regular]:!
Missing character: There is no ν in font [lmmono10-regular]:!
Missing character: There is no ω in font [lmmono10-regular]:!
Missing character: There is no ς in font [lmmono10-regular]:!
Missing character: There is no κ in font [lmmono10-regular]:!
Missing character: There is no α in font [lmmono10-regular]:!
Missing character: There is no ὶ in font [lmmono10-regular]:!
Missing character: There is no δ in font [lmmono10-regular]:!
Missing character: There is no ι in font [lmmono10-regular]:!
Missing character: There is no κ in font [lmmono10-regular]:!
Missing character: There is no α in font [lmmono10-regular]:!
Missing character: There is no ί in font [lmmono10-regular]:!
Missing character: There is no ω in font [lmmono10-regular]:!
Missing character: There is no ς in font [lmmono10-regular]:!
Missing character: There is no κ in font [lmmono10-regular]:!
Missing character: There is no α in font [lmmono10-regular]:!
Missing character: There is no ὶ in font [lmmono10-regular]:!
Missing character: There is no ε in font [lmmono10-regular]:!
Missing character: There is no ὐ in font [lmmono10-regular]:!
Missing character: There is no σ in font [lmmono10-regular]:!
Missing character: There is no ε in font [lmmono10-regular]:!
Missing character: There is no β in font [lmmono10-regular]:!
Missing character: There is no ῶ in font [lmmono10-regular]:!
Missing character: There is no ς in font [lmmono10-regular]:!
Missing character: There is no ζ in font [lmmono10-regular]:!
Missing character: There is no ή in font [lmmono10-regular]:!
Missing character: There is no σ in font [lmmono10-regular]:!
Missing character: There is no ω in font [lmmono10-regular]:!
Missing character: There is no μ in font [lmmono10-regular]:!
Missing character: There is no ε in font [lmmono10-regular]:!
Missing character: There is no ν in font [lmmono10-regular]:!
Missing character: There is no ἐ in font [lmmono10-regular]:!
Missing character: There is no ν in font [lmmono10-regular]:!
Missing character: There is no τ in font [lmmono10-regular]:!
Missing character: There is no ῷ in font [lmmono10-regular]:!
Missing character: There is no ν in font [lmmono10-regular]:!
Missing character: There is no ῦ in font [lmmono10-regular]:!
Missing character: There is no ν in font [lmmono10-regular]:!
Missing character: There is no α in font [lmmono10-regular]:!
Missing character: There is no ἰ in font [lmmono10-regular]:!
Missing character: There is no ῶ in font [lmmono10-regular]:!
Missing character: There is no ν in font [lmmono10-regular]:!
Missing character: There is no ι in font [lmmono10-regular]:!

Overfull \hbox (720.36732pt too wide) in paragraph at lines 33835--33836
|   []
 []

[782] [783]
Missing character: There is no ὁ in font [lmmono10-regular]:!
Missing character: There is no π in font [lmmono10-regular]:!
Missing character: There is no ι in font [lmmono10-regular]:!
Missing character: There is no σ in font [lmmono10-regular]:!
Missing character: There is no τ in font [lmmono10-regular]:!
Missing character: There is no ε in font [lmmono10-regular]:!
Missing character: There is no ύ in font [lmmono10-regular]:!
Missing character: There is no ω in font [lmmono10-regular]:!
Missing character: There is no ν in font [lmmono10-regular]:!
Missing character: There is no ε in font [lmmono10-regular]:!
Missing character: There is no ἰ in font [lmmono10-regular]:!
Missing character: There is no ς in font [lmmono10-regular]:!
Missing character: There is no τ in font [lmmono10-regular]:!
Missing character: There is no ὸ in font [lmmono10-regular]:!
Missing character: There is no ν in font [lmmono10-regular]:!
Missing character: There is no ἱ in font [lmmono10-regular]:!
Missing character: There is no ὸ in font [lmmono10-regular]:!
Missing character: There is no ν in font [lmmono10-regular]:!
Missing character: There is no ἔ in font [lmmono10-regular]:!
Missing character: There is no χ in font [lmmono10-regular]:!
Missing character: There is no ε in font [lmmono10-regular]:!
Missing character: There is no ι in font [lmmono10-regular]:!
Missing character: There is no ζ in font [lmmono10-regular]:!
Missing character: There is no ω in font [lmmono10-regular]:!
Missing character: There is no ὴ in font [lmmono10-regular]:!
Missing character: There is no ν in font [lmmono10-regular]:!
Missing character: There is no α in font [lmmono10-regular]:!
Missing character: There is no ἰ in font [lmmono10-regular]:!
Missing character: There is no ώ in font [lmmono10-regular]:!
Missing character: There is no ν in font [lmmono10-regular]:!
Missing character: There is no ι in font [lmmono10-regular]:!
Missing character: There is no ο in font [lmmono10-regular]:!
Missing character: There is no ν in font [lmmono10-regular]:!
Missing character: There is no ὁ in font [lmmono10-regular]:!
Missing character: There is no δ in font [lmmono10-regular]:!
Missing character: There is no ὲ in font [lmmono10-regular]:!
Missing character: There is no ἀ in font [lmmono10-regular]:!
Missing character: There is no π in font [lmmono10-regular]:!
Missing character: There is no ε in font [lmmono10-regular]:!
Missing character: There is no ι in font [lmmono10-regular]:!
Missing character: There is no θ in font [lmmono10-regular]:!
Missing character: There is no ῶ in font [lmmono10-regular]:!
Missing character: There is no ν in font [lmmono10-regular]:!
Missing character: There is no τ in font [lmmono10-regular]:!
Missing character: There is no ῷ in font [lmmono10-regular]:!
Missing character: There is no ἱ in font [lmmono10-regular]:!
Missing character: There is no ῷ in font [lmmono10-regular]:!
Missing character: There is no ο in font [lmmono10-regular]:!
Missing character: There is no ὐ in font [lmmono10-regular]:!
Missing character: There is no κ in font [lmmono10-regular]:!
Missing character: There is no ὄ in font [lmmono10-regular]:!
Missing character: There is no ψ in font [lmmono10-regular]:!
Missing character: There is no ε in font [lmmono10-regular]:!
Missing character: There is no τ in font [lmmono10-regular]:!
Missing character: There is no α in font [lmmono10-regular]:!
Missing character: There is no ι in font [lmmono10-regular]:!
Missing character: There is no ζ in font [lmmono10-regular]:!
Missing character: There is no ω in font [lmmono10-regular]:!
Missing character: There is no ή in font [lmmono10-regular]:!
Missing character: There is no ν in font [lmmono10-regular]:!
Missing character: There is no ἀ in font [lmmono10-regular]:!
Missing character: There is no λ in font [lmmono10-regular]:!
Missing character: There is no λ in font [lmmono10-regular]:!
Missing character: There is no ἡ in font [lmmono10-regular]:!
Missing character: There is no ὀ in font [lmmono10-regular]:!
Missing character: There is no ρ in font [lmmono10-regular]:!
Missing character: There is no γ in font [lmmono10-regular]:!
Missing character: There is no ὴ in font [lmmono10-regular]:!
Missing character: There is no τ in font [lmmono10-regular]:!
Missing character: There is no ο in font [lmmono10-regular]:!
Missing character: There is no ῦ in font [lmmono10-regular]:!
Missing character: There is no ε in font [lmmono10-regular]:!
Missing character: There is no ο in font [lmmono10-regular]:!
Missing character: There is no ῦ in font [lmmono10-regular]:!
Missing character: There is no μ in font [lmmono10-regular]:!
Missing character: There is no έ in font [lmmono10-regular]:!
Missing character: There is no ν in font [lmmono10-regular]:!
Missing character: There is no ε in font [lmmono10-regular]:!
Missing character: There is no ι in font [lmmono10-regular]:!
Missing character: There is no ἐ in font [lmmono10-regular]:!
Missing character: There is no π in font [lmmono10-regular]:!
Missing character: There is no α in font [lmmono10-regular]:!
Missing character: There is no ὐ in font [lmmono10-regular]:!
Missing character: There is no τ in font [lmmono10-regular]:!
Missing character: There is no ό in font [lmmono10-regular]:!
Missing character: There is no ν in font [lmmono10-regular]:!
 [784]
Overfull \hbox (3.58777pt too wide) in paragraph at lines 33970--33971
[]\TU/lmr/m/n/10.95 You’ve
 []

[785] [786] [787] [788]
Missing character: There is no δ in font [lmroman10-regular]:mapping=tex-text;!
Missing character: There is no ι in font [lmroman10-regular]:mapping=tex-text;!
Missing character: There is no α in font [lmroman10-regular]:mapping=tex-text;!
Missing character: There is no κ in font [lmroman10-regular]:mapping=tex-text;!
Missing character: There is no ρ in font [lmroman10-regular]:mapping=tex-text;!
Missing character: There is no ί in font [lmroman10-regular]:mapping=tex-text;!
Missing character: There is no ν in font [lmroman10-regular]:mapping=tex-text;!
Missing character: There is no ω in font [lmroman10-regular]:mapping=tex-text;!
 [789] [790] [791] [792]
Missing character: There is no ε in font [lmmono10-regular]:!
Missing character: There is no ἶ in font [lmmono10-regular]:!
Missing character: There is no π in font [lmmono10-regular]:!
Missing character: There is no ε in font [lmmono10-regular]:!
Missing character: There is no ν in font [lmmono10-regular]:!
Missing character: There is no Ἀ in font [lmmono10-regular]:!
Missing character: There is no γ in font [lmmono10-regular]:!
Missing character: There is no α in font [lmmono10-regular]:!
Missing character: There is no π in font [lmmono10-regular]:!
Missing character: There is no ή in font [lmmono10-regular]:!
Missing character: There is no σ in font [lmmono10-regular]:!
Missing character: There is no ε in font [lmmono10-regular]:!
Missing character: There is no ι in font [lmmono10-regular]:!
Missing character: There is no ς in font [lmmono10-regular]:!
Missing character: There is no ύ in font [lmmono10-regular]:!
Missing character: There is no ρ in font [lmmono10-regular]:!
Missing character: There is no ι in font [lmmono10-regular]:!
Missing character: There is no ο in font [lmmono10-regular]:!
Missing character: There is no ν in font [lmmono10-regular]:!
Missing character: There is no τ in font [lmmono10-regular]:!
Missing character: There is no ὸ in font [lmmono10-regular]:!
Missing character: There is no ν in font [lmmono10-regular]:!
Missing character: There is no ε in font [lmmono10-regular]:!
Missing character: There is no ό in font [lmmono10-regular]:!
Missing character: There is no ν in font [lmmono10-regular]:!
 [793]
Missing character: There is no σ in font [lmmono10-regular]:!
Missing character: There is no ο in font [lmmono10-regular]:!
Missing character: There is no υ in font [lmmono10-regular]:!
Missing character: There is no ἐ in font [lmmono10-regular]:!
Missing character: There is no ξ in font [lmmono10-regular]:!
Missing character: There is no ὅ in font [lmmono10-regular]:!
Missing character: There is no λ in font [lmmono10-regular]:!
Missing character: There is no η in font [lmmono10-regular]:!
Missing character: There is no ς in font [lmmono10-regular]:!
Missing character: There is no τ in font [lmmono10-regular]:!
Missing character: There is no ῆ in font [lmmono10-regular]:!
Missing character: There is no ς in font [lmmono10-regular]:!
Missing character: There is no κ in font [lmmono10-regular]:!
Missing character: There is no α in font [lmmono10-regular]:!
Missing character: There is no ρ in font [lmmono10-regular]:!
Missing character: There is no δ in font [lmmono10-regular]:!
Missing character: There is no ί in font [lmmono10-regular]:!
Missing character: There is no α in font [lmmono10-regular]:!
Missing character: There is no ς in font [lmmono10-regular]:!
Missing character: There is no σ in font [lmmono10-regular]:!
Missing character: There is no ο in font [lmmono10-regular]:!
Missing character: There is no υ in font [lmmono10-regular]:!
Missing character: There is no κ in font [lmmono10-regular]:!
Missing character: There is no α in font [lmmono10-regular]:!
Missing character: There is no ὶ in font [lmmono10-regular]:!
Missing character: There is no ἐ in font [lmmono10-regular]:!
Missing character: There is no ν in font [lmmono10-regular]:!
Missing character: There is no ὅ in font [lmmono10-regular]:!
Missing character: There is no λ in font [lmmono10-regular]:!
Missing character: There is no ῃ in font [lmmono10-regular]:!
Missing character: There is no τ in font [lmmono10-regular]:!
Missing character: There is no ῇ in font [lmmono10-regular]:!
Missing character: There is no ψ in font [lmmono10-regular]:!
Missing character: There is no υ in font [lmmono10-regular]:!
Missing character: There is no χ in font [lmmono10-regular]:!
Missing character: There is no ῇ in font [lmmono10-regular]:!
Missing character: There is no σ in font [lmmono10-regular]:!
Missing character: There is no ο in font [lmmono10-regular]:!
Missing character: There is no υ in font [lmmono10-regular]:!
Missing character: There is no κ in font [lmmono10-regular]:!
Missing character: There is no α in font [lmmono10-regular]:!
Missing character: There is no ὶ in font [lmmono10-regular]:!
Missing character: There is no ἐ in font [lmmono10-regular]:!
Missing character: There is no ν in font [lmmono10-regular]:!
Missing character: There is no ὅ in font [lmmono10-regular]:!
Missing character: There is no λ in font [lmmono10-regular]:!
Missing character: There is no ῃ in font [lmmono10-regular]:!
Missing character: There is no τ in font [lmmono10-regular]:!
Missing character: There is no ῇ in font [lmmono10-regular]:!
Missing character: There is no ἰ in font [lmmono10-regular]:!
Missing character: There is no σ in font [lmmono10-regular]:!
Missing character: There is no χ in font [lmmono10-regular]:!
Missing character: There is no ύ in font [lmmono10-regular]:!
Missing character: There is no ϊ in font [lmmono10-regular]:!
Missing character: There is no σ in font [lmmono10-regular]:!
Missing character: There is no ο in font [lmmono10-regular]:!
Missing character: There is no υ in font [lmmono10-regular]:!
Missing character: There is no κ in font [lmmono10-regular]:!
Missing character: There is no α in font [lmmono10-regular]:!
Missing character: There is no ὶ in font [lmmono10-regular]:!
Missing character: There is no ἐ in font [lmmono10-regular]:!
Missing character: There is no ν in font [lmmono10-regular]:!
Missing character: There is no ὅ in font [lmmono10-regular]:!
Missing character: There is no λ in font [lmmono10-regular]:!
Missing character: There is no ῃ in font [lmmono10-regular]:!
Missing character: There is no τ in font [lmmono10-regular]:!
Missing character: There is no ῇ in font [lmmono10-regular]:!
Missing character: There is no δ in font [lmmono10-regular]:!
Missing character: There is no ι in font [lmmono10-regular]:!
Missing character: There is no α in font [lmmono10-regular]:!
Missing character: There is no ν in font [lmmono10-regular]:!
Missing character: There is no ο in font [lmmono10-regular]:!
Missing character: There is no ί in font [lmmono10-regular]:!
Missing character: There is no ᾳ in font [lmmono10-regular]:!
Missing character: There is no σ in font [lmmono10-regular]:!
Missing character: There is no ο in font [lmmono10-regular]:!
Missing character: There is no υ in font [lmmono10-regular]:!
Missing character: There is no κ in font [lmmono10-regular]:!
Missing character: There is no α in font [lmmono10-regular]:!
Missing character: There is no ὶ in font [lmmono10-regular]:!
Missing character: There is no ὸ in font [lmmono10-regular]:!
Missing character: There is no ν in font [lmmono10-regular]:!
Missing character: There is no π in font [lmmono10-regular]:!
Missing character: There is no λ in font [lmmono10-regular]:!
Missing character: There is no η in font [lmmono10-regular]:!
Missing character: There is no σ in font [lmmono10-regular]:!
Missing character: There is no ί in font [lmmono10-regular]:!
Missing character: There is no ο in font [lmmono10-regular]:!
Missing character: There is no ν in font [lmmono10-regular]:!
Missing character: There is no σ in font [lmmono10-regular]:!
Missing character: There is no ο in font [lmmono10-regular]:!
Missing character: There is no υ in font [lmmono10-regular]:!
Missing character: There is no ὡ in font [lmmono10-regular]:!
Missing character: There is no ς in font [lmmono10-regular]:!
Missing character: There is no σ in font [lmmono10-regular]:!
Missing character: There is no ε in font [lmmono10-regular]:!
Missing character: There is no α in font [lmmono10-regular]:!
Missing character: There is no υ in font [lmmono10-regular]:!
Missing character: There is no τ in font [lmmono10-regular]:!
Missing character: There is no ό in font [lmmono10-regular]:!
Missing character: There is no ν in font [lmmono10-regular]:!
 [794] [795] [796]
[797] [798] [799] [800]
Overfull \hbox (61.59361pt too wide) in paragraph at lines 34691--34691
[] \TU/lmtt/m/n/10.95 3  I (G1473 egō) lives (G2198 zē) however (G1161 de) in (
G1722 en) me G1473 emoi Christ (G5547 Christos)[] 
 []


Overfull \hbox (15.60362pt too wide) in paragraph at lines 34691--34691
[]\TU/lmtt/m/n/10.95 11      that (G3588 tē) from the (G3588 tou) Son (G5207 Hu
iou) - (G3588 tou) of God (G2316 Theou)[] 
 []

[801] [802] [803] [804] [805] [806] [807] [808] [809]
Overfull \hbox (8.48975pt too wide) in paragraph at lines 35083--35096
[]\TU/lmr/m/n/10.95 The Bible does
 []

[810]
Overfull \hbox (5.51138pt too wide) in paragraph at lines 35163--35169
[]\TU/lmr/m/n/10.95 I’ve been looking over your recent stats. You’re
 []

[811] [812] [813] [814] [815] [816] [817] [818] [819]
Overfull \hbox (4.80325pt too wide) in paragraph at lines 35556--35563
[]\TU/lmr/m/n/10.95 When salva-
 []


Overfull \hbox (58.3925pt too wide) in paragraph at lines 35597--35600
[]
 []

[820] [821] [822]
Overfull \hbox (7.93497pt too wide) in paragraph at lines 35754--35767
[]\TU/lmr/m/n/10.95 Unless we are totally and completely
 []

[823]
Overfull \hbox (71.44861pt too wide) in paragraph at lines 35798--35801
[]
 []

[824] [825]
Overfull \hbox (174.03543pt too wide) in paragraph at lines 35878--35892
[]
 []

[826]
Overfull \hbox (116.65382pt too wide) in paragraph at lines 35942--35943
[]
 []

[827] [828] [829]
Overfull \hbox (1217.09212pt too wide) in paragraph at lines 36089--36089
[]\TU/lmtt/m/n/10.95 1  Cognate: 25 agapáō – properly, to prefer, to love; for 
the believer, preferring to "live through Christ" (1 Jn 4:9,10), i.e. embracing
 God's will (choosing His choices) and obeying them through His power. 25 (agap
áō) preeminently refers to what God prefers as He "is love" (1 Jn 4:8,16). See 
26 (agapē).[] 
 []


Overfull \hbox (498.49852pt too wide) in paragraph at lines 36089--36089
[]\TU/lmtt/m/n/10.95 3  With the believer, 25 /agapáō ("to love") means activel
y doing what the Lord prefers, with Him (by His power and direction). True 25 /
agapáō ("loving") is always defined by God –
 []


Overfull \hbox (578.981pt too wide) in paragraph at lines 36089--36089
\TU/lmtt/m/n/10.95 a "discriminating affection which involves choice and select
ion" (WS, 477). 1 Jn 4:8,16,17 for example convey how loving ("preferring," 25 
/agapáō) is Christ living His life through the believer.[] 
 []


Overfull \hbox (504.24727pt too wide) in paragraph at lines 36093--36093
[]\TU/lmtt/m/n/10.95 1  5368 philéō (from 5384 /phílos, "affectionate friendshi
p") – properly, to show warm affection in intimate friendship, characterized by
 tender, heartfelt consideration and kinship.[] 
 []

[830] [831]
Overfull \hbox (190.36919pt too wide) in paragraph at lines 36193--36203
[]
 []


Overfull \hbox (306.8735pt too wide) in paragraph at lines 36222--36225
[]
 []


Overfull \hbox (306.8735pt too wide) in paragraph at lines 36228--36270
[]
 []

[832] [833]
Missing character: There is no Ἀ in font [lmmono10-regular]:!
Missing character: There is no μ in font [lmmono10-regular]:!
Missing character: There is no ὴ in font [lmmono10-regular]:!
Missing character: There is no ν in font [lmmono10-regular]:!
Missing character: There is no ἀ in font [lmmono10-regular]:!
Missing character: There is no μ in font [lmmono10-regular]:!
Missing character: There is no ὴ in font [lmmono10-regular]:!
Missing character: There is no ν in font [lmmono10-regular]:!
Missing character: There is no λ in font [lmmono10-regular]:!
Missing character: There is no έ in font [lmmono10-regular]:!
Missing character: There is no γ in font [lmmono10-regular]:!
Missing character: There is no ω in font [lmmono10-regular]:!
Missing character: There is no ὑ in font [lmmono10-regular]:!
Missing character: There is no μ in font [lmmono10-regular]:!
Missing character: There is no ῖ in font [lmmono10-regular]:!
Missing character: There is no ν in font [lmmono10-regular]:!
Missing character: There is no ὅ in font [lmmono10-regular]:!
Missing character: There is no τ in font [lmmono10-regular]:!
Missing character: There is no ι in font [lmmono10-regular]:!
Missing character: There is no ὁ in font [lmmono10-regular]:!
Missing character: There is no τ in font [lmmono10-regular]:!
Missing character: There is no ὸ in font [lmmono10-regular]:!
Missing character: There is no ν in font [lmmono10-regular]:!
Missing character: There is no λ in font [lmmono10-regular]:!
Missing character: There is no ό in font [lmmono10-regular]:!
Missing character: There is no γ in font [lmmono10-regular]:!
Missing character: There is no ο in font [lmmono10-regular]:!
Missing character: There is no ν in font [lmmono10-regular]:!
 [834]
Missing character: There is no μ in font [lmmono10-regular]:!
Missing character: There is no ο in font [lmmono10-regular]:!
Missing character: There is no υ in font [lmmono10-regular]:!
Missing character: There is no ἀ in font [lmmono10-regular]:!
Missing character: There is no κ in font [lmmono10-regular]:!
Missing character: There is no ο in font [lmmono10-regular]:!
Missing character: There is no ύ in font [lmmono10-regular]:!
Missing character: There is no ω in font [lmmono10-regular]:!
Missing character: There is no ν in font [lmmono10-regular]:!
Missing character: There is no κ in font [lmmono10-regular]:!
Missing character: There is no α in font [lmmono10-regular]:!
Missing character: There is no ὶ in font [lmmono10-regular]:!
Missing character: There is no π in font [lmmono10-regular]:!
Missing character: There is no ι in font [lmmono10-regular]:!
Missing character: There is no σ in font [lmmono10-regular]:!
Missing character: There is no τ in font [lmmono10-regular]:!
Missing character: There is no ε in font [lmmono10-regular]:!
Missing character: There is no ύ in font [lmmono10-regular]:!
Missing character: There is no ω in font [lmmono10-regular]:!
Missing character: There is no ν in font [lmmono10-regular]:!
Missing character: There is no τ in font [lmmono10-regular]:!
Missing character: There is no ῷ in font [lmmono10-regular]:!
Missing character: There is no π in font [lmmono10-regular]:!
Missing character: There is no έ in font [lmmono10-regular]:!
Missing character: There is no μ in font [lmmono10-regular]:!
Missing character: There is no ψ in font [lmmono10-regular]:!
Missing character: There is no α in font [lmmono10-regular]:!
Missing character: There is no ν in font [lmmono10-regular]:!
Missing character: There is no τ in font [lmmono10-regular]:!
Missing character: There is no ί in font [lmmono10-regular]:!
Missing character: There is no μ in font [lmmono10-regular]:!
Missing character: There is no ε in font [lmmono10-regular]:!
Missing character: There is no ἔ in font [lmmono10-regular]:!
Missing character: There is no χ in font [lmmono10-regular]:!
Missing character: There is no ε in font [lmmono10-regular]:!
Missing character: There is no ι in font [lmmono10-regular]:!
Missing character: There is no ζ in font [lmmono10-regular]:!
Missing character: There is no ω in font [lmmono10-regular]:!
Missing character: There is no ὴ in font [lmmono10-regular]:!
Missing character: There is no ν in font [lmmono10-regular]:!
Missing character: There is no α in font [lmmono10-regular]:!
Missing character: There is no ἰ in font [lmmono10-regular]:!
Missing character: There is no ώ in font [lmmono10-regular]:!
Missing character: There is no ν in font [lmmono10-regular]:!
Missing character: There is no ι in font [lmmono10-regular]:!
Missing character: There is no ο in font [lmmono10-regular]:!
Missing character: There is no ν in font [lmmono10-regular]:!
Missing character: There is no κ in font [lmmono10-regular]:!
Missing character: There is no α in font [lmmono10-regular]:!
Missing character: There is no ὶ in font [lmmono10-regular]:!
Missing character: There is no ε in font [lmmono10-regular]:!
Missing character: There is no ἰ in font [lmmono10-regular]:!
Missing character: There is no ς in font [lmmono10-regular]:!
Missing character: There is no κ in font [lmmono10-regular]:!
Missing character: There is no ρ in font [lmmono10-regular]:!
Missing character: There is no ί in font [lmmono10-regular]:!
Missing character: There is no σ in font [lmmono10-regular]:!
Missing character: There is no ι in font [lmmono10-regular]:!
Missing character: There is no ν in font [lmmono10-regular]:!
Missing character: There is no ο in font [lmmono10-regular]:!
Missing character: There is no ὐ in font [lmmono10-regular]:!
Missing character: There is no κ in font [lmmono10-regular]:!
Missing character: There is no ἔ in font [lmmono10-regular]:!
Missing character: There is no ρ in font [lmmono10-regular]:!
Missing character: There is no χ in font [lmmono10-regular]:!
Missing character: There is no ε in font [lmmono10-regular]:!
Missing character: There is no τ in font [lmmono10-regular]:!
Missing character: There is no α in font [lmmono10-regular]:!
Missing character: There is no ι in font [lmmono10-regular]:!
Missing character: There is no ἀ in font [lmmono10-regular]:!
Missing character: There is no λ in font [lmmono10-regular]:!
Missing character: There is no λ in font [lmmono10-regular]:!
Missing character: There is no ὰ in font [lmmono10-regular]:!
Missing character: There is no μ in font [lmmono10-regular]:!
Missing character: There is no ε in font [lmmono10-regular]:!
Missing character: There is no τ in font [lmmono10-regular]:!
Missing character: There is no α in font [lmmono10-regular]:!
Missing character: There is no β in font [lmmono10-regular]:!
Missing character: There is no έ in font [lmmono10-regular]:!
Missing character: There is no β in font [lmmono10-regular]:!
Missing character: There is no η in font [lmmono10-regular]:!
Missing character: There is no κ in font [lmmono10-regular]:!
Missing character: There is no ε in font [lmmono10-regular]:!
Missing character: There is no ν in font [lmmono10-regular]:!
Missing character: There is no ἐ in font [lmmono10-regular]:!
Missing character: There is no κ in font [lmmono10-regular]:!
Missing character: There is no τ in font [lmmono10-regular]:!
Missing character: There is no ο in font [lmmono10-regular]:!
Missing character: There is no ῦ in font [lmmono10-regular]:!
Missing character: There is no θ in font [lmmono10-regular]:!
Missing character: There is no α in font [lmmono10-regular]:!
Missing character: There is no ν in font [lmmono10-regular]:!
Missing character: There is no ά in font [lmmono10-regular]:!
Missing character: There is no τ in font [lmmono10-regular]:!
Missing character: There is no ο in font [lmmono10-regular]:!
Missing character: There is no υ in font [lmmono10-regular]:!
Missing character: There is no ε in font [lmmono10-regular]:!
Missing character: There is no ἰ in font [lmmono10-regular]:!
Missing character: There is no ς in font [lmmono10-regular]:!
Missing character: There is no τ in font [lmmono10-regular]:!
Missing character: There is no ὴ in font [lmmono10-regular]:!
Missing character: There is no ν in font [lmmono10-regular]:!
Missing character: There is no ζ in font [lmmono10-regular]:!
Missing character: There is no ω in font [lmmono10-regular]:!
Missing character: There is no ή in font [lmmono10-regular]:!
Missing character: There is no ν in font [lmmono10-regular]:!
 [835] [836] [837] [838] [839] [840] [841]
Overfull \hbox (377.7748pt too wide) in paragraph at lines 36689--36689
[]\TU/lmtt/m/n/10.95 6  A bunch of other stuff happened that year, and the year
 that followed. I made a marriage proposal on the after feast day of the transf
iguration, for example.[] 
 []

[842]
Overfull \hbox (366.2773pt too wide) in paragraph at lines 36731--36731
[]\TU/lmtt/m/n/10.95 1  1 Nisan The day the floodwaters receded from the earth,
 after the dove was sent out by Noah and returned with an olive branch, accordi
ng to Genesis 8:10-13[] 
 []


Overfull \hbox (245.55357pt too wide) in paragraph at lines 36731--36731
[]\TU/lmtt/m/n/10.95 7  1 Nisan (c. 3761 BCE) – Creation of the Universe accord
ing to Joshua ben Hananiah's opinion in the Talmud, tractate Rosh Hashanah 10b–

 []


Overfull \hbox (27.17044pt too wide) in paragraph at lines 36752--36763
[]\TU/lmr/m/n/10.95 In []Colos-
 []

[843] [844] [845] [846] [847] [848] [849]
Overfull \hbox (145.81363pt too wide) in paragraph at lines 37055--37070
[]
 []

[850] [851]
Overfull \hbox (36.03262pt too wide) in paragraph at lines 37147--37148
[]
 []


Overfull \hbox (92.7463pt too wide) in paragraph at lines 37157--37160
[]
 []

[852]

LaTeX Warning: Hyper reference `sec:orgebc4469' on page 853 undefined on input 
line 37224.


Overfull \hbox (27.68715pt too wide) in paragraph at lines 37252--37254
[]\TU/lmr/m/n/10.95 Imaginary Programming was essentially using LLMs in place o
f programming tools such as interpreter/compiler/linter
 []

[853] [854] [855] [856]
Overfull \hbox (27.52448pt too wide) in paragraph at lines 37398--37399
[]
 []


Overfull \hbox (162.45398pt too wide) in paragraph at lines 37400--37402
[]
 []


Overfull \hbox (123.59975pt too wide) in paragraph at lines 37447--37452
[]
 []


Overfull \hbox (182.27715pt too wide) in paragraph at lines 37457--37462
[]
 []

[857] [858]
Overfull \hbox (18.04544pt too wide) in paragraph at lines 37522--37523
[]\TU/lmr/m/n/10.95 I’ve been
 []

LaTeX Font Info:    Font shape `TU/lmtt/bx/n' in size <10.95> not available
(Font)              Font shape `TU/lmtt/b/n' tried instead on input line 37546.

[859]
Missing character: There is no ὥ in font [lmmono10-regular]:!
Missing character: There is no σ in font [lmmono10-regular]:!
Missing character: There is no τ in font [lmmono10-regular]:!
Missing character: There is no ε in font [lmmono10-regular]:!
Missing character: There is no ε in font [lmmono10-regular]:!
Missing character: There is no ἴ in font [lmmono10-regular]:!
Missing character: There is no τ in font [lmmono10-regular]:!
Missing character: There is no ι in font [lmmono10-regular]:!
Missing character: There is no ς in font [lmmono10-regular]:!
Missing character: There is no ἐ in font [lmmono10-regular]:!
Missing character: There is no ν in font [lmmono10-regular]:!
Missing character: There is no ρ in font [lmmono10-regular]:!
Missing character: There is no ι in font [lmmono10-regular]:!
Missing character: There is no σ in font [lmmono10-regular]:!
Missing character: There is no τ in font [lmmono10-regular]:!
Missing character: There is no ῷ in font [lmmono10-regular]:!
Missing character: There is no κ in font [lmmono10-regular]:!
Missing character: There is no α in font [lmmono10-regular]:!
Missing character: There is no ι in font [lmmono10-regular]:!
Missing character: There is no ν in font [lmmono10-regular]:!
Missing character: There is no ὴ in font [lmmono10-regular]:!
Missing character: There is no κ in font [lmmono10-regular]:!
Missing character: There is no τ in font [lmmono10-regular]:!
Missing character: There is no ί in font [lmmono10-regular]:!
Missing character: There is no σ in font [lmmono10-regular]:!
Missing character: There is no ι in font [lmmono10-regular]:!
Missing character: There is no ς in font [lmmono10-regular]:!
Missing character: There is no τ in font [lmmono10-regular]:!
Missing character: There is no ὰ in font [lmmono10-regular]:!

Overfull \hbox (860.66963pt too wide) in paragraph at lines 37588--37588
[] \TU/lmtt/m/n/10.95 4  Therefore if   anyone   [is] in Christ    [he is] a ne
w creation  [[https://www.blueletterbible.org/lexicon/g2537/kjv/tr/0-1/][(G2537
 kainē; new)]] [[https://www.blueletterbible.org/lexicon/g2937/kjv/tr/0-1/][(G2
937 ktisis; creation)]]  The[] 
 []

Missing character: There is no ἀ in font [lmmono10-regular]:!
Missing character: There is no ρ in font [lmmono10-regular]:!
Missing character: There is no χ in font [lmmono10-regular]:!
Missing character: There is no α in font [lmmono10-regular]:!
Missing character: There is no ῖ in font [lmmono10-regular]:!
Missing character: There is no α in font [lmmono10-regular]:!
Missing character: There is no π in font [lmmono10-regular]:!
Missing character: There is no α in font [lmmono10-regular]:!
Missing character: There is no ρ in font [lmmono10-regular]:!
Missing character: There is no ῆ in font [lmmono10-regular]:!
Missing character: There is no λ in font [lmmono10-regular]:!
Missing character: There is no θ in font [lmmono10-regular]:!
Missing character: There is no ε in font [lmmono10-regular]:!
Missing character: There is no ν in font [lmmono10-regular]:!
Missing character: There is no ἰ in font [lmmono10-regular]:!
Missing character: There is no δ in font [lmmono10-regular]:!
Missing character: There is no ο in font [lmmono10-regular]:!
Missing character: There is no ὺ in font [lmmono10-regular]:!
Missing character: There is no γ in font [lmmono10-regular]:!
Missing character: There is no έ in font [lmmono10-regular]:!
Missing character: There is no γ in font [lmmono10-regular]:!
Missing character: There is no ο in font [lmmono10-regular]:!
Missing character: There is no ν in font [lmmono10-regular]:!
Missing character: There is no ε in font [lmmono10-regular]:!
Missing character: There is no ν in font [lmmono10-regular]:!
Missing character: There is no κ in font [lmmono10-regular]:!
Missing character: There is no α in font [lmmono10-regular]:!
Missing character: There is no ι in font [lmmono10-regular]:!
Missing character: There is no ν in font [lmmono10-regular]:!
Missing character: There is no ά in font [lmmono10-regular]:!
Missing character: There is no ο in font [lmmono10-regular]:!
Missing character: There is no ὔ in font [lmmono10-regular]:!
Missing character: There is no τ in font [lmmono10-regular]:!
Missing character: There is no ε in font [lmmono10-regular]:!
Missing character: There is no γ in font [lmmono10-regular]:!
Missing character: There is no ὰ in font [lmmono10-regular]:!
Missing character: There is no ρ in font [lmmono10-regular]:!
Missing character: There is no π in font [lmmono10-regular]:!
Missing character: There is no ε in font [lmmono10-regular]:!
Missing character: There is no ρ in font [lmmono10-regular]:!
Missing character: There is no ι in font [lmmono10-regular]:!
Missing character: There is no τ in font [lmmono10-regular]:!
Missing character: There is no ο in font [lmmono10-regular]:!
Missing character: There is no μ in font [lmmono10-regular]:!
Missing character: There is no ή in font [lmmono10-regular]:!
Missing character: There is no τ in font [lmmono10-regular]:!
Missing character: There is no ί in font [lmmono10-regular]:!
Missing character: There is no ἐ in font [lmmono10-regular]:!
Missing character: There is no σ in font [lmmono10-regular]:!
Missing character: There is no τ in font [lmmono10-regular]:!
Missing character: There is no ι in font [lmmono10-regular]:!
Missing character: There is no ν in font [lmmono10-regular]:!
Missing character: There is no ο in font [lmmono10-regular]:!
Missing character: There is no ὔ in font [lmmono10-regular]:!
Missing character: There is no τ in font [lmmono10-regular]:!
Missing character: There is no ε in font [lmmono10-regular]:!
Missing character: There is no ἀ in font [lmmono10-regular]:!
Missing character: There is no κ in font [lmmono10-regular]:!
Missing character: There is no ρ in font [lmmono10-regular]:!
Missing character: There is no ο in font [lmmono10-regular]:!
Missing character: There is no β in font [lmmono10-regular]:!
Missing character: There is no υ in font [lmmono10-regular]:!
Missing character: There is no σ in font [lmmono10-regular]:!
Missing character: There is no τ in font [lmmono10-regular]:!
Missing character: There is no ί in font [lmmono10-regular]:!
Missing character: There is no α in font [lmmono10-regular]:!
Missing character: There is no ἀ in font [lmmono10-regular]:!
Missing character: There is no λ in font [lmmono10-regular]:!
Missing character: There is no λ in font [lmmono10-regular]:!
Missing character: There is no ὰ in font [lmmono10-regular]:!
Missing character: There is no κ in font [lmmono10-regular]:!
Missing character: There is no α in font [lmmono10-regular]:!
Missing character: There is no ι in font [lmmono10-regular]:!
Missing character: There is no ν in font [lmmono10-regular]:!
Missing character: There is no ὴ in font [lmmono10-regular]:!
Missing character: There is no κ in font [lmmono10-regular]:!
Missing character: There is no τ in font [lmmono10-regular]:!
Missing character: There is no ί in font [lmmono10-regular]:!
Missing character: There is no σ in font [lmmono10-regular]:!
Missing character: There is no ι in font [lmmono10-regular]:!
Missing character: There is no ς in font [lmmono10-regular]:!
[860] [861]
Overfull \hbox (26.94046pt too wide) in paragraph at lines 37684--37860
[]
 []

[862] [863] [864]
Overfull \hbox (27.52448pt too wide) in paragraph at lines 37906--37907
[]
 []

[865] [866] [867]
Overfull \hbox (7.53346pt too wide) in paragraph at lines 38032--38057
[]
 []

[868]
Overfull \hbox (196.82239pt too wide) in paragraph at lines 38106--38121
[]
 []

[869] [870]
Overfull \hbox (5.60623pt too wide) in paragraph at lines 38188--38196
[]
 []

[871]
Overfull \hbox (18.54185pt too wide) in paragraph at lines 38279--38281
[]\TU/lmr/m/n/10.95 Someone who
 []


Overfull \hbox (5.6744pt too wide) in paragraph at lines 38282--38285
[]\TU/lmr/m/n/10.95 Like I said,
 []

[872] [873] [874]
Overfull \hbox (10.10667pt too wide) in paragraph at lines 38407--38412
[]
 []

[875]
Overfull \hbox (142.26584pt too wide) in paragraph at lines 38506--38529
[]
 []


Overfull \hbox (170.26137pt too wide) in paragraph at lines 38530--38531
[]
 []


Overfull \hbox (194.24547pt too wide) in paragraph at lines 38532--38533
[]
 []

[876]
Overfull \hbox (90.13289pt too wide) in paragraph at lines 38538--38553
[]
 []


Overfull \hbox (226.72682pt too wide) in paragraph at lines 38573--38598
[]
 []


Overfull \hbox (27.52448pt too wide) in paragraph at lines 38603--38604
[]
 []


Overfull \hbox (253.58435pt too wide) in paragraph at lines 38603--38604
\TU/lmr/m/n/10.95 The word of truth is free, and |   []   |   []   |   []   |  
 []   |   []
 []

[877]
Overfull \hbox (77.52946pt too wide) in paragraph at lines 38625--38641
[]
 []

[878]
Overfull \hbox (77.52946pt too wide) in paragraph at lines 38747--38772
[]
 []

[879] [880] [881] [882] [883] [884] [885] [886] [887] [888] [889]
Overfull \hbox (140.33136pt too wide) in paragraph at lines 39263--39280
[]
 []

[890] [891] [892] [893] [894] [895]
Missing character: There is no ᾶ in font [lmmono10-regular]:!
Missing character: There is no ς in font [lmmono10-regular]:!
Missing character: There is no ὁ in font [lmmono10-regular]:!
Missing character: There is no γ in font [lmmono10-regular]:!
Missing character: There is no ε in font [lmmono10-regular]:!
Missing character: There is no γ in font [lmmono10-regular]:!
Missing character: There is no ε in font [lmmono10-regular]:!
Missing character: There is no ν in font [lmmono10-regular]:!
Missing character: There is no ν in font [lmmono10-regular]:!
Missing character: There is no η in font [lmmono10-regular]:!
Missing character: There is no μ in font [lmmono10-regular]:!
Missing character: There is no έ in font [lmmono10-regular]:!
Missing character: There is no ν in font [lmmono10-regular]:!
Missing character: There is no ο in font [lmmono10-regular]:!
Missing character: There is no ς in font [lmmono10-regular]:!
Missing character: There is no ἐ in font [lmmono10-regular]:!
Missing character: There is no κ in font [lmmono10-regular]:!
Missing character: There is no τ in font [lmmono10-regular]:!
Missing character: There is no ο in font [lmmono10-regular]:!
Missing character: There is no ῦ in font [lmmono10-regular]:!
Missing character: There is no ε in font [lmmono10-regular]:!
Missing character: There is no ο in font [lmmono10-regular]:!
Missing character: There is no ῦ in font [lmmono10-regular]:!
Missing character: There is no ἁ in font [lmmono10-regular]:!
Missing character: There is no μ in font [lmmono10-regular]:!
Missing character: There is no α in font [lmmono10-regular]:!
Missing character: There is no ρ in font [lmmono10-regular]:!
Missing character: There is no τ in font [lmmono10-regular]:!
Missing character: There is no ί in font [lmmono10-regular]:!
Missing character: There is no α in font [lmmono10-regular]:!
Missing character: There is no ν in font [lmmono10-regular]:!
Missing character: There is no ο in font [lmmono10-regular]:!
Missing character: There is no ὐ in font [lmmono10-regular]:!
Missing character: There is no π in font [lmmono10-regular]:!
Missing character: There is no ο in font [lmmono10-regular]:!
Missing character: There is no ι in font [lmmono10-regular]:!
Missing character: There is no ε in font [lmmono10-regular]:!
Missing character: There is no ῖ in font [lmmono10-regular]:!
Missing character: There is no ὅ in font [lmmono10-regular]:!
Missing character: There is no τ in font [lmmono10-regular]:!
Missing character: There is no ι in font [lmmono10-regular]:!
Missing character: There is no σ in font [lmmono10-regular]:!
Missing character: There is no π in font [lmmono10-regular]:!
Missing character: There is no έ in font [lmmono10-regular]:!
Missing character: There is no ρ in font [lmmono10-regular]:!
Missing character: There is no μ in font [lmmono10-regular]:!
Missing character: There is no α in font [lmmono10-regular]:!
Missing character: There is no α in font [lmmono10-regular]:!
Missing character: There is no ὐ in font [lmmono10-regular]:!
Missing character: There is no τ in font [lmmono10-regular]:!
Missing character: There is no ο in font [lmmono10-regular]:!
Missing character: There is no ῦ in font [lmmono10-regular]:!
Missing character: There is no ἐ in font [lmmono10-regular]:!
Missing character: There is no ν in font [lmmono10-regular]:!
Missing character: There is no α in font [lmmono10-regular]:!
Missing character: There is no ὐ in font [lmmono10-regular]:!
Missing character: There is no τ in font [lmmono10-regular]:!
Missing character: There is no ῷ in font [lmmono10-regular]:!
Missing character: There is no μ in font [lmmono10-regular]:!
Missing character: There is no έ in font [lmmono10-regular]:!
Missing character: There is no ν in font [lmmono10-regular]:!
Missing character: There is no ε in font [lmmono10-regular]:!
Missing character: There is no ι in font [lmmono10-regular]:!
Missing character: There is no κ in font [lmmono10-regular]:!
Missing character: There is no α in font [lmmono10-regular]:!
Missing character: There is no ὶ in font [lmmono10-regular]:!
Missing character: There is no ο in font [lmmono10-regular]:!
Missing character: There is no ὐ in font [lmmono10-regular]:!
Missing character: There is no δ in font [lmmono10-regular]:!
Missing character: There is no ύ in font [lmmono10-regular]:!
Missing character: There is no ν in font [lmmono10-regular]:!
Missing character: There is no α in font [lmmono10-regular]:!
Missing character: There is no τ in font [lmmono10-regular]:!
Missing character: There is no α in font [lmmono10-regular]:!
Missing character: There is no ι in font [lmmono10-regular]:!
Missing character: There is no ἁ in font [lmmono10-regular]:!
Missing character: There is no μ in font [lmmono10-regular]:!
Missing character: There is no α in font [lmmono10-regular]:!
Missing character: There is no ρ in font [lmmono10-regular]:!
Missing character: There is no τ in font [lmmono10-regular]:!
Missing character: There is no ά in font [lmmono10-regular]:!
Missing character: There is no ν in font [lmmono10-regular]:!
Missing character: There is no ε in font [lmmono10-regular]:!
Missing character: There is no ι in font [lmmono10-regular]:!
Missing character: There is no ν in font [lmmono10-regular]:!
Missing character: There is no ὅ in font [lmmono10-regular]:!
Missing character: There is no τ in font [lmmono10-regular]:!
Missing character: There is no ι in font [lmmono10-regular]:!
Missing character: There is no ἐ in font [lmmono10-regular]:!
Missing character: There is no κ in font [lmmono10-regular]:!
Missing character: There is no τ in font [lmmono10-regular]:!
Missing character: There is no ο in font [lmmono10-regular]:!
Missing character: There is no ῦ in font [lmmono10-regular]:!
Missing character: There is no ε in font [lmmono10-regular]:!
Missing character: There is no ο in font [lmmono10-regular]:!
Missing character: There is no ῦ in font [lmmono10-regular]:!
Missing character: There is no γ in font [lmmono10-regular]:!
Missing character: There is no ε in font [lmmono10-regular]:!
Missing character: There is no γ in font [lmmono10-regular]:!
Missing character: There is no έ in font [lmmono10-regular]:!
Missing character: There is no ν in font [lmmono10-regular]:!
Missing character: There is no ν in font [lmmono10-regular]:!
Missing character: There is no η in font [lmmono10-regular]:!
Missing character: There is no τ in font [lmmono10-regular]:!
Missing character: There is no α in font [lmmono10-regular]:!
Missing character: There is no ι in font [lmmono10-regular]:!
 [896] [897] [898]
Overfull \hbox (93.4252pt too wide) in paragraph at lines 39663--39668
[]
 []

[899] [900]
Overfull \hbox (54.89946pt too wide) in paragraph at lines 39787--39788
[]
 []

[901]
Overfull \hbox (352.40358pt too wide) in paragraph at lines 39797--39798
[]
 []

[902]

Package hyperref Warning: Token not allowed in a PDF string (Unicode):
(hyperref)                removing `math shift' on input line 39845.


Package hyperref Warning: Token not allowed in a PDF string (Unicode):
(hyperref)                removing `\@@underline' on input line 39845.


Package hyperref Warning: Token not allowed in a PDF string (Unicode):
(hyperref)                removing `\hbox' on input line 39845.


Package hyperref Warning: Token not allowed in a PDF string (Unicode):
(hyperref)                removing `\mathsurround' on input line 39845.


Package hyperref Warning: Token not allowed in a PDF string (Unicode):
(hyperref)                removing `\z@' on input line 39845.


Package hyperref Warning: Token not allowed in a PDF string (Unicode):
(hyperref)                removing `math shift' on input line 39845.

[903]
Missing character: There is no λ in font [lmmono10-regular]:!
Missing character: There is no ή in font [lmmono10-regular]:!
Missing character: There is no μ in font [lmmono10-regular]:!
Missing character: There is no η in font [lmmono10-regular]:!
Missing character: There is no ς in font [lmmono10-regular]:!
Missing character: There is no Ῥ in font [lmmono10-regular]:!
Missing character: There is no ώ in font [lmmono10-regular]:!
Missing character: There is no μ in font [lmmono10-regular]:!
Missing character: There is no η in font [lmmono10-regular]:!
Missing character: There is no ς in font [lmmono10-regular]:!
 [904] [905] [906] [907] [908] [909] [910]

Package hyperref Warning: Token not allowed in a PDF string (Unicode):
(hyperref)                removing `math shift' on input line 40215.


Package hyperref Warning: Token not allowed in a PDF string (Unicode):
(hyperref)                removing `\@@underline' on input line 40215.


Package hyperref Warning: Token not allowed in a PDF string (Unicode):
(hyperref)                removing `\hbox' on input line 40215.


Package hyperref Warning: Token not allowed in a PDF string (Unicode):
(hyperref)                removing `\mathsurround' on input line 40215.


Package hyperref Warning: Token not allowed in a PDF string (Unicode):
(hyperref)                removing `\z@' on input line 40215.


Package hyperref Warning: Token not allowed in a PDF string (Unicode):
(hyperref)                removing `math shift' on input line 40215.

[911] [912]
Missing character: There is no מ in font [lmmono10-regular]:!
Missing character: There is no ו in font [lmmono10-regular]:!
Missing character: There is no ֹ in font [lmmono10-regular]:!
Missing character: There is no ש in font [lmmono10-regular]:!
Missing character: There is no ׁ in font [lmmono10-regular]:!
Missing character: There is no ִ in font [lmmono10-regular]:!
Missing character: There is no י in font [lmmono10-regular]:!
Missing character: There is no ע in font [lmmono10-regular]:!
Missing character: There is no ַ in font [lmmono10-regular]:!
Missing character: There is no ע in font [lmmono10-regular]:!
Missing character: There is no ו in font [lmmono10-regular]:!
Missing character: There is no ֹ in font [lmmono10-regular]:!
Missing character: There is no ז in font [lmmono10-regular]:!
Missing character: There is no ֵ in font [lmmono10-regular]:!
Missing character: There is no ר in font [lmmono10-regular]:!
 [913] [914] [915] [916] [917] [918] [919] [920] [921] [922]
[923] [924] [925] [926] [927] [928] [929] [930] [931] [932] [933] [934]
[935] [936] [937]
Overfull \hbox (50.58153pt too wide) in paragraph at lines 41463--41466
[]
 []

[938] [939]
Missing character: There is no π in font [lmroman10-regular]:mapping=tex-text;!
Missing character: There is no ι in font [lmroman10-regular]:mapping=tex-text;!
Missing character: There is no σ in font [lmroman10-regular]:mapping=tex-text;!
Missing character: There is no τ in font [lmroman10-regular]:mapping=tex-text;!
Missing character: There is no ε in font [lmroman10-regular]:mapping=tex-text;!
Missing character: There is no ύ in font [lmroman10-regular]:mapping=tex-text;!
Missing character: There is no ω in font [lmroman10-regular]:mapping=tex-text;!
Missing character: There is no ν in font [lmroman10-regular]:mapping=tex-text;!
Missing character: There is no π in font [lmroman10-regular]:mapping=tex-text;!
Missing character: There is no ι in font [lmroman10-regular]:mapping=tex-text;!
Missing character: There is no σ in font [lmroman10-regular]:mapping=tex-text;!
Missing character: There is no τ in font [lmroman10-regular]:mapping=tex-text;!
Missing character: There is no ε in font [lmroman10-regular]:mapping=tex-text;!
Missing character: There is no ύ in font [lmroman10-regular]:mapping=tex-text;!
Missing character: There is no ω in font [lmroman10-regular]:mapping=tex-text;!
 [940] [941] [942] [943]
Overfull \hbox (47.64323pt too wide) in paragraph at lines 41776--41788
[]
 []

[944] [945] [946] [947] [948] [949] [950] [951]
Overfull \hbox (7.1283pt too wide) in paragraph at lines 42211--42213
[]\TU/lmr/m/n/10.95 There is
 []

[952] [953] [954]
Overfull \hbox (61.31995pt too wide) in paragraph at lines 42339--42340
|   []
 []


Overfull \hbox (3.5243pt too wide) in paragraph at lines 42368--42373
[]\TU/lmr/m/n/10.95 Lord, You know that we love You!
 []

[955]
Overfull \hbox (61.31995pt too wide) in paragraph at lines 42436--42437
|   []
 []


Overfull \hbox (22.12245pt too wide) in paragraph at lines 42440--42441
[]
 []

[956]
Overfull \hbox (0.75902pt too wide) in paragraph at lines 42456--42457
[]\TU/lmr/m/n/10.95 I
 []

[957]
Overfull \hbox (17.80817pt too wide) in paragraph at lines 42537--42546
[]
 []

[958] [959] [960] [961] [962]
Missing character: There is no π in font [lmroman10-regular]:mapping=tex-text;!
Missing character: There is no ι in font [lmroman10-regular]:mapping=tex-text;!
Missing character: There is no σ in font [lmroman10-regular]:mapping=tex-text;!
Missing character: There is no τ in font [lmroman10-regular]:mapping=tex-text;!
Missing character: There is no ε in font [lmroman10-regular]:mapping=tex-text;!
Missing character: There is no ύ in font [lmroman10-regular]:mapping=tex-text;!
Missing character: There is no ω in font [lmroman10-regular]:mapping=tex-text;!
Missing character: There is no ν in font [lmroman10-regular]:mapping=tex-text;!
Missing character: There is no π in font [lmroman10-regular]:mapping=tex-text;!
Missing character: There is no ι in font [lmroman10-regular]:mapping=tex-text;!
Missing character: There is no σ in font [lmroman10-regular]:mapping=tex-text;!
Missing character: There is no τ in font [lmroman10-regular]:mapping=tex-text;!
Missing character: There is no ε in font [lmroman10-regular]:mapping=tex-text;!
Missing character: There is no ύ in font [lmroman10-regular]:mapping=tex-text;!
Missing character: There is no ω in font [lmroman10-regular]:mapping=tex-text;!
 [963] [964] [965]
Overfull \hbox (15.18022pt too wide) in paragraph at lines 42950--43004
[]|   []   |   []   |   []   |   []   |   []
 []

[966]
Overfull \hbox (8.44478pt too wide) in paragraph at lines 43069--43076
[]\TU/lmr/m/n/10.95 So I just want to leave
 []

[967] [968]
Overfull \hbox (80.29248pt too wide) in paragraph at lines 43166--43182
[]
 []

[969] [970]
Missing character: There is no ὃ in font [lmmono10-regular]:!
Missing character: There is no ν in font [lmmono10-regular]:!
Missing character: There is no π in font [lmmono10-regular]:!
Missing character: There is no ρ in font [lmmono10-regular]:!
Missing character: There is no ο in font [lmmono10-regular]:!
Missing character: There is no έ in font [lmmono10-regular]:!
Missing character: There is no θ in font [lmmono10-regular]:!
Missing character: There is no ε in font [lmmono10-regular]:!
Missing character: There is no τ in font [lmmono10-regular]:!
Missing character: There is no ο in font [lmmono10-regular]:!
Missing character: There is no ὁ in font [lmmono10-regular]:!
Missing character: There is no ε in font [lmmono10-regular]:!
Missing character: There is no ὸ in font [lmmono10-regular]:!
Missing character: There is no ς in font [lmmono10-regular]:!
Missing character: There is no ἱ in font [lmmono10-regular]:!
Missing character: There is no λ in font [lmmono10-regular]:!
Missing character: There is no α in font [lmmono10-regular]:!
Missing character: There is no σ in font [lmmono10-regular]:!
Missing character: There is no τ in font [lmmono10-regular]:!
Missing character: There is no ή in font [lmmono10-regular]:!
Missing character: There is no ρ in font [lmmono10-regular]:!
Missing character: There is no ι in font [lmmono10-regular]:!
Missing character: There is no ο in font [lmmono10-regular]:!
Missing character: There is no ν in font [lmmono10-regular]:!
Missing character: There is no δ in font [lmmono10-regular]:!
Missing character: There is no ι in font [lmmono10-regular]:!
Missing character: There is no ὰ in font [lmmono10-regular]:!
Missing character: There is no τ in font [lmmono10-regular]:!
Missing character: There is no ῆ in font [lmmono10-regular]:!
Missing character: There is no ς in font [lmmono10-regular]:!
Missing character: There is no π in font [lmmono10-regular]:!
Missing character: There is no ί in font [lmmono10-regular]:!
Missing character: There is no σ in font [lmmono10-regular]:!
Missing character: There is no τ in font [lmmono10-regular]:!
Missing character: There is no ε in font [lmmono10-regular]:!
Missing character: There is no ω in font [lmmono10-regular]:!
Missing character: There is no ς in font [lmmono10-regular]:!
Missing character: There is no ἐ in font [lmmono10-regular]:!
Missing character: There is no ν in font [lmmono10-regular]:!
Missing character: There is no τ in font [lmmono10-regular]:!
Missing character: There is no ῷ in font [lmmono10-regular]:!
Missing character: There is no α in font [lmmono10-regular]:!
Missing character: There is no ὐ in font [lmmono10-regular]:!
Missing character: There is no τ in font [lmmono10-regular]:!
Missing character: There is no ο in font [lmmono10-regular]:!
Missing character: There is no ῦ in font [lmmono10-regular]:!
Missing character: There is no α in font [lmmono10-regular]:!
Missing character: There is no ἵ in font [lmmono10-regular]:!
Missing character: There is no μ in font [lmmono10-regular]:!
Missing character: There is no α in font [lmmono10-regular]:!
Missing character: There is no τ in font [lmmono10-regular]:!
Missing character: There is no ι in font [lmmono10-regular]:!
Missing character: There is no ε in font [lmmono10-regular]:!
Missing character: There is no ἰ in font [lmmono10-regular]:!
Missing character: There is no ς in font [lmmono10-regular]:!
Missing character: There is no ἔ in font [lmmono10-regular]:!
Missing character: There is no ν in font [lmmono10-regular]:!
Missing character: There is no δ in font [lmmono10-regular]:!
Missing character: There is no ε in font [lmmono10-regular]:!
Missing character: There is no ι in font [lmmono10-regular]:!
Missing character: There is no ξ in font [lmmono10-regular]:!
Missing character: There is no ι in font [lmmono10-regular]:!
Missing character: There is no ν in font [lmmono10-regular]:!
Missing character: There is no τ in font [lmmono10-regular]:!
Missing character: There is no ῆ in font [lmmono10-regular]:!
Missing character: There is no ς in font [lmmono10-regular]:!
Missing character: There is no δ in font [lmmono10-regular]:!
Missing character: There is no ι in font [lmmono10-regular]:!
Missing character: There is no κ in font [lmmono10-regular]:!
Missing character: There is no α in font [lmmono10-regular]:!
Missing character: There is no ι in font [lmmono10-regular]:!
Missing character: There is no ο in font [lmmono10-regular]:!
Missing character: There is no σ in font [lmmono10-regular]:!
Missing character: There is no ύ in font [lmmono10-regular]:!
Missing character: There is no ν in font [lmmono10-regular]:!
Missing character: There is no η in font [lmmono10-regular]:!
Missing character: There is no ς in font [lmmono10-regular]:!
Missing character: There is no α in font [lmmono10-regular]:!
Missing character: There is no ὐ in font [lmmono10-regular]:!
Missing character: There is no τ in font [lmmono10-regular]:!
Missing character: There is no ο in font [lmmono10-regular]:!
Missing character: There is no ῦ in font [lmmono10-regular]:!
Missing character: There is no δ in font [lmmono10-regular]:!
Missing character: There is no ι in font [lmmono10-regular]:!
Missing character: There is no ὰ in font [lmmono10-regular]:!
Missing character: There is no τ in font [lmmono10-regular]:!
Missing character: There is no ὴ in font [lmmono10-regular]:!
Missing character: There is no ν in font [lmmono10-regular]:!
Missing character: There is no π in font [lmmono10-regular]:!
Missing character: There is no ά in font [lmmono10-regular]:!
Missing character: There is no ρ in font [lmmono10-regular]:!
Missing character: There is no ε in font [lmmono10-regular]:!
Missing character: There is no σ in font [lmmono10-regular]:!
Missing character: There is no ι in font [lmmono10-regular]:!
Missing character: There is no ν in font [lmmono10-regular]:!
Missing character: There is no τ in font [lmmono10-regular]:!
Missing character: There is no ῶ in font [lmmono10-regular]:!
Missing character: There is no ν in font [lmmono10-regular]:!
Missing character: There is no π in font [lmmono10-regular]:!
Missing character: There is no ρ in font [lmmono10-regular]:!
Missing character: There is no ο in font [lmmono10-regular]:!
Missing character: There is no γ in font [lmmono10-regular]:!
Missing character: There is no ε in font [lmmono10-regular]:!
Missing character: There is no γ in font [lmmono10-regular]:!
Missing character: There is no ο in font [lmmono10-regular]:!
Missing character: There is no ν in font [lmmono10-regular]:!
Missing character: There is no ό in font [lmmono10-regular]:!
Missing character: There is no τ in font [lmmono10-regular]:!
Missing character: There is no ω in font [lmmono10-regular]:!
Missing character: There is no ν in font [lmmono10-regular]:!
Missing character: There is no ἁ in font [lmmono10-regular]:!
Missing character: There is no μ in font [lmmono10-regular]:!
Missing character: There is no α in font [lmmono10-regular]:!
Missing character: There is no ρ in font [lmmono10-regular]:!
Missing character: There is no τ in font [lmmono10-regular]:!
Missing character: There is no η in font [lmmono10-regular]:!
Missing character: There is no μ in font [lmmono10-regular]:!
Missing character: There is no ά in font [lmmono10-regular]:!
Missing character: There is no τ in font [lmmono10-regular]:!
Missing character: There is no ω in font [lmmono10-regular]:!
Missing character: There is no ν in font [lmmono10-regular]:!
Missing character: There is no ἐ in font [lmmono10-regular]:!
Missing character: There is no ν in font [lmmono10-regular]:!
Missing character: There is no τ in font [lmmono10-regular]:!
Missing character: There is no ῇ in font [lmmono10-regular]:!
Missing character: There is no ἀ in font [lmmono10-regular]:!
Missing character: There is no ν in font [lmmono10-regular]:!
Missing character: There is no ο in font [lmmono10-regular]:!
Missing character: There is no χ in font [lmmono10-regular]:!
Missing character: There is no ῇ in font [lmmono10-regular]:!
Missing character: There is no τ in font [lmmono10-regular]:!
Missing character: There is no ο in font [lmmono10-regular]:!
Missing character: There is no ῦ in font [lmmono10-regular]:!
Missing character: There is no ε in font [lmmono10-regular]:!
Missing character: There is no ο in font [lmmono10-regular]:!
Missing character: There is no ῦ in font [lmmono10-regular]:!
 [971] [972] [973]
Missing character: There is no ω in font [lmmono10-regular]:!
Missing character: There is no ϋ in font [lmmono10-regular]:!
Missing character: There is no σ in font [lmmono10-regular]:!
Missing character: There is no ῆ in font [lmmono10-regular]:!
Missing character: There is no ς in font [lmmono10-regular]:!
Missing character: There is no γ in font [lmmono10-regular]:!
Missing character: There is no ὰ in font [lmmono10-regular]:!
Missing character: There is no ρ in font [lmmono10-regular]:!
Missing character: There is no γ in font [lmmono10-regular]:!
Missing character: There is no ρ in font [lmmono10-regular]:!
Missing character: There is no ά in font [lmmono10-regular]:!
Missing character: There is no φ in font [lmmono10-regular]:!
Missing character: There is no ε in font [lmmono10-regular]:!
Missing character: There is no ι in font [lmmono10-regular]:!
Missing character: There is no ὅ in font [lmmono10-regular]:!
Missing character: There is no τ in font [lmmono10-regular]:!
Missing character: There is no ι in font [lmmono10-regular]:!
Missing character: There is no τ in font [lmmono10-regular]:!
Missing character: There is no ὴ in font [lmmono10-regular]:!
Missing character: There is no ν in font [lmmono10-regular]:!
Missing character: There is no δ in font [lmmono10-regular]:!
Missing character: There is no ι in font [lmmono10-regular]:!
Missing character: There is no κ in font [lmmono10-regular]:!
Missing character: There is no α in font [lmmono10-regular]:!
Missing character: There is no ι in font [lmmono10-regular]:!
Missing character: There is no ο in font [lmmono10-regular]:!
Missing character: There is no σ in font [lmmono10-regular]:!
Missing character: There is no ύ in font [lmmono10-regular]:!
Missing character: There is no ν in font [lmmono10-regular]:!
Missing character: There is no η in font [lmmono10-regular]:!
Missing character: There is no ν in font [lmmono10-regular]:!
Missing character: There is no τ in font [lmmono10-regular]:!
Missing character: There is no ὴ in font [lmmono10-regular]:!
Missing character: There is no ν in font [lmmono10-regular]:!
Missing character: There is no ἐ in font [lmmono10-regular]:!
Missing character: There is no κ in font [lmmono10-regular]:!
 [974]
Missing character: There is no τ in font [lmmono10-regular]:!
Missing character: There is no ο in font [lmmono10-regular]:!
Missing character: There is no ῦ in font [lmmono10-regular]:!
Missing character: There is no ν in font [lmmono10-regular]:!
Missing character: There is no ό in font [lmmono10-regular]:!
Missing character: There is no μ in font [lmmono10-regular]:!
Missing character: There is no ο in font [lmmono10-regular]:!
Missing character: There is no υ in font [lmmono10-regular]:!
Missing character: There is no ὅ in font [lmmono10-regular]:!
Missing character: There is no τ in font [lmmono10-regular]:!
Missing character: There is no ι in font [lmmono10-regular]:!
Missing character: There is no Ὁ in font [lmmono10-regular]:!
Missing character: There is no π in font [lmmono10-regular]:!
Missing character: There is no ο in font [lmmono10-regular]:!
Missing character: There is no ι in font [lmmono10-regular]:!
Missing character: There is no ή in font [lmmono10-regular]:!
Missing character: There is no σ in font [lmmono10-regular]:!
Missing character: There is no α in font [lmmono10-regular]:!
Missing character: There is no ς in font [lmmono10-regular]:!
Missing character: There is no α in font [lmmono10-regular]:!
Missing character: There is no ὐ in font [lmmono10-regular]:!
Missing character: There is no τ in font [lmmono10-regular]:!
Missing character: There is no ὰ in font [lmmono10-regular]:!
Missing character: There is no ἄ in font [lmmono10-regular]:!
Missing character: There is no ν in font [lmmono10-regular]:!
Missing character: There is no θ in font [lmmono10-regular]:!
Missing character: There is no ρ in font [lmmono10-regular]:!
Missing character: There is no ω in font [lmmono10-regular]:!
Missing character: There is no π in font [lmmono10-regular]:!
Missing character: There is no ο in font [lmmono10-regular]:!
Missing character: There is no ς in font [lmmono10-regular]:!
Missing character: There is no ζ in font [lmmono10-regular]:!
Missing character: There is no ή in font [lmmono10-regular]:!
Missing character: There is no σ in font [lmmono10-regular]:!
Missing character: There is no ε in font [lmmono10-regular]:!
Missing character: There is no τ in font [lmmono10-regular]:!
Missing character: There is no α in font [lmmono10-regular]:!
Missing character: There is no ι in font [lmmono10-regular]:!
Missing character: There is no ἐ in font [lmmono10-regular]:!
Missing character: There is no ν in font [lmmono10-regular]:!
Missing character: There is no α in font [lmmono10-regular]:!
Missing character: There is no ὐ in font [lmmono10-regular]:!
Missing character: There is no τ in font [lmmono10-regular]:!
Missing character: There is no ῇ in font [lmmono10-regular]:!
 [975]
Missing character: There is no ὃ in font [lmmono10-regular]:!
Missing character: There is no ν in font [lmmono10-regular]:!
Missing character: There is no π in font [lmmono10-regular]:!
Missing character: There is no ρ in font [lmmono10-regular]:!
Missing character: There is no ο in font [lmmono10-regular]:!
Missing character: There is no έ in font [lmmono10-regular]:!
Missing character: There is no θ in font [lmmono10-regular]:!
Missing character: There is no ε in font [lmmono10-regular]:!
Missing character: There is no τ in font [lmmono10-regular]:!
Missing character: There is no ο in font [lmmono10-regular]:!
Missing character: There is no ὁ in font [lmmono10-regular]:!
Missing character: There is no ε in font [lmmono10-regular]:!
Missing character: There is no ὸ in font [lmmono10-regular]:!
Missing character: There is no ς in font [lmmono10-regular]:!
Missing character: There is no ἱ in font [lmmono10-regular]:!
Missing character: There is no λ in font [lmmono10-regular]:!
Missing character: There is no α in font [lmmono10-regular]:!
Missing character: There is no σ in font [lmmono10-regular]:!
Missing character: There is no τ in font [lmmono10-regular]:!
Missing character: There is no ή in font [lmmono10-regular]:!
Missing character: There is no ρ in font [lmmono10-regular]:!
Missing character: There is no ι in font [lmmono10-regular]:!
Missing character: There is no ο in font [lmmono10-regular]:!
Missing character: There is no ν in font [lmmono10-regular]:!
Missing character: There is no δ in font [lmmono10-regular]:!
Missing character: There is no ι in font [lmmono10-regular]:!
Missing character: There is no ὰ in font [lmmono10-regular]:!
Missing character: There is no τ in font [lmmono10-regular]:!
Missing character: There is no ῆ in font [lmmono10-regular]:!
Missing character: There is no ς in font [lmmono10-regular]:!
Missing character: There is no π in font [lmmono10-regular]:!
Missing character: There is no ί in font [lmmono10-regular]:!
Missing character: There is no σ in font [lmmono10-regular]:!
Missing character: There is no τ in font [lmmono10-regular]:!
Missing character: There is no ε in font [lmmono10-regular]:!
Missing character: There is no ω in font [lmmono10-regular]:!
Missing character: There is no ς in font [lmmono10-regular]:!
Missing character: There is no ἐ in font [lmmono10-regular]:!
Missing character: There is no ν in font [lmmono10-regular]:!
Missing character: There is no τ in font [lmmono10-regular]:!
Missing character: There is no ῷ in font [lmmono10-regular]:!
Missing character: There is no α in font [lmmono10-regular]:!
Missing character: There is no ὐ in font [lmmono10-regular]:!
Missing character: There is no τ in font [lmmono10-regular]:!
Missing character: There is no ο in font [lmmono10-regular]:!
Missing character: There is no ῦ in font [lmmono10-regular]:!
Missing character: There is no α in font [lmmono10-regular]:!
Missing character: There is no ἵ in font [lmmono10-regular]:!
Missing character: There is no μ in font [lmmono10-regular]:!
Missing character: There is no α in font [lmmono10-regular]:!
Missing character: There is no τ in font [lmmono10-regular]:!
Missing character: There is no ι in font [lmmono10-regular]:!
Missing character: There is no ε in font [lmmono10-regular]:!
Missing character: There is no ἰ in font [lmmono10-regular]:!
Missing character: There is no ς in font [lmmono10-regular]:!
Missing character: There is no ἔ in font [lmmono10-regular]:!
Missing character: There is no ν in font [lmmono10-regular]:!
Missing character: There is no δ in font [lmmono10-regular]:!
Missing character: There is no ε in font [lmmono10-regular]:!
Missing character: There is no ι in font [lmmono10-regular]:!
Missing character: There is no ξ in font [lmmono10-regular]:!
Missing character: There is no ι in font [lmmono10-regular]:!
Missing character: There is no ν in font [lmmono10-regular]:!
Missing character: There is no τ in font [lmmono10-regular]:!
Missing character: There is no ῆ in font [lmmono10-regular]:!
Missing character: There is no ς in font [lmmono10-regular]:!
Missing character: There is no δ in font [lmmono10-regular]:!
Missing character: There is no ι in font [lmmono10-regular]:!
Missing character: There is no κ in font [lmmono10-regular]:!
Missing character: There is no α in font [lmmono10-regular]:!
Missing character: There is no ι in font [lmmono10-regular]:!
Missing character: There is no ο in font [lmmono10-regular]:!
Missing character: There is no σ in font [lmmono10-regular]:!
Missing character: There is no ύ in font [lmmono10-regular]:!
Missing character: There is no ν in font [lmmono10-regular]:!
Missing character: There is no η in font [lmmono10-regular]:!
Missing character: There is no ς in font [lmmono10-regular]:!
Missing character: There is no α in font [lmmono10-regular]:!
Missing character: There is no ὐ in font [lmmono10-regular]:!
Missing character: There is no τ in font [lmmono10-regular]:!
Missing character: There is no ο in font [lmmono10-regular]:!
Missing character: There is no ῦ in font [lmmono10-regular]:!
Missing character: There is no δ in font [lmmono10-regular]:!
Missing character: There is no ι in font [lmmono10-regular]:!
Missing character: There is no ὰ in font [lmmono10-regular]:!
Missing character: There is no τ in font [lmmono10-regular]:!
Missing character: There is no ὴ in font [lmmono10-regular]:!
Missing character: There is no ν in font [lmmono10-regular]:!
Missing character: There is no π in font [lmmono10-regular]:!
Missing character: There is no ά in font [lmmono10-regular]:!
Missing character: There is no ρ in font [lmmono10-regular]:!
Missing character: There is no ε in font [lmmono10-regular]:!
Missing character: There is no σ in font [lmmono10-regular]:!
Missing character: There is no ι in font [lmmono10-regular]:!
Missing character: There is no ν in font [lmmono10-regular]:!
Missing character: There is no τ in font [lmmono10-regular]:!
Missing character: There is no ῶ in font [lmmono10-regular]:!
Missing character: There is no ν in font [lmmono10-regular]:!
Missing character: There is no π in font [lmmono10-regular]:!
Missing character: There is no ρ in font [lmmono10-regular]:!
Missing character: There is no ο in font [lmmono10-regular]:!
Missing character: There is no γ in font [lmmono10-regular]:!
Missing character: There is no ε in font [lmmono10-regular]:!
Missing character: There is no γ in font [lmmono10-regular]:!
Missing character: There is no ο in font [lmmono10-regular]:!
Missing character: There is no ν in font [lmmono10-regular]:!
Missing character: There is no ό in font [lmmono10-regular]:!
Missing character: There is no τ in font [lmmono10-regular]:!
Missing character: There is no ω in font [lmmono10-regular]:!
Missing character: There is no ν in font [lmmono10-regular]:!
Missing character: There is no ἁ in font [lmmono10-regular]:!
Missing character: There is no μ in font [lmmono10-regular]:!
Missing character: There is no α in font [lmmono10-regular]:!
Missing character: There is no ρ in font [lmmono10-regular]:!
Missing character: There is no τ in font [lmmono10-regular]:!
Missing character: There is no η in font [lmmono10-regular]:!
Missing character: There is no μ in font [lmmono10-regular]:!
Missing character: There is no ά in font [lmmono10-regular]:!
Missing character: There is no τ in font [lmmono10-regular]:!
Missing character: There is no ω in font [lmmono10-regular]:!
Missing character: There is no ν in font [lmmono10-regular]:!
Missing character: There is no ἐ in font [lmmono10-regular]:!
Missing character: There is no ν in font [lmmono10-regular]:!
Missing character: There is no τ in font [lmmono10-regular]:!
Missing character: There is no ῇ in font [lmmono10-regular]:!
Missing character: There is no ἀ in font [lmmono10-regular]:!
Missing character: There is no ν in font [lmmono10-regular]:!
Missing character: There is no ο in font [lmmono10-regular]:!
Missing character: There is no χ in font [lmmono10-regular]:!
Missing character: There is no ῇ in font [lmmono10-regular]:!
Missing character: There is no τ in font [lmmono10-regular]:!
Missing character: There is no ο in font [lmmono10-regular]:!
Missing character: There is no ῦ in font [lmmono10-regular]:!
Missing character: There is no ε in font [lmmono10-regular]:!
Missing character: There is no ο in font [lmmono10-regular]:!
Missing character: There is no ῦ in font [lmmono10-regular]:!
 [976]
Overfull \hbox (170.47305pt too wide) in paragraph at lines 43526--43527
[]
 []

[977] [978]
Overfull \hbox (39.83955pt too wide) in paragraph at lines 43595--43596
[]
 []

[979] [980] [981]
Overfull \hbox (102.66698pt too wide) in paragraph at lines 43687--43688
[]
 []


Overfull \hbox (325.0286pt too wide) in paragraph at lines 43706--43707
[]
 []

[982]
Overfull \hbox (87.54504pt too wide) in paragraph at lines 43724--43735
[]
 []


Overfull \hbox (5.02957pt too wide) in paragraph at lines 43738--43745
[]\TU/lmr/m/n/10.95 We can’t build
 []

[983] [984]
Overfull \hbox (145.81363pt too wide) in paragraph at lines 43793--43805
[]
 []


Overfull \hbox (56.54927pt too wide) in paragraph at lines 43814--43822
[]
 []


Overfull \hbox (402.16763pt too wide) in paragraph at lines 43832--43836
[]
 []

[985]
Overfull \hbox (648.35649pt too wide) in paragraph at lines 43847--43848
[]
 []

[986]
Overfull \hbox (18.79733pt too wide) in paragraph at lines 43923--43935
[]
 []

[987]
Overfull \hbox (93.4252pt too wide) in paragraph at lines 43965--43970
[]
 []


Overfull \hbox (15.93938pt too wide) in paragraph at lines 43990--44000
[]\TU/lmr/m/n/10.95 You know,
 []

[988] [989]
Missing character: There is no Ἀ in font [lmmono10-regular]:!
Missing character: There is no λ in font [lmmono10-regular]:!
Missing character: There is no λ in font [lmmono10-regular]:!
Missing character: There is no ὰ in font [lmmono10-regular]:!
Missing character: There is no κ in font [lmmono10-regular]:!
Missing character: There is no α in font [lmmono10-regular]:!
Missing character: There is no ὶ in font [lmmono10-regular]:!
Missing character: There is no ἐ in font [lmmono10-regular]:!
Missing character: There is no ὰ in font [lmmono10-regular]:!
Missing character: There is no ν in font [lmmono10-regular]:!
Missing character: There is no ἡ in font [lmmono10-regular]:!
Missing character: There is no μ in font [lmmono10-regular]:!
Missing character: There is no ε in font [lmmono10-regular]:!
Missing character: There is no ῖ in font [lmmono10-regular]:!
Missing character: There is no ς in font [lmmono10-regular]:!
Missing character: There is no ἢ in font [lmmono10-regular]:!
Missing character: There is no ἄ in font [lmmono10-regular]:!
Missing character: There is no γ in font [lmmono10-regular]:!
Missing character: There is no γ in font [lmmono10-regular]:!
Missing character: There is no ε in font [lmmono10-regular]:!
Missing character: There is no λ in font [lmmono10-regular]:!
Missing character: There is no ο in font [lmmono10-regular]:!
Missing character: There is no ς in font [lmmono10-regular]:!
Missing character: There is no ἐ in font [lmmono10-regular]:!
Missing character: There is no ξ in font [lmmono10-regular]:!
Missing character: There is no ο in font [lmmono10-regular]:!
Missing character: There is no ὐ in font [lmmono10-regular]:!
Missing character: There is no ρ in font [lmmono10-regular]:!
Missing character: There is no α in font [lmmono10-regular]:!
Missing character: There is no ν in font [lmmono10-regular]:!
Missing character: There is no ο in font [lmmono10-regular]:!
Missing character: There is no ῦ in font [lmmono10-regular]:!
Missing character: There is no ε in font [lmmono10-regular]:!
Missing character: There is no ὐ in font [lmmono10-regular]:!
Missing character: There is no α in font [lmmono10-regular]:!
Missing character: There is no γ in font [lmmono10-regular]:!
Missing character: There is no γ in font [lmmono10-regular]:!
Missing character: There is no ε in font [lmmono10-regular]:!
Missing character: There is no λ in font [lmmono10-regular]:!
Missing character: There is no ί in font [lmmono10-regular]:!
Missing character: There is no ζ in font [lmmono10-regular]:!
Missing character: There is no η in font [lmmono10-regular]:!
Missing character: There is no τ in font [lmmono10-regular]:!
Missing character: There is no α in font [lmmono10-regular]:!
Missing character: There is no ι in font [lmmono10-regular]:!
Missing character: There is no ὑ in font [lmmono10-regular]:!
Missing character: There is no μ in font [lmmono10-regular]:!
Missing character: There is no ῖ in font [lmmono10-regular]:!
Missing character: There is no ν in font [lmmono10-regular]:!
Missing character: There is no π in font [lmmono10-regular]:!
Missing character: There is no α in font [lmmono10-regular]:!
Missing character: There is no ρ in font [lmmono10-regular]:!
Missing character: There is no ὃ in font [lmmono10-regular]:!
Missing character: There is no ε in font [lmmono10-regular]:!
Missing character: There is no ὐ in font [lmmono10-regular]:!
Missing character: There is no η in font [lmmono10-regular]:!
Missing character: There is no γ in font [lmmono10-regular]:!
Missing character: There is no γ in font [lmmono10-regular]:!
Missing character: There is no ε in font [lmmono10-regular]:!
Missing character: There is no λ in font [lmmono10-regular]:!
Missing character: There is no ι in font [lmmono10-regular]:!
Missing character: There is no σ in font [lmmono10-regular]:!
Missing character: There is no ά in font [lmmono10-regular]:!
Missing character: There is no μ in font [lmmono10-regular]:!
Missing character: There is no ε in font [lmmono10-regular]:!
Missing character: There is no θ in font [lmmono10-regular]:!
Missing character: There is no α in font [lmmono10-regular]:!
Missing character: There is no ὑ in font [lmmono10-regular]:!
Missing character: There is no μ in font [lmmono10-regular]:!
Missing character: There is no ῖ in font [lmmono10-regular]:!
Missing character: There is no ν in font [lmmono10-regular]:!
Missing character: There is no ἀ in font [lmmono10-regular]:!
Missing character: There is no ν in font [lmmono10-regular]:!
Missing character: There is no ά in font [lmmono10-regular]:!
Missing character: There is no θ in font [lmmono10-regular]:!
Missing character: There is no ε in font [lmmono10-regular]:!
Missing character: There is no μ in font [lmmono10-regular]:!
Missing character: There is no α in font [lmmono10-regular]:!
Missing character: There is no ἔ in font [lmmono10-regular]:!
Missing character: There is no σ in font [lmmono10-regular]:!
Missing character: There is no τ in font [lmmono10-regular]:!
Missing character: There is no ω in font [lmmono10-regular]:!
 [990]
Overfull \hbox (387.46916pt too wide) in paragraph at lines 44119--44141
[]
 []


Overfull \hbox (31.0394pt too wide) in paragraph at lines 44158--44165
[]
 []

[991]
Overfull \hbox (180.91205pt too wide) in paragraph at lines 44269--44278
[]
 []


Overfull \hbox (303.71262pt too wide) in paragraph at lines 44289--44329
[]
 []

[992]
Missing character: There is no δ in font [lmroman10-regular]:mapping=tex-text;!
Missing character: There is no ί in font [lmroman10-regular]:mapping=tex-text;!
Missing character: There is no κ in font [lmroman10-regular]:mapping=tex-text;!
Missing character: There is no α in font [lmroman10-regular]:mapping=tex-text;!
Missing character: There is no ι in font [lmroman10-regular]:mapping=tex-text;!
Missing character: There is no ο in font [lmroman10-regular]:mapping=tex-text;!
Missing character: There is no ν in font [lmroman10-regular]:mapping=tex-text;!
 [993] [994]
Missing character: There is no δ in font [lmroman10-regular]:mapping=tex-text;!
Missing character: There is no ί in font [lmroman10-regular]:mapping=tex-text;!
Missing character: There is no κ in font [lmroman10-regular]:mapping=tex-text;!
Missing character: There is no α in font [lmroman10-regular]:mapping=tex-text;!
Missing character: There is no ι in font [lmroman10-regular]:mapping=tex-text;!
Missing character: There is no ο in font [lmroman10-regular]:mapping=tex-text;!
Missing character: There is no ν in font [lmroman10-regular]:mapping=tex-text;!
 [995] [996] [997]
Missing character: There is no Ἀ in font [lmmono10-regular]:!
Missing character: There is no π in font [lmmono10-regular]:!
Missing character: There is no ο in font [lmmono10-regular]:!
Missing character: There is no κ in font [lmmono10-regular]:!
Missing character: There is no ά in font [lmmono10-regular]:!
Missing character: There is no λ in font [lmmono10-regular]:!
Missing character: There is no υ in font [lmmono10-regular]:!
Missing character: There is no ψ in font [lmmono10-regular]:!
Missing character: There is no ι in font [lmmono10-regular]:!
Missing character: There is no ς in font [lmmono10-regular]:!
Missing character: There is no Ἰ in font [lmmono10-regular]:!
Missing character: There is no η in font [lmmono10-regular]:!
Missing character: There is no σ in font [lmmono10-regular]:!
Missing character: There is no ο in font [lmmono10-regular]:!
Missing character: There is no ῦ in font [lmmono10-regular]:!
Missing character: There is no ρ in font [lmmono10-regular]:!
Missing character: There is no ι in font [lmmono10-regular]:!
Missing character: There is no σ in font [lmmono10-regular]:!
Missing character: There is no τ in font [lmmono10-regular]:!
Missing character: There is no ο in font [lmmono10-regular]:!
Missing character: There is no ῦ in font [lmmono10-regular]:!
Missing character: There is no ἣ in font [lmmono10-regular]:!
Missing character: There is no ν in font [lmmono10-regular]:!
Missing character: There is no ἔ in font [lmmono10-regular]:!
Missing character: There is no δ in font [lmmono10-regular]:!
Missing character: There is no ω in font [lmmono10-regular]:!
Missing character: There is no κ in font [lmmono10-regular]:!
Missing character: There is no ε in font [lmmono10-regular]:!
Missing character: There is no ν in font [lmmono10-regular]:!
Missing character: There is no α in font [lmmono10-regular]:!
Missing character: There is no ὐ in font [lmmono10-regular]:!
Missing character: There is no τ in font [lmmono10-regular]:!
Missing character: There is no ῷ in font [lmmono10-regular]:!
 [998]
Missing character: There is no ὁ in font [lmmono10-regular]:!
Missing character: There is no ε in font [lmmono10-regular]:!
Missing character: There is no ό in font [lmmono10-regular]:!
Missing character: There is no ς in font [lmmono10-regular]:!
Missing character: There is no δ in font [lmmono10-regular]:!
Missing character: There is no ε in font [lmmono10-regular]:!
Missing character: There is no ῖ in font [lmmono10-regular]:!
Missing character: There is no ξ in font [lmmono10-regular]:!
Missing character: There is no α in font [lmmono10-regular]:!
Missing character: There is no ι in font [lmmono10-regular]:!
Missing character: There is no τ in font [lmmono10-regular]:!
Missing character: There is no ο in font [lmmono10-regular]:!
Missing character: There is no ῖ in font [lmmono10-regular]:!
Missing character: There is no ς in font [lmmono10-regular]:!
Missing character: There is no δ in font [lmmono10-regular]:!
Missing character: There is no ο in font [lmmono10-regular]:!
Missing character: There is no ύ in font [lmmono10-regular]:!
Missing character: There is no λ in font [lmmono10-regular]:!
Missing character: There is no ο in font [lmmono10-regular]:!
Missing character: There is no ι in font [lmmono10-regular]:!
Missing character: There is no ς in font [lmmono10-regular]:!
Missing character: There is no α in font [lmmono10-regular]:!
Missing character: There is no ὐ in font [lmmono10-regular]:!
Missing character: There is no τ in font [lmmono10-regular]:!
Missing character: There is no ο in font [lmmono10-regular]:!
Missing character: There is no ῦ in font [lmmono10-regular]:!
Missing character: There is no ἃ in font [lmmono10-regular]:!
Missing character: There is no δ in font [lmmono10-regular]:!
Missing character: There is no ε in font [lmmono10-regular]:!
Missing character: There is no ῖ in font [lmmono10-regular]:!
Missing character: There is no γ in font [lmmono10-regular]:!
Missing character: There is no ε in font [lmmono10-regular]:!
Missing character: There is no ν in font [lmmono10-regular]:!
Missing character: There is no έ in font [lmmono10-regular]:!
Missing character: There is no σ in font [lmmono10-regular]:!
Missing character: There is no θ in font [lmmono10-regular]:!
Missing character: There is no α in font [lmmono10-regular]:!
Missing character: There is no ι in font [lmmono10-regular]:!
Missing character: There is no ἐ in font [lmmono10-regular]:!
Missing character: There is no ν in font [lmmono10-regular]:!
Missing character: There is no τ in font [lmmono10-regular]:!
Missing character: There is no ά in font [lmmono10-regular]:!
Missing character: There is no χ in font [lmmono10-regular]:!
Missing character: There is no ε in font [lmmono10-regular]:!
Missing character: There is no ι in font [lmmono10-regular]:!
Missing character: There is no κ in font [lmmono10-regular]:!
Missing character: There is no α in font [lmmono10-regular]:!
Missing character: There is no ὶ in font [lmmono10-regular]:!
Missing character: There is no ἐ in font [lmmono10-regular]:!
Missing character: There is no σ in font [lmmono10-regular]:!
Missing character: There is no ή in font [lmmono10-regular]:!
Missing character: There is no μ in font [lmmono10-regular]:!
Missing character: There is no α in font [lmmono10-regular]:!
Missing character: There is no ν in font [lmmono10-regular]:!
Missing character: There is no ε in font [lmmono10-regular]:!
Missing character: There is no ν in font [lmmono10-regular]:!
Missing character: There is no ἀ in font [lmmono10-regular]:!
Missing character: There is no π in font [lmmono10-regular]:!
Missing character: There is no ο in font [lmmono10-regular]:!
Missing character: There is no σ in font [lmmono10-regular]:!
Missing character: There is no τ in font [lmmono10-regular]:!
Missing character: There is no ε in font [lmmono10-regular]:!
Missing character: There is no ί in font [lmmono10-regular]:!
Missing character: There is no λ in font [lmmono10-regular]:!
Missing character: There is no α in font [lmmono10-regular]:!
Missing character: There is no ς in font [lmmono10-regular]:!
Missing character: There is no δ in font [lmmono10-regular]:!
Missing character: There is no ι in font [lmmono10-regular]:!
Missing character: There is no ὰ in font [lmmono10-regular]:!
Missing character: There is no τ in font [lmmono10-regular]:!
Missing character: There is no ο in font [lmmono10-regular]:!
Missing character: There is no ῦ in font [lmmono10-regular]:!
Missing character: There is no ἀ in font [lmmono10-regular]:!
Missing character: There is no γ in font [lmmono10-regular]:!
Missing character: There is no γ in font [lmmono10-regular]:!
Missing character: There is no έ in font [lmmono10-regular]:!
Missing character: There is no λ in font [lmmono10-regular]:!
Missing character: There is no ο in font [lmmono10-regular]:!
Missing character: There is no υ in font [lmmono10-regular]:!
Missing character: There is no α in font [lmmono10-regular]:!
Missing character: There is no ὐ in font [lmmono10-regular]:!
Missing character: There is no τ in font [lmmono10-regular]:!
Missing character: There is no ο in font [lmmono10-regular]:!
Missing character: There is no ῦ in font [lmmono10-regular]:!
Missing character: There is no τ in font [lmmono10-regular]:!
Missing character: There is no ῷ in font [lmmono10-regular]:!
Missing character: There is no δ in font [lmmono10-regular]:!
Missing character: There is no ο in font [lmmono10-regular]:!
Missing character: There is no ύ in font [lmmono10-regular]:!
Missing character: There is no λ in font [lmmono10-regular]:!
Missing character: There is no ῳ in font [lmmono10-regular]:!
Missing character: There is no α in font [lmmono10-regular]:!
Missing character: There is no ὐ in font [lmmono10-regular]:!
Missing character: There is no τ in font [lmmono10-regular]:!
Missing character: There is no ο in font [lmmono10-regular]:!
Missing character: There is no ῦ in font [lmmono10-regular]:!
Missing character: There is no Ἰ in font [lmmono10-regular]:!
Missing character: There is no ω in font [lmmono10-regular]:!
Missing character: There is no ά in font [lmmono10-regular]:!
Missing character: There is no ν in font [lmmono10-regular]:!
Missing character: There is no ν in font [lmmono10-regular]:!
Missing character: There is no ῃ in font [lmmono10-regular]:!
 [999] [1000]
Overfull \hbox (169.7029pt too wide) in paragraph at lines 44717--44731
[]
 []

[1001]
Overfull \hbox (6.19028pt too wide) in paragraph at lines 44778--44779
[]\TU/lmr/m/n/10.95 This is part of Jesus’ para-
 []

Missing character: There is no ὅ in font [lmmono10-regular]:!
Missing character: There is no σ in font [lmmono10-regular]:!
Missing character: There is no ο in font [lmmono10-regular]:!
Missing character: There is no ι in font [lmmono10-regular]:!
Missing character: There is no δ in font [lmmono10-regular]:!
Missing character: There is no ὲ in font [lmmono10-regular]:!
Missing character: There is no ἔ in font [lmmono10-regular]:!
Missing character: There is no λ in font [lmmono10-regular]:!
Missing character: There is no α in font [lmmono10-regular]:!
Missing character: There is no β in font [lmmono10-regular]:!
Missing character: There is no ο in font [lmmono10-regular]:!
Missing character: There is no ν in font [lmmono10-regular]:!
Missing character: There is no α in font [lmmono10-regular]:!
Missing character: There is no ὐ in font [lmmono10-regular]:!
Missing character: There is no τ in font [lmmono10-regular]:!
Missing character: There is no ό in font [lmmono10-regular]:!
Missing character: There is no ν in font [lmmono10-regular]:!
Missing character: There is no ἔ in font [lmmono10-regular]:!
Missing character: There is no δ in font [lmmono10-regular]:!
Missing character: There is no ω in font [lmmono10-regular]:!
Missing character: There is no κ in font [lmmono10-regular]:!
Missing character: There is no ε in font [lmmono10-regular]:!
Missing character: There is no ν in font [lmmono10-regular]:!
Missing character: There is no α in font [lmmono10-regular]:!
Missing character: There is no ὐ in font [lmmono10-regular]:!
Missing character: There is no τ in font [lmmono10-regular]:!
Missing character: There is no ο in font [lmmono10-regular]:!
Missing character: There is no ῖ in font [lmmono10-regular]:!
Missing character: There is no ς in font [lmmono10-regular]:!
Missing character: There is no ἐ in font [lmmono10-regular]:!
Missing character: There is no ξ in font [lmmono10-regular]:!
Missing character: There is no ο in font [lmmono10-regular]:!
Missing character: There is no υ in font [lmmono10-regular]:!
Missing character: There is no σ in font [lmmono10-regular]:!
Missing character: There is no ί in font [lmmono10-regular]:!
Missing character: There is no α in font [lmmono10-regular]:!
Missing character: There is no ν in font [lmmono10-regular]:!
Missing character: There is no τ in font [lmmono10-regular]:!
Missing character: There is no έ in font [lmmono10-regular]:!
Missing character: There is no κ in font [lmmono10-regular]:!
Missing character: There is no ν in font [lmmono10-regular]:!
Missing character: There is no α in font [lmmono10-regular]:!
Missing character: There is no ε in font [lmmono10-regular]:!
Missing character: There is no ο in font [lmmono10-regular]:!
Missing character: There is no ῦ in font [lmmono10-regular]:!
Missing character: There is no γ in font [lmmono10-regular]:!
Missing character: There is no ε in font [lmmono10-regular]:!
Missing character: There is no ν in font [lmmono10-regular]:!
Missing character: There is no έ in font [lmmono10-regular]:!
Missing character: There is no σ in font [lmmono10-regular]:!
Missing character: There is no θ in font [lmmono10-regular]:!
Missing character: There is no α in font [lmmono10-regular]:!
Missing character: There is no ι in font [lmmono10-regular]:!
Missing character: There is no τ in font [lmmono10-regular]:!
Missing character: There is no ο in font [lmmono10-regular]:!
Missing character: There is no ῖ in font [lmmono10-regular]:!
Missing character: There is no ς in font [lmmono10-regular]:!
Missing character: There is no π in font [lmmono10-regular]:!
Missing character: There is no ι in font [lmmono10-regular]:!
Missing character: There is no σ in font [lmmono10-regular]:!
Missing character: There is no τ in font [lmmono10-regular]:!
Missing character: There is no ε in font [lmmono10-regular]:!
Missing character: There is no ύ in font [lmmono10-regular]:!
Missing character: There is no ο in font [lmmono10-regular]:!
Missing character: There is no υ in font [lmmono10-regular]:!
Missing character: There is no σ in font [lmmono10-regular]:!
Missing character: There is no ι in font [lmmono10-regular]:!
Missing character: There is no ν in font [lmmono10-regular]:!
[1002]
Missing character: There is no ε in font [lmmono10-regular]:!
Missing character: There is no ἰ in font [lmmono10-regular]:!
Missing character: There is no ς in font [lmmono10-regular]:!
Missing character: There is no τ in font [lmmono10-regular]:!
Missing character: There is no ὸ in font [lmmono10-regular]:!
Missing character: There is no ὄ in font [lmmono10-regular]:!
Missing character: There is no ν in font [lmmono10-regular]:!
Missing character: There is no ο in font [lmmono10-regular]:!
Missing character: There is no μ in font [lmmono10-regular]:!
Missing character: There is no α in font [lmmono10-regular]:!
Missing character: There is no α in font [lmmono10-regular]:!
Missing character: There is no ὐ in font [lmmono10-regular]:!
Missing character: There is no τ in font [lmmono10-regular]:!
Missing character: There is no ο in font [lmmono10-regular]:!
Missing character: There is no ῦ in font [lmmono10-regular]:!
 [1003] [1004]
Overfull \hbox (43.74873pt too wide) in paragraph at lines 44954--44960
[]
 []

[1005] [1006] [1007]
Overfull \hbox (18.16959pt too wide) in paragraph at lines 45104--45105
[]\TU/lmr/m/n/10.95 If an ox wears
 []

[1008] [1009] [1010]
Overfull \hbox (40.72736pt too wide) in paragraph at lines 45205--45206
\TU/lmr/m/n/10.95 as in obeying the voice of the LORD? Behold, |   []   |   [],
 and |   [].
 []

[1011] [1012] [1013]
Missing character: There is no ο in font [lmroman10-regular]:mapping=tex-text;!
Missing character: There is no ὐ in font [lmroman10-regular]:mapping=tex-text;!
Missing character: There is no μ in font [lmroman10-regular]:mapping=tex-text;!
Missing character: There is no ή in font [lmroman10-regular]:mapping=tex-text;!
Missing character: There is no ο in font [lmroman10-regular]:mapping=tex-text;!
Missing character: There is no ὐ in font [lmroman10-regular]:mapping=tex-text;!
Missing character: There is no μ in font [lmroman10-regular]:mapping=tex-text;!
Missing character: There is no ή in font [lmroman10-regular]:mapping=tex-text;!
 [1014] [1015] [1016]
Overfull \hbox (51.99234pt too wide) in paragraph at lines 45509--45521
[]
 []

[1017] [1018] [1019] [1020] [1021] [1022]
Overfull \hbox (113.33235pt too wide) in paragraph at lines 45774--45774
[]\TU/lmtt/m/n/10.95 1  5620      27       1473     2531     3842     5219     
       3361     5613     1722     3588     3952     1473[] 
 []


Overfull \hbox (107.5836pt too wide) in paragraph at lines 45774--45774
[]\TU/lmtt/m/n/10.95 2  Hōste     agapētoi mou      kathōs   pantote  hypēkousa
te     mē       hōs      en       tē       parousia mou[] 
 []

Missing character: There is no Ὥ in font [lmmono10-regular]:!
Missing character: There is no σ in font [lmmono10-regular]:!
Missing character: There is no τ in font [lmmono10-regular]:!
Missing character: There is no ε in font [lmmono10-regular]:!
Missing character: There is no ἀ in font [lmmono10-regular]:!
Missing character: There is no γ in font [lmmono10-regular]:!
Missing character: There is no α in font [lmmono10-regular]:!
Missing character: There is no π in font [lmmono10-regular]:!
Missing character: There is no η in font [lmmono10-regular]:!
Missing character: There is no τ in font [lmmono10-regular]:!
Missing character: There is no ο in font [lmmono10-regular]:!
Missing character: There is no ί in font [lmmono10-regular]:!
Missing character: There is no μ in font [lmmono10-regular]:!
Missing character: There is no ο in font [lmmono10-regular]:!
Missing character: There is no υ in font [lmmono10-regular]:!
Missing character: There is no κ in font [lmmono10-regular]:!
Missing character: There is no α in font [lmmono10-regular]:!
Missing character: There is no θ in font [lmmono10-regular]:!
Missing character: There is no ὼ in font [lmmono10-regular]:!
Missing character: There is no ς in font [lmmono10-regular]:!
Missing character: There is no π in font [lmmono10-regular]:!
Missing character: There is no ά in font [lmmono10-regular]:!
Missing character: There is no ν in font [lmmono10-regular]:!
Missing character: There is no τ in font [lmmono10-regular]:!
Missing character: There is no ο in font [lmmono10-regular]:!
Missing character: There is no τ in font [lmmono10-regular]:!
Missing character: There is no ε in font [lmmono10-regular]:!
Missing character: There is no ὑ in font [lmmono10-regular]:!
Missing character: There is no π in font [lmmono10-regular]:!
Missing character: There is no η in font [lmmono10-regular]:!
Missing character: There is no κ in font [lmmono10-regular]:!
Missing character: There is no ο in font [lmmono10-regular]:!
Missing character: There is no ύ in font [lmmono10-regular]:!
Missing character: There is no σ in font [lmmono10-regular]:!
Missing character: There is no α in font [lmmono10-regular]:!
Missing character: There is no τ in font [lmmono10-regular]:!
Missing character: There is no ε in font [lmmono10-regular]:!
Missing character: There is no μ in font [lmmono10-regular]:!
Missing character: There is no ὴ in font [lmmono10-regular]:!
Missing character: There is no ὡ in font [lmmono10-regular]:!
Missing character: There is no ς in font [lmmono10-regular]:!
Missing character: There is no ἐ in font [lmmono10-regular]:!
Missing character: There is no ν in font [lmmono10-regular]:!
Missing character: There is no τ in font [lmmono10-regular]:!
Missing character: There is no ῇ in font [lmmono10-regular]:!
Missing character: There is no π in font [lmmono10-regular]:!
Missing character: There is no α in font [lmmono10-regular]:!
Missing character: There is no ρ in font [lmmono10-regular]:!
Missing character: There is no ο in font [lmmono10-regular]:!
Missing character: There is no υ in font [lmmono10-regular]:!
Missing character: There is no σ in font [lmmono10-regular]:!
Missing character: There is no ί in font [lmmono10-regular]:!
Missing character: There is no ᾳ in font [lmmono10-regular]:!
Missing character: There is no μ in font [lmmono10-regular]:!
Missing character: There is no ο in font [lmmono10-regular]:!
Missing character: There is no υ in font [lmmono10-regular]:!

Overfull \hbox (119.0811pt too wide) in paragraph at lines 45774--45774
[]\TU/lmtt/m/n/10.95 4  Therefore beloved  of me    just as  always   you have 
obeyed not      as       in       the      presence of me[] 
 []


Overfull \hbox (136.32735pt too wide) in paragraph at lines 45774--45774
[]\TU/lmtt/m/n/10.95 5  Conj      Adj-VMP  PPro-G1S Adv      Adv      V-AIA-2P 
       Adv      Adv      Prep     Art-DFS  N-DFS    PPro-G1S[] 
 []


Overfull \hbox (55.84486pt too wide) in paragraph at lines 45782--45782
[]\TU/lmtt/m/n/10.95 1  3440     235     3568     4183     3123     1722     35
88     666     1473     3326     5401     2532[] 
 []


Overfull \hbox (50.09612pt too wide) in paragraph at lines 45782--45782
[]\TU/lmtt/m/n/10.95 2  monon    alla    nyn      pollō    mallon   en       tē
       apousia mou      meta     phobou   kai[] 
 []

Missing character: There is no μ in font [lmmono10-regular]:!
Missing character: There is no ό in font [lmmono10-regular]:!
Missing character: There is no ν in font [lmmono10-regular]:!
Missing character: There is no ο in font [lmmono10-regular]:!
Missing character: There is no ν in font [lmmono10-regular]:!
Missing character: There is no ἀ in font [lmmono10-regular]:!
Missing character: There is no λ in font [lmmono10-regular]:!
Missing character: There is no λ in font [lmmono10-regular]:!
Missing character: There is no ὰ in font [lmmono10-regular]:!
Missing character: There is no ν in font [lmmono10-regular]:!
Missing character: There is no ῦ in font [lmmono10-regular]:!
Missing character: There is no ν in font [lmmono10-regular]:!
Missing character: There is no π in font [lmmono10-regular]:!
Missing character: There is no ο in font [lmmono10-regular]:!
Missing character: There is no λ in font [lmmono10-regular]:!
Missing character: There is no λ in font [lmmono10-regular]:!
Missing character: There is no ῷ in font [lmmono10-regular]:!
Missing character: There is no μ in font [lmmono10-regular]:!
Missing character: There is no ᾶ in font [lmmono10-regular]:!
Missing character: There is no λ in font [lmmono10-regular]:!
Missing character: There is no λ in font [lmmono10-regular]:!
Missing character: There is no ο in font [lmmono10-regular]:!
Missing character: There is no ν in font [lmmono10-regular]:!
Missing character: There is no ἐ in font [lmmono10-regular]:!
Missing character: There is no ν in font [lmmono10-regular]:!
Missing character: There is no τ in font [lmmono10-regular]:!
Missing character: There is no ῇ in font [lmmono10-regular]:!
Missing character: There is no ἀ in font [lmmono10-regular]:!
Missing character: There is no π in font [lmmono10-regular]:!
Missing character: There is no ο in font [lmmono10-regular]:!
Missing character: There is no υ in font [lmmono10-regular]:!
Missing character: There is no σ in font [lmmono10-regular]:!
Missing character: There is no ί in font [lmmono10-regular]:!
Missing character: There is no ᾳ in font [lmmono10-regular]:!
Missing character: There is no μ in font [lmmono10-regular]:!
Missing character: There is no ο in font [lmmono10-regular]:!
Missing character: There is no υ in font [lmmono10-regular]:!
Missing character: There is no μ in font [lmmono10-regular]:!
Missing character: There is no ε in font [lmmono10-regular]:!
Missing character: There is no τ in font [lmmono10-regular]:!
Missing character: There is no ὰ in font [lmmono10-regular]:!
Missing character: There is no φ in font [lmmono10-regular]:!
Missing character: There is no ό in font [lmmono10-regular]:!
Missing character: There is no β in font [lmmono10-regular]:!
Missing character: There is no ο in font [lmmono10-regular]:!
Missing character: There is no υ in font [lmmono10-regular]:!
Missing character: There is no κ in font [lmmono10-regular]:!
Missing character: There is no α in font [lmmono10-regular]:!
Missing character: There is no ὶ in font [lmmono10-regular]:!

Overfull \hbox (50.09612pt too wide) in paragraph at lines 45782--45782
[]\TU/lmtt/m/n/10.95 4  only     but     now      much     more     in       th
e      absence of me    with     fear     and[] 
 []


Overfull \hbox (55.84486pt too wide) in paragraph at lines 45782--45782
[]\TU/lmtt/m/n/10.95 5  Adv      Conj    Adv      Adj-DNS  Adv      Prep     Ar
t-DFS  N-DFS   PPro-G1S Prep     N-GMS    Conj[] 
 []

Missing character: There is no τ in font [lmmono10-regular]:!
Missing character: There is no ρ in font [lmmono10-regular]:!
Missing character: There is no ό in font [lmmono10-regular]:!
Missing character: There is no μ in font [lmmono10-regular]:!
Missing character: There is no ο in font [lmmono10-regular]:!
Missing character: There is no υ in font [lmmono10-regular]:!
Missing character: There is no τ in font [lmmono10-regular]:!
Missing character: There is no ὴ in font [lmmono10-regular]:!
Missing character: There is no ν in font [lmmono10-regular]:!
Missing character: There is no ἑ in font [lmmono10-regular]:!
Missing character: There is no α in font [lmmono10-regular]:!
Missing character: There is no υ in font [lmmono10-regular]:!
Missing character: There is no τ in font [lmmono10-regular]:!
Missing character: There is no ῶ in font [lmmono10-regular]:!
Missing character: There is no ν in font [lmmono10-regular]:!
Missing character: There is no σ in font [lmmono10-regular]:!
Missing character: There is no ω in font [lmmono10-regular]:!
Missing character: There is no τ in font [lmmono10-regular]:!
Missing character: There is no η in font [lmmono10-regular]:!
Missing character: There is no ρ in font [lmmono10-regular]:!
Missing character: There is no ί in font [lmmono10-regular]:!
Missing character: There is no α in font [lmmono10-regular]:!
Missing character: There is no ν in font [lmmono10-regular]:!
Missing character: There is no κ in font [lmmono10-regular]:!
Missing character: There is no α in font [lmmono10-regular]:!
Missing character: There is no τ in font [lmmono10-regular]:!
Missing character: There is no ε in font [lmmono10-regular]:!
Missing character: There is no ρ in font [lmmono10-regular]:!
Missing character: There is no γ in font [lmmono10-regular]:!
Missing character: There is no ά in font [lmmono10-regular]:!
Missing character: There is no ζ in font [lmmono10-regular]:!
Missing character: There is no ε in font [lmmono10-regular]:!
Missing character: There is no σ in font [lmmono10-regular]:!
Missing character: There is no θ in font [lmmono10-regular]:!
Missing character: There is no ε in font [lmmono10-regular]:!
[1023] [1024] [1025] [1026] [1027] [1028] [1029] [1030] [1031]
Overfull \hbox (13.53041pt too wide) in paragraph at lines 46286--46339
[]\TU/lmr/m/n/10.95 So by
 []

[1032]
Overfull \hbox (8.48975pt too wide) in paragraph at lines 46407--46420
[]\TU/lmr/m/n/10.95 The Bible does
 []

[1033]
Missing character: There is no נ in font [lmroman10-regular]:mapping=tex-text;!
Missing character: There is no ָ in font [lmroman10-regular]:mapping=tex-text;!
Missing character: There is no ש in font [lmroman10-regular]:mapping=tex-text;!
Missing character: There is no ָ in font [lmroman10-regular]:mapping=tex-text;!
Missing character: There is no ׂ in font [lmroman10-regular]:mapping=tex-text;!
Missing character: There is no א in font [lmroman10-regular]:mapping=tex-text;!

Overfull \hbox (263.7086pt too wide) in paragraph at lines 46457--46505
[]
 []

[1034] [1035] [1036] [1037] [1038]
Overfull \hbox (50.58153pt too wide) in paragraph at lines 46721--46724
[]
 []

[1039] [1040] [1041] [1042] [1043] [1044] [1045] [1046] [1047] [1048] [1049]
Overfull \hbox (320.49896pt too wide) in paragraph at lines 47208--47209
[]
 []

[1050]
Overfull \hbox (143.94485pt too wide) in paragraph at lines 47236--47237
[]
 []

[1051] [1052] [1053] [1054]
Overfull \hbox (720.36732pt too wide) in paragraph at lines 47396--47397
|   []
 []

[1055] [1056]

Package hyperref Warning: Token not allowed in a PDF string (Unicode):
(hyperref)                removing `math shift' on input line 47511.


Package hyperref Warning: Token not allowed in a PDF string (Unicode):
(hyperref)                removing `\@@underline' on input line 47511.


Package hyperref Warning: Token not allowed in a PDF string (Unicode):
(hyperref)                removing `\hbox' on input line 47511.


Package hyperref Warning: Token not allowed in a PDF string (Unicode):
(hyperref)                removing `\mathsurround' on input line 47511.


Package hyperref Warning: Token not allowed in a PDF string (Unicode):
(hyperref)                removing `\z@' on input line 47511.


Package hyperref Warning: Token not allowed in a PDF string (Unicode):
(hyperref)                removing `math shift' on input line 47511.

[1057]

! LaTeX Error: Too deeply nested.

See the LaTeX manual or LaTeX Companion for explanation.
Type  H <return>  for immediate help.
 ...                                              
                                                  
l.47537 \begin{itemize}
                       
You're in trouble here.  Try typing  <return>  to proceed.
If that doesn't work, type  X <return>  to quit.

[1058]
Overfull \hbox (11.9463pt too wide) in paragraph at lines 47611--47612
[]\TU/lmr/m/n/10.95 2 Corinthi-
 []

[1059]
Overfull \hbox (89.43211pt too wide) in paragraph at lines 47631--47636
[]
 []

[1060] [1061] [1062] [1063] [1064] [1065] [1066] [1067] [1068] [1069] [1070]
Overfull \hbox (200.45409pt too wide) in paragraph at lines 48138--48139
[]
 []


Overfull \hbox (11.3962pt too wide) in paragraph at lines 48150--48151
[]\TU/lmr/m/n/10.95 After reading and listening to Dario, I have stopped
 []


Overfull \hbox (885.11736pt too wide) in paragraph at lines 48152--48161
[]
 []


Overfull \hbox (3.54033pt too wide) in paragraph at lines 48176--48179
[]\TU/lmr/m/n/10.95 Calculus
 []

[1071] [1072]
Overfull \hbox (320.86029pt too wide) in paragraph at lines 48231--48237
[]
 []


Overfull \hbox (71.22224pt too wide) in paragraph at lines 48256--48257
[]
 []

[1073] [1074]
Overfull \hbox (0.4801pt too wide) in paragraph at lines 48395--48396
[]\TU/lmr/m/n/10.95 I
 []

[1075] [1076] [1077] [1078] [1079] [1080] [1081] [1082] [1083] [1084]
Missing character: There is no י in font [lmmono10-regular]:!
Missing character: There is no ְ in font [lmmono10-regular]:!
Missing character: There is no ה in font [lmmono10-regular]:!
Missing character: There is no ו in font [lmmono10-regular]:!
Missing character: There is no ָ in font [lmmono10-regular]:!
Missing character: There is no ֹ in font [lmmono10-regular]:!
Missing character: There is no ה in font [lmmono10-regular]:!
 [1085]
Overfull \hbox (12.44635pt too wide) in paragraph at lines 48866--48873
[]\TU/lmr/m/n/10.95 You came as a man;
 []

[1086] [1087]
Overfull \hbox (1625.87373pt too wide) in paragraph at lines 48963--48964
[]
 []

[1088] [1089] [1090] [1091] [1092]
Missing character: There is no ᾶ in font [lmroman10-regular]:mapping=tex-text;!
Missing character: There is no ς in font [lmroman10-regular]:mapping=tex-text;!
Missing character: There is no γ in font [lmroman10-regular]:mapping=tex-text;!
Missing character: There is no ὰ in font [lmroman10-regular]:mapping=tex-text;!
Missing character: There is no ρ in font [lmroman10-regular]:mapping=tex-text;!
Missing character: There is no ὃ in font [lmroman10-regular]:mapping=tex-text;!
Missing character: There is no ς in font [lmroman10-regular]:mapping=tex-text;!
Missing character: There is no ἂ in font [lmroman10-regular]:mapping=tex-text;!
Missing character: There is no ν in font [lmroman10-regular]:mapping=tex-text;!
Missing character: There is no μ in font [lmroman10-regular]:mapping=tex-text;!
Missing character: There is no ὴ in font [lmroman10-regular]:mapping=tex-text;!
Missing character: There is no ὁ in font [lmroman10-regular]:mapping=tex-text;!
Missing character: There is no μ in font [lmroman10-regular]:mapping=tex-text;!
Missing character: There is no ο in font [lmroman10-regular]:mapping=tex-text;!
Missing character: There is no λ in font [lmroman10-regular]:mapping=tex-text;!
Missing character: There is no ο in font [lmroman10-regular]:mapping=tex-text;!
Missing character: There is no γ in font [lmroman10-regular]:mapping=tex-text;!
Missing character: There is no ῇ in font [lmroman10-regular]:mapping=tex-text;!
Missing character: There is no Ἰ in font [lmroman10-regular]:mapping=tex-text;!
Missing character: There is no η in font [lmroman10-regular]:mapping=tex-text;!
Missing character: There is no σ in font [lmroman10-regular]:mapping=tex-text;!
Missing character: There is no ο in font [lmroman10-regular]:mapping=tex-text;!
Missing character: There is no ῦ in font [lmroman10-regular]:mapping=tex-text;!
Missing character: There is no ν in font [lmroman10-regular]:mapping=tex-text;!
Missing character: There is no ρ in font [lmroman10-regular]:mapping=tex-text;!
Missing character: There is no ι in font [lmroman10-regular]:mapping=tex-text;!
Missing character: There is no σ in font [lmroman10-regular]:mapping=tex-text;!
Missing character: There is no τ in font [lmroman10-regular]:mapping=tex-text;!
Missing character: There is no ὸ in font [lmroman10-regular]:mapping=tex-text;!
Missing character: There is no ν in font [lmroman10-regular]:mapping=tex-text;!
Missing character: There is no ἐ in font [lmroman10-regular]:mapping=tex-text;!
Missing character: There is no ν in font [lmroman10-regular]:mapping=tex-text;!
Missing character: There is no σ in font [lmroman10-regular]:mapping=tex-text;!
Missing character: There is no α in font [lmroman10-regular]:mapping=tex-text;!
Missing character: There is no ρ in font [lmroman10-regular]:mapping=tex-text;!
Missing character: There is no κ in font [lmroman10-regular]:mapping=tex-text;!
Missing character: There is no ὶ in font [lmroman10-regular]:mapping=tex-text;!
Missing character: There is no ἐ in font [lmroman10-regular]:mapping=tex-text;!
Missing character: There is no λ in font [lmroman10-regular]:mapping=tex-text;!
Missing character: There is no η in font [lmroman10-regular]:mapping=tex-text;!
Missing character: There is no λ in font [lmroman10-regular]:mapping=tex-text;!
Missing character: There is no υ in font [lmroman10-regular]:mapping=tex-text;!
Missing character: There is no θ in font [lmroman10-regular]:mapping=tex-text;!
Missing character: There is no έ in font [lmroman10-regular]:mapping=tex-text;!
Missing character: There is no ν in font [lmroman10-regular]:mapping=tex-text;!
Missing character: There is no α in font [lmroman10-regular]:mapping=tex-text;!
Missing character: There is no ι in font [lmroman10-regular]:mapping=tex-text;!
Missing character: There is no ἀ in font [lmroman10-regular]:mapping=tex-text;!
Missing character: There is no ν in font [lmroman10-regular]:mapping=tex-text;!
Missing character: There is no τ in font [lmroman10-regular]:mapping=tex-text;!
Missing character: There is no ι in font [lmroman10-regular]:mapping=tex-text;!
Missing character: There is no χ in font [lmroman10-regular]:mapping=tex-text;!
Missing character: There is no ρ in font [lmroman10-regular]:mapping=tex-text;!
Missing character: There is no ι in font [lmroman10-regular]:mapping=tex-text;!
Missing character: There is no σ in font [lmroman10-regular]:mapping=tex-text;!
Missing character: There is no τ in font [lmroman10-regular]:mapping=tex-text;!
Missing character: There is no ό in font [lmroman10-regular]:mapping=tex-text;!
Missing character: There is no ς in font [lmroman10-regular]:mapping=tex-text;!
Missing character: There is no ἐ in font [lmroman10-regular]:mapping=tex-text;!
Missing character: There is no σ in font [lmroman10-regular]:mapping=tex-text;!
Missing character: There is no τ in font [lmroman10-regular]:mapping=tex-text;!
Missing character: There is no ι in font [lmroman10-regular]:mapping=tex-text;!
Missing character: There is no ν in font [lmroman10-regular]:mapping=tex-text;!
Missing character: There is no · in font [lmroman10-regular]:mapping=tex-text;!
Missing character: There is no κ in font [lmroman10-regular]:mapping=tex-text;!
Missing character: There is no α in font [lmroman10-regular]:mapping=tex-text;!
Missing character: There is no ὶ in font [lmroman10-regular]:mapping=tex-text;!
Missing character: There is no ὃ in font [lmroman10-regular]:mapping=tex-text;!
Missing character: There is no ς in font [lmroman10-regular]:mapping=tex-text;!
Missing character: There is no ἂ in font [lmroman10-regular]:mapping=tex-text;!
Missing character: There is no ν in font [lmroman10-regular]:mapping=tex-text;!
Missing character: There is no μ in font [lmroman10-regular]:mapping=tex-text;!
Missing character: There is no ὴ in font [lmroman10-regular]:mapping=tex-text;!
Missing character: There is no ὁ in font [lmroman10-regular]:mapping=tex-text;!
Missing character: There is no μ in font [lmroman10-regular]:mapping=tex-text;!
Missing character: There is no ο in font [lmroman10-regular]:mapping=tex-text;!
Missing character: There is no λ in font [lmroman10-regular]:mapping=tex-text;!
Missing character: There is no ο in font [lmroman10-regular]:mapping=tex-text;!
Missing character: There is no γ in font [lmroman10-regular]:mapping=tex-text;!
Missing character: There is no ῇ in font [lmroman10-regular]:mapping=tex-text;!
Missing character: There is no τ in font [lmroman10-regular]:mapping=tex-text;!
Missing character: There is no ὸ in font [lmroman10-regular]:mapping=tex-text;!
Missing character: There is no μ in font [lmroman10-regular]:mapping=tex-text;!
Missing character: There is no α in font [lmroman10-regular]:mapping=tex-text;!
Missing character: There is no ρ in font [lmroman10-regular]:mapping=tex-text;!
Missing character: There is no τ in font [lmroman10-regular]:mapping=tex-text;!
Missing character: There is no ύ in font [lmroman10-regular]:mapping=tex-text;!
Missing character: There is no ρ in font [lmroman10-regular]:mapping=tex-text;!
Missing character: There is no ι in font [lmroman10-regular]:mapping=tex-text;!
Missing character: There is no ο in font [lmroman10-regular]:mapping=tex-text;!
Missing character: There is no ν in font [lmroman10-regular]:mapping=tex-text;!
Missing character: There is no τ in font [lmroman10-regular]:mapping=tex-text;!
Missing character: There is no ο in font [lmroman10-regular]:mapping=tex-text;!
Missing character: There is no ῦ in font [lmroman10-regular]:mapping=tex-text;!
Missing character: There is no σ in font [lmroman10-regular]:mapping=tex-text;!
Missing character: There is no τ in font [lmroman10-regular]:mapping=tex-text;!
Missing character: There is no α in font [lmroman10-regular]:mapping=tex-text;!
Missing character: There is no υ in font [lmroman10-regular]:mapping=tex-text;!
Missing character: There is no ρ in font [lmroman10-regular]:mapping=tex-text;!
Missing character: There is no ο in font [lmroman10-regular]:mapping=tex-text;!
Missing character: There is no ῦ in font [lmroman10-regular]:mapping=tex-text;!
Missing character: There is no ἐ in font [lmroman10-regular]:mapping=tex-text;!
Missing character: There is no κ in font [lmroman10-regular]:mapping=tex-text;!
Missing character: There is no τ in font [lmroman10-regular]:mapping=tex-text;!
Missing character: There is no ο in font [lmroman10-regular]:mapping=tex-text;!
Missing character: There is no ῦ in font [lmroman10-regular]:mapping=tex-text;!
Missing character: There is no δ in font [lmroman10-regular]:mapping=tex-text;!
Missing character: There is no ι in font [lmroman10-regular]:mapping=tex-text;!
Missing character: There is no α in font [lmroman10-regular]:mapping=tex-text;!
Missing character: There is no β in font [lmroman10-regular]:mapping=tex-text;!
Missing character: There is no ό in font [lmroman10-regular]:mapping=tex-text;!
Missing character: There is no λ in font [lmroman10-regular]:mapping=tex-text;!
Missing character: There is no ο in font [lmroman10-regular]:mapping=tex-text;!
Missing character: There is no υ in font [lmroman10-regular]:mapping=tex-text;!
Missing character: There is no ἐ in font [lmroman10-regular]:mapping=tex-text;!
Missing character: There is no σ in font [lmroman10-regular]:mapping=tex-text;!
Missing character: There is no τ in font [lmroman10-regular]:mapping=tex-text;!
Missing character: There is no ί in font [lmroman10-regular]:mapping=tex-text;!
Missing character: There is no ν in font [lmroman10-regular]:mapping=tex-text;!
Missing character: There is no · in font [lmroman10-regular]:mapping=tex-text;!
Missing character: There is no κ in font [lmroman10-regular]:mapping=tex-text;!
Missing character: There is no α in font [lmroman10-regular]:mapping=tex-text;!
Missing character: There is no ὶ in font [lmroman10-regular]:mapping=tex-text;!
Missing character: There is no ὃ in font [lmroman10-regular]:mapping=tex-text;!
Missing character: There is no ς in font [lmroman10-regular]:mapping=tex-text;!
Missing character: There is no ἂ in font [lmroman10-regular]:mapping=tex-text;!
Missing character: There is no ν in font [lmroman10-regular]:mapping=tex-text;!
Missing character: There is no μ in font [lmroman10-regular]:mapping=tex-text;!
Missing character: There is no ε in font [lmroman10-regular]:mapping=tex-text;!
Missing character: There is no θ in font [lmroman10-regular]:mapping=tex-text;!
Missing character: There is no ο in font [lmroman10-regular]:mapping=tex-text;!
Missing character: There is no δ in font [lmroman10-regular]:mapping=tex-text;!
Missing character: There is no ε in font [lmroman10-regular]:mapping=tex-text;!
Missing character: There is no ύ in font [lmroman10-regular]:mapping=tex-text;!
Missing character: There is no ῃ in font [lmroman10-regular]:mapping=tex-text;!
Missing character: There is no τ in font [lmroman10-regular]:mapping=tex-text;!
Missing character: There is no ὰ in font [lmroman10-regular]:mapping=tex-text;!
Missing character: There is no λ in font [lmroman10-regular]:mapping=tex-text;!
Missing character: There is no ό in font [lmroman10-regular]:mapping=tex-text;!
Missing character: There is no γ in font [lmroman10-regular]:mapping=tex-text;!
Missing character: There is no ι in font [lmroman10-regular]:mapping=tex-text;!
Missing character: There is no α in font [lmroman10-regular]:mapping=tex-text;!
Missing character: There is no τ in font [lmroman10-regular]:mapping=tex-text;!
Missing character: There is no ο in font [lmroman10-regular]:mapping=tex-text;!
Missing character: There is no ῦ in font [lmroman10-regular]:mapping=tex-text;!
Missing character: There is no κ in font [lmroman10-regular]:mapping=tex-text;!
Missing character: There is no υ in font [lmroman10-regular]:mapping=tex-text;!
Missing character: There is no ρ in font [lmroman10-regular]:mapping=tex-text;!
Missing character: There is no ί in font [lmroman10-regular]:mapping=tex-text;!
Missing character: There is no ο in font [lmroman10-regular]:mapping=tex-text;!
Missing character: There is no υ in font [lmroman10-regular]:mapping=tex-text;!
Missing character: There is no π in font [lmroman10-regular]:mapping=tex-text;!
Missing character: There is no ρ in font [lmroman10-regular]:mapping=tex-text;!
Missing character: There is no ὸ in font [lmroman10-regular]:mapping=tex-text;!
Missing character: There is no ς in font [lmroman10-regular]:mapping=tex-text;!
Missing character: There is no τ in font [lmroman10-regular]:mapping=tex-text;!
Missing character: There is no ὰ in font [lmroman10-regular]:mapping=tex-text;!
Missing character: There is no ς in font [lmroman10-regular]:mapping=tex-text;!
Missing character: There is no ἰ in font [lmroman10-regular]:mapping=tex-text;!
Missing character: There is no δ in font [lmroman10-regular]:mapping=tex-text;!
Missing character: There is no ί in font [lmroman10-regular]:mapping=tex-text;!
Missing character: There is no α in font [lmroman10-regular]:mapping=tex-text;!
Missing character: There is no ς in font [lmroman10-regular]:mapping=tex-text;!
Missing character: There is no ἐ in font [lmroman10-regular]:mapping=tex-text;!
Missing character: There is no π in font [lmroman10-regular]:mapping=tex-text;!
Missing character: There is no ι in font [lmroman10-regular]:mapping=tex-text;!
Missing character: There is no θ in font [lmroman10-regular]:mapping=tex-text;!
Missing character: There is no υ in font [lmroman10-regular]:mapping=tex-text;!
Missing character: There is no μ in font [lmroman10-regular]:mapping=tex-text;!
Missing character: There is no ί in font [lmroman10-regular]:mapping=tex-text;!
Missing character: There is no α in font [lmroman10-regular]:mapping=tex-text;!
Missing character: There is no ς in font [lmroman10-regular]:mapping=tex-text;!
Missing character: There is no κ in font [lmroman10-regular]:mapping=tex-text;!
Missing character: There is no α in font [lmroman10-regular]:mapping=tex-text;!
Missing character: There is no ὶ in font [lmroman10-regular]:mapping=tex-text;!
Missing character: There is no λ in font [lmroman10-regular]:mapping=tex-text;!
Missing character: There is no έ in font [lmroman10-regular]:mapping=tex-text;!
Missing character: There is no γ in font [lmroman10-regular]:mapping=tex-text;!
Missing character: There is no ῃ in font [lmroman10-regular]:mapping=tex-text;!
Missing character: There is no μ in font [lmroman10-regular]:mapping=tex-text;!
Missing character: There is no ή in font [lmroman10-regular]:mapping=tex-text;!
Missing character: There is no τ in font [lmroman10-regular]:mapping=tex-text;!
Missing character: There is no ε in font [lmroman10-regular]:mapping=tex-text;!
Missing character: There is no ἀ in font [lmroman10-regular]:mapping=tex-text;!
Missing character: There is no ν in font [lmroman10-regular]:mapping=tex-text;!
Missing character: There is no ά in font [lmroman10-regular]:mapping=tex-text;!
Missing character: There is no σ in font [lmroman10-regular]:mapping=tex-text;!
Missing character: There is no τ in font [lmroman10-regular]:mapping=tex-text;!
Missing character: There is no α in font [lmroman10-regular]:mapping=tex-text;!
Missing character: There is no σ in font [lmroman10-regular]:mapping=tex-text;!
Missing character: There is no ι in font [lmroman10-regular]:mapping=tex-text;!
Missing character: There is no ν in font [lmroman10-regular]:mapping=tex-text;!
Missing character: There is no μ in font [lmroman10-regular]:mapping=tex-text;!
Missing character: There is no ή in font [lmroman10-regular]:mapping=tex-text;!
Missing character: There is no τ in font [lmroman10-regular]:mapping=tex-text;!
Missing character: There is no ε in font [lmroman10-regular]:mapping=tex-text;!
Missing character: There is no κ in font [lmroman10-regular]:mapping=tex-text;!
Missing character: There is no ρ in font [lmroman10-regular]:mapping=tex-text;!
Missing character: There is no ί in font [lmroman10-regular]:mapping=tex-text;!
Missing character: There is no σ in font [lmroman10-regular]:mapping=tex-text;!
Missing character: There is no ι in font [lmroman10-regular]:mapping=tex-text;!
Missing character: There is no ν in font [lmroman10-regular]:mapping=tex-text;!
Missing character: There is no ο in font [lmroman10-regular]:mapping=tex-text;!
Missing character: There is no ὗ in font [lmroman10-regular]:mapping=tex-text;!
Missing character: There is no τ in font [lmroman10-regular]:mapping=tex-text;!
Missing character: There is no ο in font [lmroman10-regular]:mapping=tex-text;!
Missing character: There is no ς in font [lmroman10-regular]:mapping=tex-text;!
Missing character: There is no π in font [lmroman10-regular]:mapping=tex-text;!
Missing character: There is no ρ in font [lmroman10-regular]:mapping=tex-text;!
Missing character: There is no ω in font [lmroman10-regular]:mapping=tex-text;!
Missing character: There is no τ in font [lmroman10-regular]:mapping=tex-text;!
Missing character: There is no ό in font [lmroman10-regular]:mapping=tex-text;!
Missing character: There is no τ in font [lmroman10-regular]:mapping=tex-text;!
Missing character: There is no ο in font [lmroman10-regular]:mapping=tex-text;!
Missing character: There is no κ in font [lmroman10-regular]:mapping=tex-text;!
Missing character: There is no ό in font [lmroman10-regular]:mapping=tex-text;!
Missing character: There is no ς in font [lmroman10-regular]:mapping=tex-text;!
Missing character: There is no ἐ in font [lmroman10-regular]:mapping=tex-text;!
Missing character: There is no σ in font [lmroman10-regular]:mapping=tex-text;!
Missing character: There is no τ in font [lmroman10-regular]:mapping=tex-text;!
Missing character: There is no ι in font [lmroman10-regular]:mapping=tex-text;!
Missing character: There is no τ in font [lmroman10-regular]:mapping=tex-text;!
Missing character: There is no ο in font [lmroman10-regular]:mapping=tex-text;!
Missing character: There is no ῦ in font [lmroman10-regular]:mapping=tex-text;!
Missing character: There is no σ in font [lmroman10-regular]:mapping=tex-text;!
Missing character: There is no α in font [lmroman10-regular]:mapping=tex-text;!
Missing character: There is no τ in font [lmroman10-regular]:mapping=tex-text;!
Missing character: There is no α in font [lmroman10-regular]:mapping=tex-text;!
Missing character: There is no ν in font [lmroman10-regular]:mapping=tex-text;!
Missing character: There is no ᾶ in font [lmroman10-regular]:mapping=tex-text;!
 [1093] [1094] [1095]
Overfull \hbox (83.5848pt too wide) in paragraph at lines 49363--49379
[]
 []

[1096]
Overfull \hbox (271.22697pt too wide) in paragraph at lines 49412--49416
[]
 []

[1097] [1098] [1099] [1100] [1101]
Overfull \hbox (98.66147pt too wide) in paragraph at lines 49730--49731
[]\TU/lmr/m/n/10.95 I believe strongly that I am \TU/lmr/bx/n/10.95 currently \
TU/lmr/m/n/10.95 going through this and I have been going through this discipli
ne/testing/repentance/forgiving-
 []

[1102] [1103] [1104] [1105] [1106]
Overfull \hbox (61.31995pt too wide) in paragraph at lines 49992--49993
|   []
 []

[1107] [1108] [1109] [1110]
Missing character: There is no ο in font [lmmono10-regular]:!
Missing character: There is no ὐ in font [lmmono10-regular]:!
Missing character: There is no κ in font [lmmono10-regular]:!
Missing character: There is no ἐ in font [lmmono10-regular]:!
Missing character: There is no σ in font [lmmono10-regular]:!
Missing character: There is no μ in font [lmmono10-regular]:!
Missing character: There is no ὲ in font [lmmono10-regular]:!
Missing character: There is no ν in font [lmmono10-regular]:!
Missing character: There is no ὑ in font [lmmono10-regular]:!
Missing character: There is no π in font [lmmono10-regular]:!
Missing character: There is no ὸ in font [lmmono10-regular]:!
Missing character: There is no ν in font [lmmono10-regular]:!
Missing character: There is no ό in font [lmmono10-regular]:!
Missing character: There is no μ in font [lmmono10-regular]:!
Missing character: There is no ο in font [lmmono10-regular]:!
Missing character: There is no ν in font [lmmono10-regular]:!
 [1111]
Missing character: There is no ἀ in font [lmmono10-regular]:!
Missing character: There is no λ in font [lmmono10-regular]:!
Missing character: There is no λ in font [lmmono10-regular]:!
Missing character: There is no ὰ in font [lmmono10-regular]:!
Missing character: There is no ὑ in font [lmmono10-regular]:!
Missing character: There is no π in font [lmmono10-regular]:!
Missing character: There is no ὸ in font [lmmono10-regular]:!
Missing character: There is no χ in font [lmmono10-regular]:!
Missing character: There is no ά in font [lmmono10-regular]:!
Missing character: There is no ρ in font [lmmono10-regular]:!
Missing character: There is no ι in font [lmmono10-regular]:!
Missing character: There is no ν in font [lmmono10-regular]:!
 [1112]
Overfull \hbox (34.66754pt too wide) in paragraph at lines 50244--50259
[]
 []

[1113] [1114]
Overfull \hbox (324.26573pt too wide) in paragraph at lines 50384--50385
[]
 []

[1115] [1116] [1117] [1118] [1119] [1120]
Overfull \hbox (8.22699pt too wide) in paragraph at lines 50724--50725
[]\TU/lmr/m/n/10.95 I’m on the same page as Joanna
 []


Overfull \hbox (630.84387pt too wide) in paragraph at lines 50726--50727
[]
 []

[1121] [1122]
Overfull \hbox (11.52475pt too wide) in paragraph at lines 50816--50817
[][]\TU/lmr/m/n/10.95 youtube.com: John Piper
 []


Overfull \hbox (16.37372pt too wide) in paragraph at lines 50822--50831
[]\TU/lmr/m/n/10.95 And there’s
 []

[1123] [1124] [1125] [1126] [1127] [1128] [1129]
Overfull \hbox (69.01036pt too wide) in paragraph at lines 51119--51127
[]
 []


Overfull \hbox (118.27805pt too wide) in paragraph at lines 51151--51152
[]
 []


Overfull \hbox (118.27805pt too wide) in paragraph at lines 51153--51154
[]
 []


Overfull \hbox (118.27805pt too wide) in paragraph at lines 51159--51160
[]
 []

[1130] [1131]
Overfull \hbox (387.46916pt too wide) in paragraph at lines 51214--51230
[]
 []


Overfull \hbox (124.5743pt too wide) in paragraph at lines 51259--51260
[]
 []


Overfull \hbox (124.5743pt too wide) in paragraph at lines 51261--51262
[]
 []

[1132]
Overfull \hbox (252.18555pt too wide) in paragraph at lines 51281--51282
[]
 []

[1133] [1134] [1135] [1136] [1137] [1138] [1139] [1140] [1141] [1142] [1143]
[1144] [1145] [1146] [1147] [1148]
Missing character: There is no π in font [lmroman10-regular]:mapping=tex-text;!
Missing character: There is no ι in font [lmroman10-regular]:mapping=tex-text;!
Missing character: There is no σ in font [lmroman10-regular]:mapping=tex-text;!
Missing character: There is no τ in font [lmroman10-regular]:mapping=tex-text;!
Missing character: There is no ε in font [lmroman10-regular]:mapping=tex-text;!
Missing character: There is no ύ in font [lmroman10-regular]:mapping=tex-text;!
Missing character: There is no ω in font [lmroman10-regular]:mapping=tex-text;!
Missing character: There is no ν in font [lmroman10-regular]:mapping=tex-text;!
Missing character: There is no π in font [lmroman10-regular]:mapping=tex-text;!
Missing character: There is no ι in font [lmroman10-regular]:mapping=tex-text;!
Missing character: There is no σ in font [lmroman10-regular]:mapping=tex-text;!
Missing character: There is no τ in font [lmroman10-regular]:mapping=tex-text;!
Missing character: There is no ε in font [lmroman10-regular]:mapping=tex-text;!
Missing character: There is no ύ in font [lmroman10-regular]:mapping=tex-text;!
Missing character: There is no ω in font [lmroman10-regular]:mapping=tex-text;!
 [1149] [1150] [1151] [1152] [1153] [1154]
[1155] [1156] [1157]
Missing character: There is no ṓ in font [lmroman10-regular]:mapping=tex-text;!
Missing character: There is no ṓ in font [lmroman10-regular]:mapping=tex-text;!
Missing character: There is no ṓ in font [lmroman10-regular]:mapping=tex-text;!
 [1158] [1159] [1160] [1161] [1162]
Overfull \hbox (2.17526pt too wide) in paragraph at lines 52822--52825
[]\TU/lmr/m/n/10.95 We cannot deceive
 []

[1163] [1164]
Overfull \hbox (140.25833pt too wide) in paragraph at lines 52973--52984
[]
 []


Package hyperref Warning: Token not allowed in a PDF string (Unicode):
(hyperref)                removing `math shift' on input line 52986.


Package hyperref Warning: Token not allowed in a PDF string (Unicode):
(hyperref)                removing `\@@underline' on input line 52986.


Package hyperref Warning: Token not allowed in a PDF string (Unicode):
(hyperref)                removing `\hbox' on input line 52986.


Package hyperref Warning: Token not allowed in a PDF string (Unicode):
(hyperref)                removing `\mathsurround' on input line 52986.


Package hyperref Warning: Token not allowed in a PDF string (Unicode):
(hyperref)                removing `\z@' on input line 52986.


Package hyperref Warning: Token not allowed in a PDF string (Unicode):
(hyperref)                removing `math shift' on input line 52986.

[1165]
Missing character: There is no φ in font [lmroman10-regular]:mapping=tex-text;!
Missing character: There is no α in font [lmroman10-regular]:mapping=tex-text;!
Missing character: There is no ν in font [lmroman10-regular]:mapping=tex-text;!
Missing character: There is no ε in font [lmroman10-regular]:mapping=tex-text;!
Missing character: There is no ρ in font [lmroman10-regular]:mapping=tex-text;!
Missing character: There is no ό in font [lmroman10-regular]:mapping=tex-text;!
Missing character: There is no ς in font [lmroman10-regular]:mapping=tex-text;!
 [1166] [1167] [1168]
Overfull \hbox (60.11165pt too wide) in paragraph at lines 53171--53172
[]
 []


Overfull \hbox (66.4079pt too wide) in paragraph at lines 53173--53174
[]
 []

[1169] [1170] [1171] [1172] [1173] [1174] [1175] [1176] [1177]
Missing character: There is no ḇ in font [lmroman10-regular]:mapping=tex-text;!
Missing character: There is no ḇ in font [lmroman10-regular]:mapping=tex-text;!
 [1178] [1179]
[1180]
Missing character: There is no ἀ in font [lmroman10-regular]:mapping=tex-text;!
Missing character: There is no π in font [lmroman10-regular]:mapping=tex-text;!
Missing character: There is no ό in font [lmroman10-regular]:mapping=tex-text;!
Missing character: There is no σ in font [lmroman10-regular]:mapping=tex-text;!
Missing character: There is no τ in font [lmroman10-regular]:mapping=tex-text;!
Missing character: There is no ο in font [lmroman10-regular]:mapping=tex-text;!
Missing character: There is no λ in font [lmroman10-regular]:mapping=tex-text;!
Missing character: There is no ο in font [lmroman10-regular]:mapping=tex-text;!
Missing character: There is no ς in font [lmroman10-regular]:mapping=tex-text;!
Missing character: There is no ἀ in font [lmroman10-regular]:mapping=tex-text;!
Missing character: There is no π in font [lmroman10-regular]:mapping=tex-text;!
Missing character: There is no ο in font [lmroman10-regular]:mapping=tex-text;!
Missing character: There is no σ in font [lmroman10-regular]:mapping=tex-text;!
Missing character: There is no τ in font [lmroman10-regular]:mapping=tex-text;!
Missing character: There is no έ in font [lmroman10-regular]:mapping=tex-text;!
Missing character: There is no λ in font [lmroman10-regular]:mapping=tex-text;!
Missing character: There is no λ in font [lmroman10-regular]:mapping=tex-text;!
Missing character: There is no ε in font [lmroman10-regular]:mapping=tex-text;!
Missing character: There is no ι in font [lmroman10-regular]:mapping=tex-text;!
Missing character: There is no ν in font [lmroman10-regular]:mapping=tex-text;!

Overfull \hbox (5.36536pt too wide) in paragraph at lines 53761--53772
[]\TU/lmr/m/n/10.95 Paul claims ex-
 []

[1181] [1182] [1183] [1184]

Package hyperref Warning: Token not allowed in a PDF string (Unicode):
(hyperref)                removing `math shift' on input line 53957.


Package hyperref Warning: Token not allowed in a PDF string (Unicode):
(hyperref)                removing `\@@underline' on input line 53957.


Package hyperref Warning: Token not allowed in a PDF string (Unicode):
(hyperref)                removing `\hbox' on input line 53957.


Package hyperref Warning: Token not allowed in a PDF string (Unicode):
(hyperref)                removing `\mathsurround' on input line 53957.


Package hyperref Warning: Token not allowed in a PDF string (Unicode):
(hyperref)                removing `\z@' on input line 53957.


Package hyperref Warning: Token not allowed in a PDF string (Unicode):
(hyperref)                removing `math shift' on input line 53957.


Package hyperref Warning: Token not allowed in a PDF string (Unicode):
(hyperref)                removing `math shift' on input line 53957.


Package hyperref Warning: Token not allowed in a PDF string (Unicode):
(hyperref)                removing `\@@underline' on input line 53957.


Package hyperref Warning: Token not allowed in a PDF string (Unicode):
(hyperref)                removing `\hbox' on input line 53957.


Package hyperref Warning: Token not allowed in a PDF string (Unicode):
(hyperref)                removing `\mathsurround' on input line 53957.


Package hyperref Warning: Token not allowed in a PDF string (Unicode):
(hyperref)                removing `\z@' on input line 53957.


Package hyperref Warning: Token not allowed in a PDF string (Unicode):
(hyperref)                removing `math shift' on input line 53957.

[1185]
Missing character: There is no ו in font [lmmono10-regular]:!
Missing character: There is no ְ in font [lmmono10-regular]:!
Missing character: There is no ה in font [lmmono10-regular]:!
Missing character: There is no ָ in font [lmmono10-regular]:!
Missing character: There is no י in font [lmmono10-regular]:!
Missing character: There is no ָ in font [lmmono10-regular]:!
Missing character: There is no ֗ in font [lmmono10-regular]:!
Missing character: There is no ה in font [lmmono10-regular]:!
Missing character: There is no א in font [lmmono10-regular]:!
Missing character: There is no ִ in font [lmmono10-regular]:!
Missing character: There is no ם in font [lmmono10-regular]:!
Missing character: There is no ־ in font [lmmono10-regular]:!
Missing character: There is no ש in font [lmmono10-regular]:!
Missing character: There is no ָ in font [lmmono10-regular]:!
Missing character: There is no ׁ in font [lmmono10-regular]:!
Missing character: There is no מ in font [lmmono10-regular]:!
Missing character: There is no ֤ in font [lmmono10-regular]:!
Missing character: There is no ו in font [lmmono10-regular]:!
Missing character: There is no ֹ in font [lmmono10-regular]:!
Missing character: There is no ע in font [lmmono10-regular]:!
Missing character: There is no ַ in font [lmmono10-regular]:!
Missing character: There is no ת in font [lmmono10-regular]:!
Missing character: There is no ִ in font [lmmono10-regular]:!
Missing character: There is no ּ in font [lmmono10-regular]:!
Missing character: There is no ש in font [lmmono10-regular]:!
Missing character: There is no ְ in font [lmmono10-regular]:!
Missing character: There is no ׁ in font [lmmono10-regular]:!
Missing character: There is no מ in font [lmmono10-regular]:!
Missing character: There is no ַ in font [lmmono10-regular]:!
Missing character: There is no ע in font [lmmono10-regular]:!
Missing character: There is no ֙ in font [lmmono10-regular]:!
Missing character: There is no ב in font [lmmono10-regular]:!
Missing character: There is no ְ in font [lmmono10-regular]:!
Missing character: There is no ּ in font [lmmono10-regular]:!
Missing character: There is no ק in font [lmmono10-regular]:!
Missing character: There is no ו in font [lmmono10-regular]:!
Missing character: There is no ֹ in font [lmmono10-regular]:!
Missing character: There is no ל in font [lmmono10-regular]:!
Missing character: There is no ֙ in font [lmmono10-regular]:!
Missing character: There is no י in font [lmmono10-regular]:!
Missing character: There is no ְ in font [lmmono10-regular]:!
Missing character: There is no ה in font [lmmono10-regular]:!
Missing character: There is no ו in font [lmmono10-regular]:!
Missing character: There is no ָ in font [lmmono10-regular]:!
Missing character: There is no ֣ in font [lmmono10-regular]:!
Missing character: There is no ה in font [lmmono10-regular]:!
 [1186] [1187] [1188]
Overfull \hbox (9.15128pt too wide) in paragraph at lines 54152--54153
[][]\TU/lmr/bx/n/10.95 I Corinthians 10:6-12[] \TU/lmr/m/n/10.95 - Now these th
ings took place as examples for us, |   []   |   []   |   []
 []

[1189] [1190] [1191] [1192] [1193] [1194] [1195]
Overfull \hbox (6.20712pt too wide) in paragraph at lines 54554--54555
|   []   |   []   |   []   |   []   |   []   |   []   |   []   |   []   |   [] 
  |   []   |   []   |   []   |   []   |   []
 []

[1196]
Missing character: There is no ὁ in font [lmmono10-regular]:!
Missing character: There is no π in font [lmmono10-regular]:!
Missing character: There is no ι in font [lmmono10-regular]:!
Missing character: There is no σ in font [lmmono10-regular]:!
Missing character: There is no τ in font [lmmono10-regular]:!
Missing character: There is no ε in font [lmmono10-regular]:!
Missing character: There is no ύ in font [lmmono10-regular]:!
Missing character: There is no ω in font [lmmono10-regular]:!
Missing character: There is no ν in font [lmmono10-regular]:!
Missing character: There is no ε in font [lmmono10-regular]:!
Missing character: There is no ἰ in font [lmmono10-regular]:!
Missing character: There is no ς in font [lmmono10-regular]:!
Missing character: There is no ἐ in font [lmmono10-regular]:!
Missing character: There is no μ in font [lmmono10-regular]:!
Missing character: There is no έ in font [lmmono10-regular]:!
Missing character: There is no κ in font [lmmono10-regular]:!
Missing character: There is no α in font [lmmono10-regular]:!
Missing character: There is no θ in font [lmmono10-regular]:!
Missing character: There is no ὼ in font [lmmono10-regular]:!
Missing character: There is no ς in font [lmmono10-regular]:!
Missing character: There is no ε in font [lmmono10-regular]:!
Missing character: There is no ἶ in font [lmmono10-regular]:!
Missing character: There is no π in font [lmmono10-regular]:!
Missing character: There is no ε in font [lmmono10-regular]:!
Missing character: There is no ν in font [lmmono10-regular]:!
Missing character: There is no ἡ in font [lmmono10-regular]:!
Missing character: There is no γ in font [lmmono10-regular]:!
Missing character: There is no ρ in font [lmmono10-regular]:!
Missing character: There is no α in font [lmmono10-regular]:!
Missing character: There is no φ in font [lmmono10-regular]:!
Missing character: There is no ή in font [lmmono10-regular]:!
Missing character: There is no ο in font [lmmono10-regular]:!
Missing character: There is no τ in font [lmmono10-regular]:!
Missing character: There is no α in font [lmmono10-regular]:!
Missing character: There is no μ in font [lmmono10-regular]:!
Missing character: There is no ο in font [lmmono10-regular]:!
Missing character: There is no ὶ in font [lmmono10-regular]:!
 [1197]
Missing character: There is no ἐ in font [lmmono10-regular]:!
Missing character: There is no κ in font [lmmono10-regular]:!
Missing character: There is no τ in font [lmmono10-regular]:!
Missing character: There is no ῆ in font [lmmono10-regular]:!
Missing character: There is no ς in font [lmmono10-regular]:!
Missing character: There is no κ in font [lmmono10-regular]:!
Missing character: There is no ο in font [lmmono10-regular]:!
Missing character: There is no ι in font [lmmono10-regular]:!
Missing character: There is no λ in font [lmmono10-regular]:!
Missing character: There is no ί in font [lmmono10-regular]:!
Missing character: There is no α in font [lmmono10-regular]:!
Missing character: There is no ς in font [lmmono10-regular]:!
Missing character: There is no α in font [lmmono10-regular]:!
Missing character: There is no ὐ in font [lmmono10-regular]:!
Missing character: There is no τ in font [lmmono10-regular]:!
Missing character: There is no ο in font [lmmono10-regular]:!
Missing character: There is no ῦ in font [lmmono10-regular]:!
Missing character: There is no ῥ in font [lmmono10-regular]:!
Missing character: There is no ε in font [lmmono10-regular]:!
Missing character: There is no ύ in font [lmmono10-regular]:!
Missing character: There is no σ in font [lmmono10-regular]:!
Missing character: There is no ο in font [lmmono10-regular]:!
Missing character: There is no υ in font [lmmono10-regular]:!
Missing character: There is no σ in font [lmmono10-regular]:!
Missing character: There is no ι in font [lmmono10-regular]:!
Missing character: There is no ν in font [lmmono10-regular]:!
Missing character: There is no ὕ in font [lmmono10-regular]:!
Missing character: There is no δ in font [lmmono10-regular]:!
Missing character: There is no α in font [lmmono10-regular]:!
Missing character: There is no τ in font [lmmono10-regular]:!
Missing character: There is no ο in font [lmmono10-regular]:!
Missing character: There is no ς in font [lmmono10-regular]:!
Missing character: There is no ζ in font [lmmono10-regular]:!
Missing character: There is no ῶ in font [lmmono10-regular]:!
Missing character: There is no ν in font [lmmono10-regular]:!
Missing character: There is no τ in font [lmmono10-regular]:!
Missing character: There is no ο in font [lmmono10-regular]:!
Missing character: There is no ς in font [lmmono10-regular]:!
 [1198] [1199] [1200] [1201] [1202]
Underfull \hbox (badness 6775) in paragraph at lines 54893--54893
[]\TU/lmr/m/n/10.95 because Abraham obeyed my
 []


Overfull \hbox (359.34225pt too wide) in paragraph at lines 54910--54911
[]
 []

[1203] [1204] [1205] [1206] [1207] [1208] [1209]
Missing character: There is no ἀ in font [lmmono10-regular]:!
Missing character: There is no π in font [lmmono10-regular]:!
Missing character: There is no ι in font [lmmono10-regular]:!
Missing character: There is no σ in font [lmmono10-regular]:!
Missing character: There is no τ in font [lmmono10-regular]:!
Missing character: There is no ί in font [lmmono10-regular]:!
Missing character: There is no α in font [lmmono10-regular]:!
Missing character: There is no α in font [lmmono10-regular]:!
Missing character: There is no ς in font [lmmono10-regular]:!
Missing character: There is no ἡ in font [lmmono10-regular]:!
 [1210] [1211]
Missing character: There is no π in font [lmroman10-regular]:mapping=tex-text;!
Missing character: There is no ι in font [lmroman10-regular]:mapping=tex-text;!
Missing character: There is no σ in font [lmroman10-regular]:mapping=tex-text;!
Missing character: There is no τ in font [lmroman10-regular]:mapping=tex-text;!
Missing character: There is no ε in font [lmroman10-regular]:mapping=tex-text;!
Missing character: There is no ύ in font [lmroman10-regular]:mapping=tex-text;!
Missing character: There is no ω in font [lmroman10-regular]:mapping=tex-text;!
Missing character: There is no ν in font [lmroman10-regular]:mapping=tex-text;!
Missing character: There is no π in font [lmroman10-regular]:mapping=tex-text;!
Missing character: There is no ι in font [lmroman10-regular]:mapping=tex-text;!
Missing character: There is no σ in font [lmroman10-regular]:mapping=tex-text;!
Missing character: There is no τ in font [lmroman10-regular]:mapping=tex-text;!
Missing character: There is no ε in font [lmroman10-regular]:mapping=tex-text;!
Missing character: There is no ύ in font [lmroman10-regular]:mapping=tex-text;!
Missing character: There is no ω in font [lmroman10-regular]:mapping=tex-text;!
 [1212]
Overfull \hbox (4.39815pt too wide) in paragraph at lines 55410--55411
[]\TU/lmr/m/n/10.95 “Whoever” means that any person can
 []


Overfull \hbox (67.23853pt too wide) in paragraph at lines 55413--55414
[][]\TU/lmr/m/n/10.95 biblehub.com 10-9.htm: Romans 10:9 Interlinear: that if t
hou mayest confess [[https://biblehub.com/greek/3670.htm][(G3670
 []

[1213]
Missing character: There is no σ in font [lmmono10-regular]:!
Missing character: There is no ω in font [lmmono10-regular]:!
Missing character: There is no θ in font [lmmono10-regular]:!
Missing character: There is no ή in font [lmmono10-regular]:!
Missing character: There is no σ in font [lmmono10-regular]:!
Missing character: There is no ῃ in font [lmmono10-regular]:!
 [1214] [1215] [1216] [1217]
Missing character: There is no ύ in font [lmroman10-italic]:mapping=tex-text;!
Missing character: There is no ρ in font [lmroman10-italic]:mapping=tex-text;!
Missing character: There is no ι in font [lmroman10-italic]:mapping=tex-text;!
Missing character: There is no ο in font [lmroman10-italic]:mapping=tex-text;!
Missing character: There is no ς in font [lmroman10-italic]:mapping=tex-text;!
 [1218] [1219] [1220] [1221] [1222] [1223]
[1224] [1225] [1226] [1227] [1228] [1229] [1230] [1231] [1232] [1233] [1234]
[1235] [1236]
Missing character: There is no π in font [lmroman10-regular]:mapping=tex-text;!
Missing character: There is no ι in font [lmroman10-regular]:mapping=tex-text;!
Missing character: There is no σ in font [lmroman10-regular]:mapping=tex-text;!
Missing character: There is no τ in font [lmroman10-regular]:mapping=tex-text;!
Missing character: There is no ε in font [lmroman10-regular]:mapping=tex-text;!
Missing character: There is no ύ in font [lmroman10-regular]:mapping=tex-text;!
Missing character: There is no ω in font [lmroman10-regular]:mapping=tex-text;!
Missing character: There is no ν in font [lmroman10-regular]:mapping=tex-text;!
Missing character: There is no π in font [lmroman10-regular]:mapping=tex-text;!
Missing character: There is no ι in font [lmroman10-regular]:mapping=tex-text;!
Missing character: There is no σ in font [lmroman10-regular]:mapping=tex-text;!
Missing character: There is no τ in font [lmroman10-regular]:mapping=tex-text;!
Missing character: There is no ε in font [lmroman10-regular]:mapping=tex-text;!
Missing character: There is no ύ in font [lmroman10-regular]:mapping=tex-text;!
Missing character: There is no ω in font [lmroman10-regular]:mapping=tex-text;!
 [1237] [1238] [1239] [1240] [1241] [1242] [1243]
Overfull \hbox (320.49896pt too wide) in paragraph at lines 56787--56788
[]
 []

[1244]
Overfull \hbox (143.94485pt too wide) in paragraph at lines 56815--56816
[]
 []

[1245]
Overfull \hbox (8.48975pt too wide) in paragraph at lines 56853--56866
[]\TU/lmr/m/n/10.95 The Bible does
 []

[1246]
Overfull \hbox (152.30699pt too wide) in paragraph at lines 56909--56926
[]
 []

[1247] [1248]
Overfull \hbox (158.60324pt too wide) in paragraph at lines 57105--57135
[]
 []

[1249] [1250] [1251] [1252] [1253] [1254]
Overfull \hbox (2.08406pt too wide) in paragraph at lines 57438--57439
[]\TU/lmr/m/n/10.95 If you don’t fight you’re probably not born again.
 []

[1255]
Overfull \hbox (7.19118pt too wide) in paragraph at lines 57474--57475
[][]\TU/lmr/bx/n/10.95 Philippians 2:1-13[] \TU/lmr/m/n/10.95 - So if there is 
any encouragement in Christ, any comfort from love, any |   []
 []

[1256] [1257]
Missing character: There is no ὕ in font [lmmono10-regular]:!
Missing character: There is no τ in font [lmmono10-regular]:!
Missing character: There is no ω in font [lmmono10-regular]:!
Missing character: There is no ς in font [lmmono10-regular]:!
Missing character: There is no γ in font [lmmono10-regular]:!
Missing character: There is no ὰ in font [lmmono10-regular]:!
Missing character: There is no ρ in font [lmmono10-regular]:!
Missing character: There is no ἠ in font [lmmono10-regular]:!
Missing character: There is no γ in font [lmmono10-regular]:!
Missing character: There is no ά in font [lmmono10-regular]:!
Missing character: There is no π in font [lmmono10-regular]:!
Missing character: There is no η in font [lmmono10-regular]:!
Missing character: There is no σ in font [lmmono10-regular]:!
Missing character: There is no ε in font [lmmono10-regular]:!
Missing character: There is no ν in font [lmmono10-regular]:!
Missing character: There is no ὁ in font [lmmono10-regular]:!
Missing character: There is no ε in font [lmmono10-regular]:!
Missing character: There is no ὸ in font [lmmono10-regular]:!
Missing character: There is no ς in font [lmmono10-regular]:!
Missing character: There is no τ in font [lmmono10-regular]:!
Missing character: There is no ὸ in font [lmmono10-regular]:!
Missing character: There is no ν in font [lmmono10-regular]:!
Missing character: There is no κ in font [lmmono10-regular]:!
Missing character: There is no ό in font [lmmono10-regular]:!
Missing character: There is no σ in font [lmmono10-regular]:!
Missing character: There is no μ in font [lmmono10-regular]:!
Missing character: There is no ο in font [lmmono10-regular]:!
Missing character: There is no ν in font [lmmono10-regular]:!
Missing character: There is no ὥ in font [lmmono10-regular]:!
Missing character: There is no σ in font [lmmono10-regular]:!
Missing character: There is no τ in font [lmmono10-regular]:!
Missing character: There is no ε in font [lmmono10-regular]:!
Missing character: There is no τ in font [lmmono10-regular]:!
Missing character: There is no ὸ in font [lmmono10-regular]:!
Missing character: There is no ν in font [lmmono10-regular]:!
Missing character: There is no ἱ in font [lmmono10-regular]:!
Missing character: There is no ὸ in font [lmmono10-regular]:!
Missing character: There is no ν in font [lmmono10-regular]:!
Missing character: There is no τ in font [lmmono10-regular]:!
Missing character: There is no ὸ in font [lmmono10-regular]:!
Missing character: There is no ν in font [lmmono10-regular]:!
Missing character: There is no μ in font [lmmono10-regular]:!
Missing character: There is no ο in font [lmmono10-regular]:!
Missing character: There is no ν in font [lmmono10-regular]:!
Missing character: There is no ο in font [lmmono10-regular]:!
Missing character: There is no γ in font [lmmono10-regular]:!
Missing character: There is no ε in font [lmmono10-regular]:!
Missing character: There is no ν in font [lmmono10-regular]:!
Missing character: There is no ῆ in font [lmmono10-regular]:!
Missing character: There is no ἔ in font [lmmono10-regular]:!
Missing character: There is no δ in font [lmmono10-regular]:!
Missing character: There is no ω in font [lmmono10-regular]:!
Missing character: There is no κ in font [lmmono10-regular]:!
Missing character: There is no ε in font [lmmono10-regular]:!
Missing character: There is no ν in font [lmmono10-regular]:!
Missing character: There is no ἵ in font [lmmono10-regular]:!
Missing character: There is no ν in font [lmmono10-regular]:!
Missing character: There is no α in font [lmmono10-regular]:!
Missing character: There is no π in font [lmmono10-regular]:!
Missing character: There is no ᾶ in font [lmmono10-regular]:!
Missing character: There is no ς in font [lmmono10-regular]:!
Missing character: There is no ὁ in font [lmmono10-regular]:!
Missing character: There is no π in font [lmmono10-regular]:!
Missing character: There is no ι in font [lmmono10-regular]:!
Missing character: There is no σ in font [lmmono10-regular]:!
Missing character: There is no τ in font [lmmono10-regular]:!
Missing character: There is no ε in font [lmmono10-regular]:!
Missing character: There is no ύ in font [lmmono10-regular]:!
Missing character: There is no ω in font [lmmono10-regular]:!
Missing character: There is no ν in font [lmmono10-regular]:!
Missing character: There is no ε in font [lmmono10-regular]:!
Missing character: There is no ἰ in font [lmmono10-regular]:!
Missing character: There is no ς in font [lmmono10-regular]:!
Missing character: There is no α in font [lmmono10-regular]:!
Missing character: There is no ὐ in font [lmmono10-regular]:!
Missing character: There is no τ in font [lmmono10-regular]:!
Missing character: There is no ὸ in font [lmmono10-regular]:!
Missing character: There is no ν in font [lmmono10-regular]:!
Missing character: There is no μ in font [lmmono10-regular]:!
Missing character: There is no ὴ in font [lmmono10-regular]:!
Missing character: There is no ἀ in font [lmmono10-regular]:!
Missing character: There is no π in font [lmmono10-regular]:!
Missing character: There is no ό in font [lmmono10-regular]:!
Missing character: There is no λ in font [lmmono10-regular]:!
Missing character: There is no η in font [lmmono10-regular]:!
Missing character: There is no τ in font [lmmono10-regular]:!
Missing character: There is no α in font [lmmono10-regular]:!
Missing character: There is no ι in font [lmmono10-regular]:!
Missing character: There is no ἀ in font [lmmono10-regular]:!
Missing character: There is no λ in font [lmmono10-regular]:!
Missing character: There is no λ in font [lmmono10-regular]:!
Missing character: There is no ἔ in font [lmmono10-regular]:!
Missing character: There is no χ in font [lmmono10-regular]:!
Missing character: There is no ῃ in font [lmmono10-regular]:!
Missing character: There is no ζ in font [lmmono10-regular]:!
Missing character: There is no ω in font [lmmono10-regular]:!
Missing character: There is no ὴ in font [lmmono10-regular]:!
Missing character: There is no ν in font [lmmono10-regular]:!
Missing character: There is no α in font [lmmono10-regular]:!
Missing character: There is no ἰ in font [lmmono10-regular]:!
Missing character: There is no ώ in font [lmmono10-regular]:!
Missing character: There is no ν in font [lmmono10-regular]:!
Missing character: There is no ι in font [lmmono10-regular]:!
Missing character: There is no ο in font [lmmono10-regular]:!
Missing character: There is no ν in font [lmmono10-regular]:!
 [1258] [1259] [1260] [1261] [1262]
Overfull \hbox (42.22986pt too wide) in paragraph at lines 57797--57798
[][]$[][][][][] [] [] [] [][][][][][][][][][][][] [] [][][][][][][][][] [] [][]
[] [] [][][][] [] [][] [] [][] [] [][][][][][][][][][][][][][][][][][][][][][][
][][][][][][][][][][][][][][][][][][][][][][][][][][][][][][][][][][][][][]$[] 

 []

[1263] [1264]
Overfull \hbox (17.23007pt too wide) in paragraph at lines 57903--57904
\TU/lmr/bx/n/10.95 besides you\TU/lmr/m/n/10.95 . |   []   |   []   |   []   | 
  []   |   []   |   []   |   []   |   []   |   []
 []

[1265]
Overfull \hbox (76.89072pt too wide) in paragraph at lines 57917--57924
[]
 []

[1266] [1267] [1268] [1269] [1270]
Missing character: There is no π in font [lmroman10-regular]:mapping=tex-text;!
Missing character: There is no ι in font [lmroman10-regular]:mapping=tex-text;!
Missing character: There is no σ in font [lmroman10-regular]:mapping=tex-text;!
Missing character: There is no τ in font [lmroman10-regular]:mapping=tex-text;!
Missing character: There is no ε in font [lmroman10-regular]:mapping=tex-text;!
Missing character: There is no ύ in font [lmroman10-regular]:mapping=tex-text;!
Missing character: There is no ω in font [lmroman10-regular]:mapping=tex-text;!
Missing character: There is no ν in font [lmroman10-regular]:mapping=tex-text;!
Missing character: There is no π in font [lmroman10-regular]:mapping=tex-text;!
Missing character: There is no ι in font [lmroman10-regular]:mapping=tex-text;!
Missing character: There is no σ in font [lmroman10-regular]:mapping=tex-text;!
Missing character: There is no τ in font [lmroman10-regular]:mapping=tex-text;!
Missing character: There is no ε in font [lmroman10-regular]:mapping=tex-text;!
Missing character: There is no ύ in font [lmroman10-regular]:mapping=tex-text;!
Missing character: There is no ω in font [lmroman10-regular]:mapping=tex-text;!
 [1271] [1272] [1273] [1274]
Overfull \hbox (84.71268pt too wide) in paragraph at lines 58326--58338
[]
 []

[1275] [1276]
Overfull \hbox (25.48413pt too wide) in paragraph at lines 58472--58479
[]
 []


Overfull \hbox (67.44452pt too wide) in paragraph at lines 58480--58503
[]
 []

[1277] [1278] [1279] [1280] [1281]
Overfull \hbox (6.76335pt too wide) in paragraph at lines 58730--58734
[]\TU/lmr/m/n/10.95 Apparently the author of Hebrews believes that |   []
 []

Missing character: There is no ἀ in font [lmmono10-regular]:!
Missing character: There is no γ in font [lmmono10-regular]:!
Missing character: There is no ω in font [lmmono10-regular]:!
Missing character: There is no ν in font [lmmono10-regular]:!
Missing character: There is no ί in font [lmmono10-regular]:!
Missing character: There is no ζ in font [lmmono10-regular]:!
Missing character: There is no ο in font [lmmono10-regular]:!
Missing character: There is no μ in font [lmmono10-regular]:!
Missing character: There is no α in font [lmmono10-regular]:!
Missing character: There is no ι in font [lmmono10-regular]:!

Overfull \hbox (78.83986pt too wide) in paragraph at lines 58744--58744
[]\TU/lmtt/m/n/10.95 7  Usage: I am struggling, striving (as in an athletic con
test or warfare); I contend, as with an adversary.[] 
 []

[1282]
Missing character: There is no ἀ in font [lmmono10-regular]:!
Missing character: There is no δ in font [lmmono10-regular]:!
Missing character: There is no ι in font [lmmono10-regular]:!
Missing character: There is no κ in font [lmmono10-regular]:!
Missing character: There is no ί in font [lmmono10-regular]:!
Missing character: There is no α in font [lmmono10-regular]:!
Missing character: There is no α in font [lmmono10-regular]:!
Missing character: There is no ς in font [lmmono10-regular]:!
Missing character: There is no ἡ in font [lmmono10-regular]:!

Overfull \hbox (109.26985pt too wide) in paragraph at lines 58777--58787
[]
 []

[1283] [1284]
Overfull \hbox (16.58183pt too wide) in paragraph at lines 58826--58827
[][]\TU/lmr/bx/n/10.95 Philippians 2:3[] \TU/lmr/m/n/10.95 - Do nothing from ri
valry or conceit [](G2052 eritheian; self-interest/rivalry/conceit/selfish-
 []


Overfull \hbox (18.27168pt too wide) in paragraph at lines 58830--58834
[]
 []

[1285] [1286] [1287] [1288] [1289] [1290] [1291] [1292] [1293]
Missing character: There is no π in font [lmroman10-regular]:mapping=tex-text;!
Missing character: There is no ι in font [lmroman10-regular]:mapping=tex-text;!
Missing character: There is no σ in font [lmroman10-regular]:mapping=tex-text;!
Missing character: There is no τ in font [lmroman10-regular]:mapping=tex-text;!
Missing character: There is no ε in font [lmroman10-regular]:mapping=tex-text;!
Missing character: There is no ύ in font [lmroman10-regular]:mapping=tex-text;!
Missing character: There is no ω in font [lmroman10-regular]:mapping=tex-text;!
Missing character: There is no ν in font [lmroman10-regular]:mapping=tex-text;!
Missing character: There is no π in font [lmroman10-regular]:mapping=tex-text;!
Missing character: There is no ι in font [lmroman10-regular]:mapping=tex-text;!
Missing character: There is no σ in font [lmroman10-regular]:mapping=tex-text;!
Missing character: There is no τ in font [lmroman10-regular]:mapping=tex-text;!
Missing character: There is no ε in font [lmroman10-regular]:mapping=tex-text;!
Missing character: There is no ύ in font [lmroman10-regular]:mapping=tex-text;!
Missing character: There is no ω in font [lmroman10-regular]:mapping=tex-text;!
 [1294] [1295]
[1296] [1297]
Overfull \hbox (72.39392pt too wide) in paragraph at lines 59419--59425
[]
 []

[1298] [1299] [1300] [1301] [1302] [1303] [1304] [1305] [1306]
Overfull \hbox (17.86296pt too wide) in paragraph at lines 59874--59879
[]\TU/lmr/m/n/10.95 Affirming the Nicene
 []


Overfull \hbox (710.85175pt too wide) in paragraph at lines 59923--59928
[]
 []

[1307]
Overfull \hbox (87.09975pt too wide) in paragraph at lines 59949--59955
[]
 []

[1308] [1309] [1310]
Overfull \hbox (45.65036pt too wide) in paragraph at lines 60126--60135
[]
 []


Overfull \hbox (45.65036pt too wide) in paragraph at lines 60146--60157
[]
 []


Overfull \hbox (97.21391pt too wide) in paragraph at lines 60158--60168
[]
 []

[1311]
Overfull \hbox (103.51016pt too wide) in paragraph at lines 60289--60293
[]
 []

[1312] [1313] [1314] [1315]
Missing character: There is no α in font [lmroman10-regular]:mapping=tex-text;!
Missing character: There is no ὐ in font [lmroman10-regular]:mapping=tex-text;!
Missing character: There is no τ in font [lmroman10-regular]:mapping=tex-text;!
Missing character: There is no ὸ in font [lmroman10-regular]:mapping=tex-text;!
Missing character: There is no ς in font [lmroman10-regular]:mapping=tex-text;!
Missing character: There is no κ in font [lmroman10-regular]:mapping=tex-text;!
Missing character: There is no ύ in font [lmroman10-regular]:mapping=tex-text;!
Missing character: There is no ρ in font [lmroman10-regular]:mapping=tex-text;!
Missing character: There is no ι in font [lmroman10-regular]:mapping=tex-text;!
Missing character: There is no ο in font [lmroman10-regular]:mapping=tex-text;!
Missing character: There is no ς in font [lmroman10-regular]:mapping=tex-text;!
 [1316] [1317] [1318] [1319] [1320] [1321] [1322]
[1323] [1324] [1325] [1326] [1327] [1328]
Missing character: There is no ἀ in font [lmmono10-regular]:!
Missing character: There is no ν in font [lmmono10-regular]:!
Missing character: There is no ο in font [lmmono10-regular]:!
Missing character: There is no μ in font [lmmono10-regular]:!
Missing character: There is no ί in font [lmmono10-regular]:!
Missing character: There is no α in font [lmmono10-regular]:!
Missing character: There is no α in font [lmmono10-regular]:!
Missing character: There is no ς in font [lmmono10-regular]:!
Missing character: There is no ἡ in font [lmmono10-regular]:!
Missing character: There is no κ in font [lmmono10-regular]:!
Missing character: There is no α in font [lmmono10-regular]:!
Missing character: There is no ὶ in font [lmmono10-regular]:!
Missing character: There is no τ in font [lmmono10-regular]:!
Missing character: There is no ό in font [lmmono10-regular]:!
Missing character: There is no τ in font [lmmono10-regular]:!
Missing character: There is no ε in font [lmmono10-regular]:!
Missing character: There is no ὁ in font [lmmono10-regular]:!
Missing character: There is no μ in font [lmmono10-regular]:!
Missing character: There is no ο in font [lmmono10-regular]:!
Missing character: There is no λ in font [lmmono10-regular]:!
Missing character: There is no ο in font [lmmono10-regular]:!
Missing character: There is no γ in font [lmmono10-regular]:!
Missing character: There is no ή in font [lmmono10-regular]:!
Missing character: There is no σ in font [lmmono10-regular]:!
Missing character: There is no ω in font [lmmono10-regular]:!
Missing character: There is no α in font [lmmono10-regular]:!
Missing character: There is no ὐ in font [lmmono10-regular]:!
Missing character: There is no τ in font [lmmono10-regular]:!
Missing character: There is no ο in font [lmmono10-regular]:!
Missing character: There is no ῖ in font [lmmono10-regular]:!
Missing character: There is no ς in font [lmmono10-regular]:!
Missing character: There is no ὅ in font [lmmono10-regular]:!
Missing character: There is no τ in font [lmmono10-regular]:!
Missing character: There is no ι in font [lmmono10-regular]:!
Missing character: There is no ὐ in font [lmmono10-regular]:!
Missing character: There is no δ in font [lmmono10-regular]:!
Missing character: There is no έ in font [lmmono10-regular]:!
Missing character: There is no π in font [lmmono10-regular]:!
Missing character: There is no ο in font [lmmono10-regular]:!
Missing character: There is no τ in font [lmmono10-regular]:!
Missing character: There is no ε in font [lmmono10-regular]:!
Missing character: There is no ἔ in font [lmmono10-regular]:!
Missing character: There is no γ in font [lmmono10-regular]:!
Missing character: There is no ν in font [lmmono10-regular]:!
Missing character: There is no ω in font [lmmono10-regular]:!
Missing character: There is no ν in font [lmmono10-regular]:!
Missing character: There is no ὑ in font [lmmono10-regular]:!
Missing character: There is no μ in font [lmmono10-regular]:!
Missing character: There is no ᾶ in font [lmmono10-regular]:!
Missing character: There is no ς in font [lmmono10-regular]:!
Missing character: There is no ἀ in font [lmmono10-regular]:!
Missing character: There is no π in font [lmmono10-regular]:!
Missing character: There is no ο in font [lmmono10-regular]:!
Missing character: There is no χ in font [lmmono10-regular]:!
Missing character: There is no ω in font [lmmono10-regular]:!
Missing character: There is no ρ in font [lmmono10-regular]:!
Missing character: There is no ε in font [lmmono10-regular]:!
Missing character: There is no ῖ in font [lmmono10-regular]:!
Missing character: There is no τ in font [lmmono10-regular]:!
Missing character: There is no ε in font [lmmono10-regular]:!
Missing character: There is no ἀ in font [lmmono10-regular]:!
Missing character: There is no π in font [lmmono10-regular]:!
Missing character: There is no ἐ in font [lmmono10-regular]:!
Missing character: There is no μ in font [lmmono10-regular]:!
Missing character: There is no ο in font [lmmono10-regular]:!
Missing character: There is no ῦ in font [lmmono10-regular]:!
Missing character: There is no ο in font [lmmono10-regular]:!
Missing character: There is no ἱ in font [lmmono10-regular]:!
Missing character: There is no ἐ in font [lmmono10-regular]:!
Missing character: There is no ρ in font [lmmono10-regular]:!
Missing character: There is no γ in font [lmmono10-regular]:!
Missing character: There is no α in font [lmmono10-regular]:!
Missing character: There is no ζ in font [lmmono10-regular]:!
Missing character: There is no ό in font [lmmono10-regular]:!
Missing character: There is no μ in font [lmmono10-regular]:!
Missing character: There is no ε in font [lmmono10-regular]:!
Missing character: There is no ν in font [lmmono10-regular]:!
Missing character: There is no ο in font [lmmono10-regular]:!
Missing character: There is no ι in font [lmmono10-regular]:!
Missing character: There is no τ in font [lmmono10-regular]:!
Missing character: There is no ὴ in font [lmmono10-regular]:!
Missing character: There is no ν in font [lmmono10-regular]:!
Missing character: There is no ἀ in font [lmmono10-regular]:!
Missing character: There is no ν in font [lmmono10-regular]:!
Missing character: There is no ο in font [lmmono10-regular]:!
Missing character: There is no μ in font [lmmono10-regular]:!
Missing character: There is no ί in font [lmmono10-regular]:!
Missing character: There is no α in font [lmmono10-regular]:!
Missing character: There is no ν in font [lmmono10-regular]:!
 [1329] [1330] [1331] [1332] [1333]
[1334] [1335] [1336] [1337]
Missing character: There is no 🌹 in font [lmroman10-regular]:mapping=tex-text;!
 [1338] [1339] [1340] [1341] [1342]
Missing character: There is no ἶ in font [lmmono10-regular]:!
Missing character: There is no π in font [lmmono10-regular]:!
Missing character: There is no ε in font [lmmono10-regular]:!
Missing character: There is no ν in font [lmmono10-regular]:!
Missing character: There is no α in font [lmmono10-regular]:!
Missing character: There is no ὐ in font [lmmono10-regular]:!
Missing character: There is no τ in font [lmmono10-regular]:!
Missing character: There is no ῇ in font [lmmono10-regular]:!
Missing character: There is no ὁ in font [lmmono10-regular]:!
Missing character: There is no Ἰ in font [lmmono10-regular]:!
Missing character: There is no η in font [lmmono10-regular]:!
Missing character: There is no σ in font [lmmono10-regular]:!
Missing character: There is no ο in font [lmmono10-regular]:!
Missing character: There is no ῦ in font [lmmono10-regular]:!
Missing character: There is no ς in font [lmmono10-regular]:!
Missing character: There is no Ἐ in font [lmmono10-regular]:!
Missing character: There is no γ in font [lmmono10-regular]:!
Missing character: There is no ώ in font [lmmono10-regular]:!
Missing character: There is no ε in font [lmmono10-regular]:!
Missing character: There is no ἰ in font [lmmono10-regular]:!
Missing character: There is no μ in font [lmmono10-regular]:!
Missing character: There is no ι in font [lmmono10-regular]:!
Missing character: There is no ἡ in font [lmmono10-regular]:!
Missing character: There is no ἀ in font [lmmono10-regular]:!
Missing character: There is no ν in font [lmmono10-regular]:!
Missing character: There is no ά in font [lmmono10-regular]:!
Missing character: There is no σ in font [lmmono10-regular]:!
Missing character: There is no τ in font [lmmono10-regular]:!
Missing character: There is no α in font [lmmono10-regular]:!
Missing character: There is no σ in font [lmmono10-regular]:!
Missing character: There is no ι in font [lmmono10-regular]:!
Missing character: There is no ς in font [lmmono10-regular]:!
Missing character: There is no κ in font [lmmono10-regular]:!
Missing character: There is no α in font [lmmono10-regular]:!
Missing character: There is no ὶ in font [lmmono10-regular]:!
Missing character: There is no ἡ in font [lmmono10-regular]:!
Missing character: There is no ζ in font [lmmono10-regular]:!
Missing character: There is no ω in font [lmmono10-regular]:!
Missing character: There is no ή in font [lmmono10-regular]:!
Missing character: There is no ὁ in font [lmmono10-regular]:!
Missing character: There is no π in font [lmmono10-regular]:!
Missing character: There is no ι in font [lmmono10-regular]:!
Missing character: There is no σ in font [lmmono10-regular]:!
Missing character: There is no τ in font [lmmono10-regular]:!
Missing character: There is no ε in font [lmmono10-regular]:!
Missing character: There is no ύ in font [lmmono10-regular]:!
Missing character: There is no ω in font [lmmono10-regular]:!
Missing character: There is no ν in font [lmmono10-regular]:!
Missing character: There is no ε in font [lmmono10-regular]:!
Missing character: There is no ἰ in font [lmmono10-regular]:!
Missing character: There is no ς in font [lmmono10-regular]:!
Missing character: There is no ἐ in font [lmmono10-regular]:!
Missing character: There is no μ in font [lmmono10-regular]:!
Missing character: There is no ὲ in font [lmmono10-regular]:!
Missing character: There is no κ in font [lmmono10-regular]:!
Missing character: There is no ἂ in font [lmmono10-regular]:!
Missing character: There is no ν in font [lmmono10-regular]:!
Missing character: There is no ἀ in font [lmmono10-regular]:!
Missing character: There is no π in font [lmmono10-regular]:!
Missing character: There is no ο in font [lmmono10-regular]:!
Missing character: There is no θ in font [lmmono10-regular]:!
Missing character: There is no ά in font [lmmono10-regular]:!
Missing character: There is no ν in font [lmmono10-regular]:!
Missing character: There is no ῃ in font [lmmono10-regular]:!
Missing character: There is no ζ in font [lmmono10-regular]:!
Missing character: There is no ή in font [lmmono10-regular]:!
Missing character: There is no σ in font [lmmono10-regular]:!
Missing character: There is no ε in font [lmmono10-regular]:!
Missing character: There is no τ in font [lmmono10-regular]:!
Missing character: There is no α in font [lmmono10-regular]:!
Missing character: There is no ι in font [lmmono10-regular]:!
Missing character: There is no κ in font [lmmono10-regular]:!
Missing character: There is no α in font [lmmono10-regular]:!
Missing character: There is no ὶ in font [lmmono10-regular]:!
Missing character: There is no π in font [lmmono10-regular]:!
Missing character: There is no ᾶ in font [lmmono10-regular]:!
Missing character: There is no ς in font [lmmono10-regular]:!
Missing character: There is no ὁ in font [lmmono10-regular]:!
Missing character: There is no ζ in font [lmmono10-regular]:!
Missing character: There is no ῶ in font [lmmono10-regular]:!
Missing character: There is no ν in font [lmmono10-regular]:!
Missing character: There is no κ in font [lmmono10-regular]:!
Missing character: There is no α in font [lmmono10-regular]:!
Missing character: There is no ὶ in font [lmmono10-regular]:!
Missing character: There is no π in font [lmmono10-regular]:!
Missing character: There is no ι in font [lmmono10-regular]:!
Missing character: There is no σ in font [lmmono10-regular]:!
Missing character: There is no τ in font [lmmono10-regular]:!
Missing character: There is no ε in font [lmmono10-regular]:!
Missing character: There is no ύ in font [lmmono10-regular]:!
Missing character: There is no ω in font [lmmono10-regular]:!
Missing character: There is no ν in font [lmmono10-regular]:!
Missing character: There is no ε in font [lmmono10-regular]:!
Missing character: There is no ἰ in font [lmmono10-regular]:!
Missing character: There is no ς in font [lmmono10-regular]:!
Missing character: There is no ἐ in font [lmmono10-regular]:!
Missing character: There is no μ in font [lmmono10-regular]:!
Missing character: There is no ὲ in font [lmmono10-regular]:!
Missing character: There is no ο in font [lmmono10-regular]:!
Missing character: There is no ὐ in font [lmmono10-regular]:!
Missing character: There is no μ in font [lmmono10-regular]:!
Missing character: There is no ὴ in font [lmmono10-regular]:!
 [1343]
Missing character: There is no ἀ in font [lmmono10-regular]:!
Missing character: There is no π in font [lmmono10-regular]:!
Missing character: There is no ο in font [lmmono10-regular]:!
Missing character: There is no θ in font [lmmono10-regular]:!
Missing character: There is no ά in font [lmmono10-regular]:!
Missing character: There is no ν in font [lmmono10-regular]:!
Missing character: There is no ῃ in font [lmmono10-regular]:!
Missing character: There is no ε in font [lmmono10-regular]:!
Missing character: There is no ἰ in font [lmmono10-regular]:!
Missing character: There is no ς in font [lmmono10-regular]:!
Missing character: There is no τ in font [lmmono10-regular]:!
Missing character: There is no ὸ in font [lmmono10-regular]:!
Missing character: There is no ν in font [lmmono10-regular]:!
Missing character: There is no α in font [lmmono10-regular]:!
Missing character: There is no ἰ in font [lmmono10-regular]:!
Missing character: There is no ῶ in font [lmmono10-regular]:!
Missing character: There is no ν in font [lmmono10-regular]:!
Missing character: There is no α in font [lmmono10-regular]:!
Missing character: There is no π in font [lmmono10-regular]:!
Missing character: There is no ι in font [lmmono10-regular]:!
Missing character: There is no σ in font [lmmono10-regular]:!
Missing character: There is no τ in font [lmmono10-regular]:!
Missing character: There is no ε in font [lmmono10-regular]:!
Missing character: There is no ύ in font [lmmono10-regular]:!
Missing character: There is no ε in font [lmmono10-regular]:!
Missing character: There is no ι in font [lmmono10-regular]:!
Missing character: There is no ς in font [lmmono10-regular]:!
Missing character: There is no τ in font [lmmono10-regular]:!
Missing character: There is no ο in font [lmmono10-regular]:!
Missing character: There is no ῦ in font [lmmono10-regular]:!
Missing character: There is no τ in font [lmmono10-regular]:!
Missing character: There is no ο in font [lmmono10-regular]:!

Overfull \hbox (99.93315pt too wide) in paragraph at lines 61799--61810
[]
 []


Overfull \hbox (106.2294pt too wide) in paragraph at lines 61815--61836
[]
 []


Overfull \hbox (106.2294pt too wide) in paragraph at lines 61854--61877
[]
 []

[1344]
Overfull \hbox (106.2294pt too wide) in paragraph at lines 61899--61911
[]
 []

[1345] [1346] [1347] [1348] [1349]
Overfull \hbox (7.19118pt too wide) in paragraph at lines 62208--62209
[][]\TU/lmr/bx/n/10.95 Philippians 2:1-13[] \TU/lmr/m/n/10.95 - So if there is 
any encouragement in Christ, any comfort from love, any |   []
 []

[1350] [1351] [1352] [1353] [1354] [1355] [1356] [1357] [1358] [1359]
Missing character: There is no π in font [lmroman10-regular]:mapping=tex-text;!
Missing character: There is no ι in font [lmroman10-regular]:mapping=tex-text;!
Missing character: There is no σ in font [lmroman10-regular]:mapping=tex-text;!
Missing character: There is no τ in font [lmroman10-regular]:mapping=tex-text;!
Missing character: There is no ε in font [lmroman10-regular]:mapping=tex-text;!
Missing character: There is no ύ in font [lmroman10-regular]:mapping=tex-text;!
Missing character: There is no ω in font [lmroman10-regular]:mapping=tex-text;!
Missing character: There is no ν in font [lmroman10-regular]:mapping=tex-text;!
Missing character: There is no π in font [lmroman10-regular]:mapping=tex-text;!
Missing character: There is no ι in font [lmroman10-regular]:mapping=tex-text;!
Missing character: There is no σ in font [lmroman10-regular]:mapping=tex-text;!
Missing character: There is no τ in font [lmroman10-regular]:mapping=tex-text;!
Missing character: There is no ε in font [lmroman10-regular]:mapping=tex-text;!
Missing character: There is no ύ in font [lmroman10-regular]:mapping=tex-text;!
Missing character: There is no ω in font [lmroman10-regular]:mapping=tex-text;!
 [1360]
[1361] [1362] [1363] [1364] [1365] [1366] [1367] [1368] [1369]

! LaTeX Error: Too deeply nested.

See the LaTeX manual or LaTeX Companion for explanation.
Type  H <return>  for immediate help.
 ...                                              
                                                  
l.63035 \begin{itemize}
                       
You're in trouble here.  Try typing  <return>  to proceed.
If that doesn't work, type  X <return>  to quit.

[1370]

! LaTeX Error: Too deeply nested.

See the LaTeX manual or LaTeX Companion for explanation.
Type  H <return>  for immediate help.
 ...                                              
                                                  
l.63037 \begin{itemize}
                       
You're in trouble here.  Try typing  <return>  to proceed.
If that doesn't work, type  X <return>  to quit.

[1371] [1372] [1373] [1374] [1375] [1376] [1377] [1378] [1379] [1380] [1381]
Missing character: There is no ὥ in font [lmmono10-regular]:!
Missing character: There is no σ in font [lmmono10-regular]:!
Missing character: There is no τ in font [lmmono10-regular]:!
Missing character: There is no ε in font [lmmono10-regular]:!
Missing character: There is no ε in font [lmmono10-regular]:!
Missing character: There is no ἴ in font [lmmono10-regular]:!
Missing character: There is no τ in font [lmmono10-regular]:!
Missing character: There is no ι in font [lmmono10-regular]:!
Missing character: There is no ς in font [lmmono10-regular]:!
Missing character: There is no ἐ in font [lmmono10-regular]:!
Missing character: There is no ν in font [lmmono10-regular]:!
Missing character: There is no ρ in font [lmmono10-regular]:!
Missing character: There is no ι in font [lmmono10-regular]:!
Missing character: There is no σ in font [lmmono10-regular]:!
Missing character: There is no τ in font [lmmono10-regular]:!
Missing character: There is no ῷ in font [lmmono10-regular]:!
Missing character: There is no κ in font [lmmono10-regular]:!
Missing character: There is no α in font [lmmono10-regular]:!
Missing character: There is no ι in font [lmmono10-regular]:!
Missing character: There is no ν in font [lmmono10-regular]:!
Missing character: There is no ὴ in font [lmmono10-regular]:!
Missing character: There is no κ in font [lmmono10-regular]:!
Missing character: There is no τ in font [lmmono10-regular]:!
Missing character: There is no ί in font [lmmono10-regular]:!
Missing character: There is no σ in font [lmmono10-regular]:!
Missing character: There is no ι in font [lmmono10-regular]:!
Missing character: There is no ς in font [lmmono10-regular]:!
Missing character: There is no τ in font [lmmono10-regular]:!
Missing character: There is no ὰ in font [lmmono10-regular]:!
Missing character: There is no ἀ in font [lmmono10-regular]:!
Missing character: There is no ρ in font [lmmono10-regular]:!
Missing character: There is no χ in font [lmmono10-regular]:!
Missing character: There is no α in font [lmmono10-regular]:!
Missing character: There is no ῖ in font [lmmono10-regular]:!
Missing character: There is no α in font [lmmono10-regular]:!
Missing character: There is no π in font [lmmono10-regular]:!
Missing character: There is no α in font [lmmono10-regular]:!
Missing character: There is no ρ in font [lmmono10-regular]:!
Missing character: There is no ῆ in font [lmmono10-regular]:!
Missing character: There is no λ in font [lmmono10-regular]:!
Missing character: There is no θ in font [lmmono10-regular]:!
Missing character: There is no ε in font [lmmono10-regular]:!
Missing character: There is no ν in font [lmmono10-regular]:!
Missing character: There is no ἰ in font [lmmono10-regular]:!
Missing character: There is no δ in font [lmmono10-regular]:!
Missing character: There is no ο in font [lmmono10-regular]:!
Missing character: There is no ὺ in font [lmmono10-regular]:!
Missing character: There is no γ in font [lmmono10-regular]:!
Missing character: There is no έ in font [lmmono10-regular]:!
Missing character: There is no γ in font [lmmono10-regular]:!
Missing character: There is no ο in font [lmmono10-regular]:!
Missing character: There is no ν in font [lmmono10-regular]:!
Missing character: There is no ε in font [lmmono10-regular]:!
Missing character: There is no ν in font [lmmono10-regular]:!
Missing character: There is no κ in font [lmmono10-regular]:!
Missing character: There is no α in font [lmmono10-regular]:!
Missing character: There is no ι in font [lmmono10-regular]:!
Missing character: There is no ν in font [lmmono10-regular]:!
Missing character: There is no ά in font [lmmono10-regular]:!

[1382] [1383] [1384] [1385] [1386] [1387] [1388] [1389] [1390] [1391] [1392]
[1393] [1394] [1395] [1396] [1397] [1398] [1399] [1400] [1401] [1402]

! LaTeX Error: Too deeply nested.

See the LaTeX manual or LaTeX Companion for explanation.
Type  H <return>  for immediate help.
 ...                                              
                                                  
l.64594 \begin{itemize}
                       
You're in trouble here.  Try typing  <return>  to proceed.
If that doesn't work, type  X <return>  to quit.


Overfull \hbox (22.513pt too wide) in paragraph at lines 64636--64637
[]\TU/lmr/m/n/10.95 Yeah,
 []

[1403] [1404] [1405] [1406] [1407]
Overfull \hbox (2280.14696pt too wide) in paragraph at lines 64868--64869
[]
 []

[1408] [1409] [1410] [1411] [1412] [1413] [1414] [1415]
Overfull \vbox (20.2003pt too high) has occurred while \output is active []


[1416] [1417]
Underfull \hbox (badness 1117) in paragraph at lines 65244--65244
\TU/lmr/bx/n/10.95 esians 6:1-3[] \TU/lmr/m/n/10.95 - Children, obey
 []

[1418]
Overfull \vbox (6.60025pt too high) has occurred while \output is active []


[1419]
Underfull \hbox (badness 1028) in paragraph at lines 65255--65255
[][]\TU/lmr/bx/n/10.95 I Timothy 1:8-11[] \TU/lmr/m/n/10.95 - Now we
 []


Underfull \hbox (badness 1360) in paragraph at lines 65256--65256
\TU/lmr/m/n/10.95 saints. (ESV) []\TU/lmr/bx/n/10.95 Luke 12:15[] \TU/lmr/m/n/1
0.95 -
 []

[1420] [1421] [1422] [1423] [1424] [1425] [1426] [1427] [1428] [1429] [1430]
Overfull \hbox (0.39404pt too wide) in paragraph at lines 65811--65816
[]
 []


Overfull \hbox (16.31535pt too wide) in paragraph at lines 65884--65885
[]
 []


Overfull \hbox (2.94179pt too wide) in paragraph at lines 65890--65925
[]\TU/lmr/m/n/10.95 In fact sobriety of the
 []

[1431]
Missing character: There is no 🙏 in font [lmroman10-bold]:mapping=tex-text;!

Overfull \hbox (35.05074pt too wide) in paragraph at lines 65975--65995
[]
 []

[1432]
Overfull \hbox (78.41643pt too wide) in paragraph at lines 66014--66023
[]
 []

[1433] [1434] [1435] [1436] [1437] [1438]
Overfull \hbox (225.75902pt too wide) in paragraph at lines 66365--66365
[]\TU/lmr/bx/n/12 We are justified by faith in God who delivered up for our tre
spasses and $[]$ 
 []


Package hyperref Warning: Token not allowed in a PDF string (Unicode):
(hyperref)                removing `math shift' on input line 66365.


Package hyperref Warning: Token not allowed in a PDF string (Unicode):
(hyperref)                removing `\@@underline' on input line 66365.


Package hyperref Warning: Token not allowed in a PDF string (Unicode):
(hyperref)                removing `\hbox' on input line 66365.


Package hyperref Warning: Token not allowed in a PDF string (Unicode):
(hyperref)                removing `\mathsurround' on input line 66365.


Package hyperref Warning: Token not allowed in a PDF string (Unicode):
(hyperref)                removing `\z@' on input line 66365.


Package hyperref Warning: Token not allowed in a PDF string (Unicode):
(hyperref)                removing `math shift' on input line 66365.

[1439] [1440] [1441] [1442]
Overfull \hbox (57.42162pt too wide) in paragraph at lines 66520--66530
[]
 []

[1443] [1444] [1445]
Missing character: There is no ḗ in font [lmroman10-bold]:mapping=tex-text;!
 [1446]
Overfull \hbox (74.64964pt too wide) in paragraph at lines 66756--66770
[]
 []

[1447] [1448] [1449]
Missing character: There is no 􀀧 in font [lmroman10-regular]:mapping=tex-text;!
Missing character: There is no 􁱾 in font [lmroman10-regular]:mapping=tex-text;!
 [1450] [1451]

Package hyperref Warning: Token not allowed in a PDF string (Unicode):
(hyperref)                removing `math shift' on input line 67018.


Package hyperref Warning: Token not allowed in a PDF string (Unicode):
(hyperref)                removing `\@@underline' on input line 67018.


Package hyperref Warning: Token not allowed in a PDF string (Unicode):
(hyperref)                removing `\hbox' on input line 67018.


Package hyperref Warning: Token not allowed in a PDF string (Unicode):
(hyperref)                removing `\mathsurround' on input line 67018.


Package hyperref Warning: Token not allowed in a PDF string (Unicode):
(hyperref)                removing `\z@' on input line 67018.


Package hyperref Warning: Token not allowed in a PDF string (Unicode):
(hyperref)                removing `math shift' on input line 67018.

[1452] [1453] [1454]
Overfull \hbox (324.26573pt too wide) in paragraph at lines 67181--67182
[]
 []

[1455] [1456] [1457] [1458] [1459] [1460] [1461]
Missing character: There is no ὅ in font [lmmono10-regular]:!
Missing character: There is no τ in font [lmmono10-regular]:!
Missing character: There is no ι in font [lmmono10-regular]:!
Missing character: There is no ο in font [lmmono10-regular]:!
Missing character: There is no ὐ in font [lmmono10-regular]:!
Missing character: There is no κ in font [lmmono10-regular]:!
Missing character: There is no ε in font [lmmono10-regular]:!
Missing character: There is no ἰ in font [lmmono10-regular]:!
Missing character: There is no σ in font [lmmono10-regular]:!
Missing character: There is no π in font [lmmono10-regular]:!
Missing character: There is no ο in font [lmmono10-regular]:!
Missing character: There is no ρ in font [lmmono10-regular]:!
Missing character: There is no ε in font [lmmono10-regular]:!
Missing character: There is no ύ in font [lmmono10-regular]:!
Missing character: There is no ε in font [lmmono10-regular]:!
Missing character: There is no τ in font [lmmono10-regular]:!
Missing character: There is no α in font [lmmono10-regular]:!
Missing character: There is no ι in font [lmmono10-regular]:!
Missing character: There is no α in font [lmmono10-regular]:!
Missing character: There is no ὐ in font [lmmono10-regular]:!
Missing character: There is no τ in font [lmmono10-regular]:!
Missing character: There is no ο in font [lmmono10-regular]:!
Missing character: There is no ῦ in font [lmmono10-regular]:!
Missing character: There is no ε in font [lmmono10-regular]:!
Missing character: There is no ἰ in font [lmmono10-regular]:!
Missing character: There is no ς in font [lmmono10-regular]:!
Missing character: There is no τ in font [lmmono10-regular]:!
Missing character: There is no ὴ in font [lmmono10-regular]:!
Missing character: There is no ν in font [lmmono10-regular]:!
Missing character: There is no κ in font [lmmono10-regular]:!
Missing character: There is no α in font [lmmono10-regular]:!
Missing character: There is no ρ in font [lmmono10-regular]:!
Missing character: There is no δ in font [lmmono10-regular]:!
Missing character: There is no ί in font [lmmono10-regular]:!
Missing character: There is no α in font [lmmono10-regular]:!
Missing character: There is no ν in font [lmmono10-regular]:!
Missing character: There is no ἀ in font [lmmono10-regular]:!
Missing character: There is no λ in font [lmmono10-regular]:!
Missing character: There is no λ in font [lmmono10-regular]:!
Missing character: There is no ε in font [lmmono10-regular]:!
Missing character: There is no ἰ in font [lmmono10-regular]:!
Missing character: There is no ς in font [lmmono10-regular]:!
Missing character: There is no τ in font [lmmono10-regular]:!
Missing character: There is no ὴ in font [lmmono10-regular]:!
Missing character: There is no ν in font [lmmono10-regular]:!
Missing character: There is no κ in font [lmmono10-regular]:!
Missing character: There is no ο in font [lmmono10-regular]:!
Missing character: There is no ι in font [lmmono10-regular]:!
Missing character: There is no λ in font [lmmono10-regular]:!
Missing character: There is no ί in font [lmmono10-regular]:!
Missing character: There is no α in font [lmmono10-regular]:!
Missing character: There is no ν in font [lmmono10-regular]:!
Missing character: There is no κ in font [lmmono10-regular]:!
Missing character: There is no α in font [lmmono10-regular]:!
Missing character: There is no ὶ in font [lmmono10-regular]:!
Missing character: There is no ε in font [lmmono10-regular]:!
Missing character: There is no ἰ in font [lmmono10-regular]:!
Missing character: There is no ς in font [lmmono10-regular]:!
Missing character: There is no τ in font [lmmono10-regular]:!
Missing character: There is no ὸ in font [lmmono10-regular]:!
Missing character: There is no ν in font [lmmono10-regular]:!
Missing character: There is no ἀ in font [lmmono10-regular]:!
Missing character: There is no φ in font [lmmono10-regular]:!
Missing character: There is no ε in font [lmmono10-regular]:!
Missing character: There is no δ in font [lmmono10-regular]:!
Missing character: There is no ρ in font [lmmono10-regular]:!
Missing character: There is no ῶ in font [lmmono10-regular]:!
Missing character: There is no ν in font [lmmono10-regular]:!
Missing character: There is no α in font [lmmono10-regular]:!
Missing character: There is no ἐ in font [lmmono10-regular]:!
Missing character: There is no κ in font [lmmono10-regular]:!
Missing character: There is no π in font [lmmono10-regular]:!
Missing character: There is no ο in font [lmmono10-regular]:!
Missing character: There is no ρ in font [lmmono10-regular]:!
Missing character: There is no ε in font [lmmono10-regular]:!
Missing character: There is no ύ in font [lmmono10-regular]:!
Missing character: There is no ε in font [lmmono10-regular]:!
Missing character: There is no τ in font [lmmono10-regular]:!
Missing character: There is no α in font [lmmono10-regular]:!
Missing character: There is no ι in font [lmmono10-regular]:!
Missing character: There is no κ in font [lmmono10-regular]:!
Missing character: There is no α in font [lmmono10-regular]:!
Missing character: There is no θ in font [lmmono10-regular]:!
Missing character: There is no α in font [lmmono10-regular]:!
Missing character: There is no ρ in font [lmmono10-regular]:!
Missing character: There is no ί in font [lmmono10-regular]:!
Missing character: There is no ζ in font [lmmono10-regular]:!
Missing character: There is no ω in font [lmmono10-regular]:!
Missing character: There is no ν in font [lmmono10-regular]:!
Missing character: There is no π in font [lmmono10-regular]:!
Missing character: There is no ά in font [lmmono10-regular]:!
Missing character: There is no ν in font [lmmono10-regular]:!
Missing character: There is no τ in font [lmmono10-regular]:!
Missing character: There is no α in font [lmmono10-regular]:!
Missing character: There is no τ in font [lmmono10-regular]:!
Missing character: There is no ὰ in font [lmmono10-regular]:!
Missing character: There is no β in font [lmmono10-regular]:!
Missing character: There is no ρ in font [lmmono10-regular]:!
Missing character: There is no ώ in font [lmmono10-regular]:!
Missing character: There is no μ in font [lmmono10-regular]:!
Missing character: There is no α in font [lmmono10-regular]:!
Missing character: There is no τ in font [lmmono10-regular]:!
Missing character: There is no α in font [lmmono10-regular]:!
 [1462]

Package hyperref Warning: Token not allowed in a PDF string (Unicode):
(hyperref)                removing `math shift' on input line 67541.


Package hyperref Warning: Token not allowed in a PDF string (Unicode):
(hyperref)                removing `\@@underline' on input line 67541.


Package hyperref Warning: Token not allowed in a PDF string (Unicode):
(hyperref)                removing `\hbox' on input line 67541.


Package hyperref Warning: Token not allowed in a PDF string (Unicode):
(hyperref)                removing `\mathsurround' on input line 67541.


Package hyperref Warning: Token not allowed in a PDF string (Unicode):
(hyperref)                removing `\z@' on input line 67541.


Package hyperref Warning: Token not allowed in a PDF string (Unicode):
(hyperref)                removing `math shift' on input line 67541.


Overfull \hbox (22.6116pt too wide) in paragraph at lines 67549--67553
[]
 []

[1463]
Missing character: There is no ☕ in font [lmroman10-regular]:mapping=tex-text;!

Overfull \hbox (16.14743pt too wide) in paragraph at lines 67636--67637
[]\TU/lmr/m/n/10.95 ”People
 []

[1464] [1465] [1466] [1467] [1468] [1469] [1470] [1471] [1472] [1473] [1474]
[1475] [1476] [1477]
Overfull \hbox (22.6116pt too wide) in paragraph at lines 68265--68278
[]
 []

[1478] [1479] [1480] [1481]
Missing character: There is no ש in font [lmroman10-regular]:mapping=tex-text;!
Missing character: There is no ׁ in font [lmroman10-regular]:mapping=tex-text;!
Missing character: There is no ו in font [lmroman10-regular]:mapping=tex-text;!
Missing character: There is no ּ in font [lmroman10-regular]:mapping=tex-text;!
Missing character: There is no ב in font [lmroman10-regular]:mapping=tex-text;!
 [1482] [1483] [1484] [1485] [1486] [1487]
Overfull \hbox (8.77544pt too wide) in paragraph at lines 68774--68784
[]\TU/lmr/m/n/10.95 Brethren, I don’t
 []

[1488]

Package hyperref Warning: Token not allowed in a PDF string (Unicode):
(hyperref)                removing `math shift' on input line 68826.


Package hyperref Warning: Token not allowed in a PDF string (Unicode):
(hyperref)                removing `\@@underline' on input line 68826.


Package hyperref Warning: Token not allowed in a PDF string (Unicode):
(hyperref)                removing `\hbox' on input line 68826.


Package hyperref Warning: Token not allowed in a PDF string (Unicode):
(hyperref)                removing `\mathsurround' on input line 68826.


Package hyperref Warning: Token not allowed in a PDF string (Unicode):
(hyperref)                removing `\z@' on input line 68826.


Package hyperref Warning: Token not allowed in a PDF string (Unicode):
(hyperref)                removing `math shift' on input line 68826.

[1489] [1490] [1491] [1492] [1493] [1494] [1495]
Overfull \hbox (11.50102pt too wide) in paragraph at lines 69119--69146
[]\TU/lmr/m/n/10.95 Jesus is the
 []

[1496] [1497] [1498]
Overfull \hbox (80.29248pt too wide) in paragraph at lines 69311--69327
[]
 []

[1499] [1500] [1501] [1502] [1503] [1504] [1505]
Overfull \hbox (60.11165pt too wide) in paragraph at lines 69639--69640
[]
 []


Overfull \hbox (66.4079pt too wide) in paragraph at lines 69641--69642
[]
 []

[1506] [1507] [1508]
Missing character: There is no ἀ in font [lmmono10-regular]:!
Missing character: There is no π in font [lmmono10-regular]:!
Missing character: There is no έ in font [lmmono10-regular]:!
Missing character: There is no χ in font [lmmono10-regular]:!
Missing character: There is no ω in font [lmmono10-regular]:!
 [1509]
Missing character: There is no ḇ in font [lmroman10-regular]:mapping=tex-text;!
 [1510]

Package hyperref Warning: Token not allowed in a PDF string (Unicode):
(hyperref)                removing `math shift' on input line 69925.


Package hyperref Warning: Token not allowed in a PDF string (Unicode):
(hyperref)                removing `\@@underline' on input line 69925.


Package hyperref Warning: Token not allowed in a PDF string (Unicode):
(hyperref)                removing `\hbox' on input line 69925.


Package hyperref Warning: Token not allowed in a PDF string (Unicode):
(hyperref)                removing `\mathsurround' on input line 69925.


Package hyperref Warning: Token not allowed in a PDF string (Unicode):
(hyperref)                removing `\z@' on input line 69925.


Package hyperref Warning: Token not allowed in a PDF string (Unicode):
(hyperref)                removing `math shift' on input line 69925.

[1511] [1512] [1513] [1514] [1515]
Missing character: There is no ο in font [lmroman10-regular]:mapping=tex-text;!
Missing character: There is no ὐ in font [lmroman10-regular]:mapping=tex-text;!
Missing character: There is no μ in font [lmroman10-regular]:mapping=tex-text;!
Missing character: There is no ή in font [lmroman10-regular]:mapping=tex-text;!
 [1516] [1517] [1518] [1519] [1520] [1521]
[1522] [1523] [1524] [1525] [1526] [1527]
Overfull \hbox (11.66888pt too wide) in paragraph at lines 70769--70775
[]\TU/lmr/m/n/10.95 So,
 []

[1528] [1529] [1530] [1531] [1532] [1533] [1534]

Package hyperref Warning: Difference (2) between bookmark levels is greater 
(hyperref)                than one, level fixed on input line 71110.

[1535] [1536] [1537]
Missing character: There is no π in font [lmroman10-regular]:mapping=tex-text;!
Missing character: There is no ι in font [lmroman10-regular]:mapping=tex-text;!
Missing character: There is no σ in font [lmroman10-regular]:mapping=tex-text;!
Missing character: There is no τ in font [lmroman10-regular]:mapping=tex-text;!
Missing character: There is no ε in font [lmroman10-regular]:mapping=tex-text;!
Missing character: There is no ύ in font [lmroman10-regular]:mapping=tex-text;!
Missing character: There is no ω in font [lmroman10-regular]:mapping=tex-text;!
Missing character: There is no ν in font [lmroman10-regular]:mapping=tex-text;!
Missing character: There is no π in font [lmroman10-regular]:mapping=tex-text;!
Missing character: There is no ι in font [lmroman10-regular]:mapping=tex-text;!
Missing character: There is no σ in font [lmroman10-regular]:mapping=tex-text;!
Missing character: There is no τ in font [lmroman10-regular]:mapping=tex-text;!
Missing character: There is no ε in font [lmroman10-regular]:mapping=tex-text;!
Missing character: There is no ύ in font [lmroman10-regular]:mapping=tex-text;!
Missing character: There is no ω in font [lmroman10-regular]:mapping=tex-text;!
 [1538] [1539] [1540] [1541] [1542] [1543] [1544] [1545]
[1546] [1547] [1548] [1549] [1550] [1551] [1552] [1553] [1554] [1555]
Missing character: There is no λ in font [lmmono10-regular]:!
Missing character: There is no ο in font [lmmono10-regular]:!
Missing character: There is no γ in font [lmmono10-regular]:!
Missing character: There is no ι in font [lmmono10-regular]:!
Missing character: There is no ζ in font [lmmono10-regular]:!
Missing character: There is no ό in font [lmmono10-regular]:!
Missing character: There is no μ in font [lmmono10-regular]:!
Missing character: There is no ε in font [lmmono10-regular]:!
Missing character: There is no θ in font [lmmono10-regular]:!
Missing character: There is no α in font [lmmono10-regular]:!
Missing character: There is no γ in font [lmmono10-regular]:!
Missing character: There is no ὰ in font [lmmono10-regular]:!
Missing character: There is no ρ in font [lmmono10-regular]:!
Missing character: There is no δ in font [lmmono10-regular]:!
Missing character: There is no ι in font [lmmono10-regular]:!
Missing character: There is no κ in font [lmmono10-regular]:!
Missing character: There is no α in font [lmmono10-regular]:!
Missing character: There is no ι in font [lmmono10-regular]:!
Missing character: There is no ο in font [lmmono10-regular]:!
Missing character: There is no ῦ in font [lmmono10-regular]:!
Missing character: There is no σ in font [lmmono10-regular]:!
Missing character: There is no θ in font [lmmono10-regular]:!
Missing character: There is no α in font [lmmono10-regular]:!
Missing character: There is no ι in font [lmmono10-regular]:!
Missing character: There is no π in font [lmmono10-regular]:!
Missing character: There is no ί in font [lmmono10-regular]:!
Missing character: There is no σ in font [lmmono10-regular]:!
Missing character: There is no τ in font [lmmono10-regular]:!
Missing character: There is no ε in font [lmmono10-regular]:!
Missing character: There is no ι in font [lmmono10-regular]:!
Missing character: There is no ἄ in font [lmmono10-regular]:!
Missing character: There is no ν in font [lmmono10-regular]:!
Missing character: There is no θ in font [lmmono10-regular]:!
Missing character: There is no ρ in font [lmmono10-regular]:!
Missing character: There is no ω in font [lmmono10-regular]:!
Missing character: There is no π in font [lmmono10-regular]:!
Missing character: There is no ο in font [lmmono10-regular]:!
Missing character: There is no ν in font [lmmono10-regular]:!
Missing character: There is no χ in font [lmmono10-regular]:!
Missing character: There is no ω in font [lmmono10-regular]:!
Missing character: There is no ρ in font [lmmono10-regular]:!
Missing character: There is no ὶ in font [lmmono10-regular]:!
Missing character: There is no ς in font [lmmono10-regular]:!
Missing character: There is no ἔ in font [lmmono10-regular]:!
Missing character: There is no ρ in font [lmmono10-regular]:!
Missing character: There is no γ in font [lmmono10-regular]:!
Missing character: There is no ω in font [lmmono10-regular]:!
Missing character: There is no ν in font [lmmono10-regular]:!
Missing character: There is no ν in font [lmmono10-regular]:!
Missing character: There is no ό in font [lmmono10-regular]:!
Missing character: There is no μ in font [lmmono10-regular]:!
Missing character: There is no ο in font [lmmono10-regular]:!
Missing character: There is no υ in font [lmmono10-regular]:!
 [1556]

LaTeX Warning: Reference `sec:org59e31f6' on page 1557 undefined on input line 
72138.

[1557] [1558]
Missing character: There is no κ in font [lmmono10-regular]:!
Missing character: There is no α in font [lmmono10-regular]:!
Missing character: There is no ί in font [lmmono10-regular]:!
Missing character: There is no π in font [lmmono10-regular]:!
Missing character: There is no ε in font [lmmono10-regular]:!
Missing character: There is no ρ in font [lmmono10-regular]:!
Missing character: There is no ὢ in font [lmmono10-regular]:!
Missing character: There is no ν in font [lmmono10-regular]:!
Missing character: There is no ἱ in font [lmmono10-regular]:!
Missing character: There is no ό in font [lmmono10-regular]:!
Missing character: There is no ς in font [lmmono10-regular]:!
Missing character: There is no ἔ in font [lmmono10-regular]:!
Missing character: There is no μ in font [lmmono10-regular]:!
Missing character: There is no α in font [lmmono10-regular]:!
Missing character: There is no θ in font [lmmono10-regular]:!
Missing character: There is no ε in font [lmmono10-regular]:!
Missing character: There is no ν in font [lmmono10-regular]:!
Missing character: There is no ἀ in font [lmmono10-regular]:!
Missing character: There is no φ in font [lmmono10-regular]:!
Missing character: There is no ὧ in font [lmmono10-regular]:!
Missing character: There is no ν in font [lmmono10-regular]:!
Missing character: There is no ἔ in font [lmmono10-regular]:!
Missing character: There is no π in font [lmmono10-regular]:!
Missing character: There is no α in font [lmmono10-regular]:!
Missing character: There is no θ in font [lmmono10-regular]:!
Missing character: There is no ε in font [lmmono10-regular]:!
Missing character: There is no ν in font [lmmono10-regular]:!
Missing character: There is no τ in font [lmmono10-regular]:!
Missing character: There is no ὴ in font [lmmono10-regular]:!
Missing character: There is no ν in font [lmmono10-regular]:!
Missing character: There is no ὑ in font [lmmono10-regular]:!
Missing character: There is no π in font [lmmono10-regular]:!
Missing character: There is no α in font [lmmono10-regular]:!
Missing character: There is no κ in font [lmmono10-regular]:!
Missing character: There is no ο in font [lmmono10-regular]:!
Missing character: There is no ή in font [lmmono10-regular]:!
Missing character: There is no ν in font [lmmono10-regular]:!
 [1559] [1560] [1561] [1562] [1563] [1564] [1565]
Missing character: There is no π in font [lmroman10-regular]:mapping=tex-text;!
Missing character: There is no ι in font [lmroman10-regular]:mapping=tex-text;!
Missing character: There is no σ in font [lmroman10-regular]:mapping=tex-text;!
Missing character: There is no τ in font [lmroman10-regular]:mapping=tex-text;!
Missing character: There is no ε in font [lmroman10-regular]:mapping=tex-text;!
Missing character: There is no ύ in font [lmroman10-regular]:mapping=tex-text;!
Missing character: There is no ω in font [lmroman10-regular]:mapping=tex-text;!
Missing character: There is no ν in font [lmroman10-regular]:mapping=tex-text;!
Missing character: There is no π in font [lmroman10-regular]:mapping=tex-text;!
Missing character: There is no ι in font [lmroman10-regular]:mapping=tex-text;!
Missing character: There is no σ in font [lmroman10-regular]:mapping=tex-text;!
Missing character: There is no τ in font [lmroman10-regular]:mapping=tex-text;!
Missing character: There is no ε in font [lmroman10-regular]:mapping=tex-text;!
Missing character: There is no ύ in font [lmroman10-regular]:mapping=tex-text;!
Missing character: There is no ω in font [lmroman10-regular]:mapping=tex-text;!
 [1566]
Overfull \hbox (56.84987pt too wide) in paragraph at lines 72642--72643
[][]$[][][][][] [] [] [] [][][] [] [][][][][][][][][] [] [][][] [] [][][][][][]
[][][][][][][] [] [][][][] [] [][][][][][][][][][][][][][][][][][][][][][][][][
][][][][][][][][][][][][][][][][][][][][][][][][][][][][][][][][][][][][][][][]
[][][][][]$[] 
 []

[1567] [1568] [1569] [1570] [1571] [1572] [1573] [1574] [1575] [1576]
Overfull \hbox (3.58777pt too wide) in paragraph at lines 73076--73077
[]\TU/lmr/m/n/10.95 You’ve
 []

[1577] [1578]
Missing character: There is no י in font [lmmono10-regular]:!
Missing character: There is no ְ in font [lmmono10-regular]:!
Missing character: There is no ה in font [lmmono10-regular]:!
Missing character: There is no ו in font [lmmono10-regular]:!
Missing character: There is no ָ in font [lmmono10-regular]:!
Missing character: There is no ֛ in font [lmmono10-regular]:!
Missing character: There is no ה in font [lmmono10-regular]:!
 [1579] [1580] [1581] [1582]
Overfull \hbox (837.6747pt too wide) in paragraph at lines 73401--73401
[]\TU/lmtt/m/n/10.95 1  5219 /hypakoúō ("obey") is acting under the authority o
f the one speaking, i.e. really listening to the one giving the charge (order).
 5219 /hypakoúō ("to hearken, obey") suggests attentively listening, i.e. fully
 compliant (responsive).[] 
 []

[1583]
Overfull \hbox (15.60362pt too wide) in paragraph at lines 73401--73401
[]\TU/lmtt/m/n/10.95 3  [5219 (hypakoúō) is an "intensification" of the simple 
verb "to listen" (191 /akoúō, "hear").][] 
 []

Missing character: There is no Ἀ in font [lmmono10-regular]:!
Missing character: There is no λ in font [lmmono10-regular]:!
Missing character: There is no λ in font [lmmono10-regular]:!
Missing character: There is no ο in font [lmmono10-regular]:!
Missing character: There is no ὐ in font [lmmono10-regular]:!
Missing character: There is no π in font [lmmono10-regular]:!
Missing character: There is no ά in font [lmmono10-regular]:!
Missing character: There is no ν in font [lmmono10-regular]:!
Missing character: There is no τ in font [lmmono10-regular]:!
Missing character: There is no ε in font [lmmono10-regular]:!
Missing character: There is no ς in font [lmmono10-regular]:!
Missing character: There is no ὑ in font [lmmono10-regular]:!
Missing character: There is no π in font [lmmono10-regular]:!
Missing character: There is no ή in font [lmmono10-regular]:!
Missing character: There is no κ in font [lmmono10-regular]:!
Missing character: There is no ο in font [lmmono10-regular]:!
Missing character: There is no υ in font [lmmono10-regular]:!
Missing character: There is no σ in font [lmmono10-regular]:!
Missing character: There is no α in font [lmmono10-regular]:!
Missing character: There is no ν in font [lmmono10-regular]:!
Missing character: There is no τ in font [lmmono10-regular]:!
Missing character: There is no ῷ in font [lmmono10-regular]:!
Missing character: There is no ε in font [lmmono10-regular]:!
Missing character: There is no ὐ in font [lmmono10-regular]:!
Missing character: There is no α in font [lmmono10-regular]:!
Missing character: There is no γ in font [lmmono10-regular]:!
Missing character: There is no γ in font [lmmono10-regular]:!
Missing character: There is no ε in font [lmmono10-regular]:!
Missing character: There is no λ in font [lmmono10-regular]:!
Missing character: There is no ί in font [lmmono10-regular]:!
Missing character: There is no ῳ in font [lmmono10-regular]:!
Missing character: There is no Ἠ in font [lmmono10-regular]:!
Missing character: There is no σ in font [lmmono10-regular]:!
Missing character: There is no α in font [lmmono10-regular]:!
Missing character: There is no ΐ in font [lmmono10-regular]:!
Missing character: There is no α in font [lmmono10-regular]:!
Missing character: There is no ς in font [lmmono10-regular]:!
Missing character: There is no γ in font [lmmono10-regular]:!
Missing character: There is no ὰ in font [lmmono10-regular]:!
Missing character: There is no ρ in font [lmmono10-regular]:!
Missing character: There is no λ in font [lmmono10-regular]:!
Missing character: There is no έ in font [lmmono10-regular]:!
Missing character: There is no γ in font [lmmono10-regular]:!
Missing character: There is no ε in font [lmmono10-regular]:!
Missing character: There is no ι in font [lmmono10-regular]:!
Missing character: There is no ύ in font [lmmono10-regular]:!
Missing character: There is no ρ in font [lmmono10-regular]:!
Missing character: There is no ι in font [lmmono10-regular]:!
Missing character: There is no ε in font [lmmono10-regular]:!
Missing character: There is no τ in font [lmmono10-regular]:!
Missing character: There is no ί in font [lmmono10-regular]:!
Missing character: There is no ς in font [lmmono10-regular]:!
Missing character: There is no ἐ in font [lmmono10-regular]:!
Missing character: There is no π in font [lmmono10-regular]:!
Missing character: There is no ί in font [lmmono10-regular]:!
Missing character: There is no σ in font [lmmono10-regular]:!
Missing character: There is no τ in font [lmmono10-regular]:!
Missing character: There is no ε in font [lmmono10-regular]:!
Missing character: There is no υ in font [lmmono10-regular]:!
Missing character: There is no σ in font [lmmono10-regular]:!
Missing character: There is no ε in font [lmmono10-regular]:!
Missing character: There is no ν in font [lmmono10-regular]:!
Missing character: There is no τ in font [lmmono10-regular]:!
Missing character: There is no ῇ in font [lmmono10-regular]:!
Missing character: There is no ἀ in font [lmmono10-regular]:!
Missing character: There is no κ in font [lmmono10-regular]:!
Missing character: There is no ο in font [lmmono10-regular]:!
Missing character: There is no ῇ in font [lmmono10-regular]:!
Missing character: There is no ἡ in font [lmmono10-regular]:!
Missing character: There is no μ in font [lmmono10-regular]:!
Missing character: There is no ῶ in font [lmmono10-regular]:!
Missing character: There is no ν in font [lmmono10-regular]:!
[1584] [1585] [1586] [1587] [1588] [1589] [1590] [1591]
Missing character: There is no ό in font [lmmono10-regular]:!
Missing character: There is no τ in font [lmmono10-regular]:!
Missing character: There is no ε in font [lmmono10-regular]:!
Missing character: There is no ἰ in font [lmmono10-regular]:!
Missing character: There is no δ in font [lmmono10-regular]:!
Missing character: There is no ὼ in font [lmmono10-regular]:!
Missing character: There is no ν in font [lmmono10-regular]:!
Missing character: There is no Ἰ in font [lmmono10-regular]:!
Missing character: There is no ο in font [lmmono10-regular]:!
Missing character: There is no ύ in font [lmmono10-regular]:!
Missing character: There is no δ in font [lmmono10-regular]:!
Missing character: There is no α in font [lmmono10-regular]:!
Missing character: There is no ς in font [lmmono10-regular]:!
Missing character: There is no ὁ in font [lmmono10-regular]:!
Missing character: There is no π in font [lmmono10-regular]:!
Missing character: There is no α in font [lmmono10-regular]:!
Missing character: There is no ρ in font [lmmono10-regular]:!
Missing character: There is no α in font [lmmono10-regular]:!
Missing character: There is no δ in font [lmmono10-regular]:!
Missing character: There is no ι in font [lmmono10-regular]:!
Missing character: There is no δ in font [lmmono10-regular]:!
Missing character: There is no ο in font [lmmono10-regular]:!
Missing character: There is no ὺ in font [lmmono10-regular]:!
Missing character: There is no ς in font [lmmono10-regular]:!
Missing character: There is no α in font [lmmono10-regular]:!
Missing character: There is no ὐ in font [lmmono10-regular]:!
Missing character: There is no τ in font [lmmono10-regular]:!
Missing character: There is no ὸ in font [lmmono10-regular]:!
Missing character: There is no ν in font [lmmono10-regular]:!
Missing character: There is no ὅ in font [lmmono10-regular]:!
Missing character: There is no τ in font [lmmono10-regular]:!
Missing character: There is no ι in font [lmmono10-regular]:!
Missing character: There is no κ in font [lmmono10-regular]:!
Missing character: There is no α in font [lmmono10-regular]:!
Missing character: There is no τ in font [lmmono10-regular]:!
Missing character: There is no ε in font [lmmono10-regular]:!
Missing character: There is no κ in font [lmmono10-regular]:!
Missing character: There is no ρ in font [lmmono10-regular]:!
Missing character: There is no ί in font [lmmono10-regular]:!
Missing character: There is no θ in font [lmmono10-regular]:!
Missing character: There is no η in font [lmmono10-regular]:!
Missing character: There is no μ in font [lmmono10-regular]:!
Missing character: There is no ε in font [lmmono10-regular]:!
Missing character: There is no τ in font [lmmono10-regular]:!
Missing character: There is no α in font [lmmono10-regular]:!
Missing character: There is no μ in font [lmmono10-regular]:!
Missing character: There is no ε in font [lmmono10-regular]:!
Missing character: There is no λ in font [lmmono10-regular]:!
Missing character: There is no η in font [lmmono10-regular]:!
Missing character: There is no θ in font [lmmono10-regular]:!
Missing character: There is no ε in font [lmmono10-regular]:!
Missing character: There is no ὶ in font [lmmono10-regular]:!
Missing character: There is no ς in font [lmmono10-regular]:!
Missing character: There is no ἔ in font [lmmono10-regular]:!
Missing character: There is no σ in font [lmmono10-regular]:!
Missing character: There is no τ in font [lmmono10-regular]:!
Missing character: There is no ρ in font [lmmono10-regular]:!
Missing character: There is no ε in font [lmmono10-regular]:!
Missing character: There is no ψ in font [lmmono10-regular]:!
Missing character: There is no ε in font [lmmono10-regular]:!
Missing character: There is no ν in font [lmmono10-regular]:!
Missing character: There is no τ in font [lmmono10-regular]:!
Missing character: There is no ὰ in font [lmmono10-regular]:!
Missing character: There is no τ in font [lmmono10-regular]:!
Missing character: There is no ρ in font [lmmono10-regular]:!
Missing character: There is no ι in font [lmmono10-regular]:!
Missing character: There is no ά in font [lmmono10-regular]:!
Missing character: There is no κ in font [lmmono10-regular]:!
Missing character: There is no ο in font [lmmono10-regular]:!
Missing character: There is no ν in font [lmmono10-regular]:!
Missing character: There is no τ in font [lmmono10-regular]:!
Missing character: There is no α in font [lmmono10-regular]:!
Missing character: There is no ἀ in font [lmmono10-regular]:!
Missing character: There is no ρ in font [lmmono10-regular]:!
Missing character: There is no γ in font [lmmono10-regular]:!
Missing character: There is no ύ in font [lmmono10-regular]:!
Missing character: There is no ρ in font [lmmono10-regular]:!
Missing character: There is no ι in font [lmmono10-regular]:!
Missing character: There is no α in font [lmmono10-regular]:!
Missing character: There is no τ in font [lmmono10-regular]:!
Missing character: There is no ο in font [lmmono10-regular]:!
Missing character: There is no ῖ in font [lmmono10-regular]:!
Missing character: There is no ς in font [lmmono10-regular]:!
Missing character: There is no ἀ in font [lmmono10-regular]:!
Missing character: There is no ρ in font [lmmono10-regular]:!
Missing character: There is no χ in font [lmmono10-regular]:!
Missing character: There is no ι in font [lmmono10-regular]:!
Missing character: There is no ε in font [lmmono10-regular]:!
Missing character: There is no ρ in font [lmmono10-regular]:!
Missing character: There is no ε in font [lmmono10-regular]:!
Missing character: There is no ῦ in font [lmmono10-regular]:!
Missing character: There is no σ in font [lmmono10-regular]:!
Missing character: There is no ι in font [lmmono10-regular]:!
Missing character: There is no ν in font [lmmono10-regular]:!
Missing character: There is no κ in font [lmmono10-regular]:!
Missing character: There is no α in font [lmmono10-regular]:!
Missing character: There is no ὶ in font [lmmono10-regular]:!
Missing character: There is no π in font [lmmono10-regular]:!
Missing character: There is no ρ in font [lmmono10-regular]:!
Missing character: There is no ε in font [lmmono10-regular]:!
Missing character: There is no σ in font [lmmono10-regular]:!
Missing character: There is no β in font [lmmono10-regular]:!
Missing character: There is no υ in font [lmmono10-regular]:!
Missing character: There is no τ in font [lmmono10-regular]:!
Missing character: There is no έ in font [lmmono10-regular]:!
Missing character: There is no ρ in font [lmmono10-regular]:!
Missing character: There is no ο in font [lmmono10-regular]:!
Missing character: There is no ι in font [lmmono10-regular]:!
Missing character: There is no ς in font [lmmono10-regular]:!

Overfull \hbox (194.647pt too wide) in paragraph at lines 73819--73826
[]
 []


Overfull \hbox (194.647pt too wide) in paragraph at lines 73827--73846
[]
 []


Overfull \hbox (71.84644pt too wide) in paragraph at lines 73853--73866
[]
 []

[1592] [1593]
Overfull \hbox (75.7008pt too wide) in paragraph at lines 73970--73974
[]
 []

[1594] [1595] [1596] [1597]
Overfull \hbox (169.08238pt too wide) in paragraph at lines 74143--74144
[]
 []


Overfull \hbox (165.27908pt too wide) in paragraph at lines 74145--74151
[]
 []

[1598] [1599] [1600] [1601]
Overfull \hbox (29.61227pt too wide) in paragraph at lines 74339--74344
[]
 []


Overfull \hbox (35.90852pt too wide) in paragraph at lines 74384--74398
[]
 []


Overfull \hbox (35.90852pt too wide) in paragraph at lines 74399--74401
[]
 []

[1602]
Missing character: There is no π in font [lmroman10-regular]:mapping=tex-text;!
Missing character: There is no ι in font [lmroman10-regular]:mapping=tex-text;!
Missing character: There is no σ in font [lmroman10-regular]:mapping=tex-text;!
Missing character: There is no τ in font [lmroman10-regular]:mapping=tex-text;!
Missing character: There is no ε in font [lmroman10-regular]:mapping=tex-text;!
Missing character: There is no ύ in font [lmroman10-regular]:mapping=tex-text;!
Missing character: There is no ω in font [lmroman10-regular]:mapping=tex-text;!
Missing character: There is no ν in font [lmroman10-regular]:mapping=tex-text;!
Missing character: There is no π in font [lmroman10-regular]:mapping=tex-text;!
Missing character: There is no ι in font [lmroman10-regular]:mapping=tex-text;!
Missing character: There is no σ in font [lmroman10-regular]:mapping=tex-text;!
Missing character: There is no τ in font [lmroman10-regular]:mapping=tex-text;!
Missing character: There is no ε in font [lmroman10-regular]:mapping=tex-text;!
Missing character: There is no ύ in font [lmroman10-regular]:mapping=tex-text;!
Missing character: There is no ω in font [lmroman10-regular]:mapping=tex-text;!

Overfull \hbox (35.90852pt too wide) in paragraph at lines 74453--74483
[]
 []

[1603]
Overfull \hbox (35.90852pt too wide) in paragraph at lines 74546--74559
[]
 []


Overfull \hbox (35.90852pt too wide) in paragraph at lines 74560--74578
[]
 []

[1604] [1605] [1606] [1607]
Missing character: There is no π in font [lmroman10-regular]:mapping=tex-text;!
Missing character: There is no ι in font [lmroman10-regular]:mapping=tex-text;!
Missing character: There is no σ in font [lmroman10-regular]:mapping=tex-text;!
Missing character: There is no τ in font [lmroman10-regular]:mapping=tex-text;!
Missing character: There is no ε in font [lmroman10-regular]:mapping=tex-text;!
Missing character: There is no ύ in font [lmroman10-regular]:mapping=tex-text;!
Missing character: There is no ω in font [lmroman10-regular]:mapping=tex-text;!
Missing character: There is no ν in font [lmroman10-regular]:mapping=tex-text;!
Missing character: There is no π in font [lmroman10-regular]:mapping=tex-text;!
Missing character: There is no ι in font [lmroman10-regular]:mapping=tex-text;!
Missing character: There is no σ in font [lmroman10-regular]:mapping=tex-text;!
Missing character: There is no τ in font [lmroman10-regular]:mapping=tex-text;!
Missing character: There is no ε in font [lmroman10-regular]:mapping=tex-text;!
Missing character: There is no ύ in font [lmroman10-regular]:mapping=tex-text;!
Missing character: There is no ω in font [lmroman10-regular]:mapping=tex-text;!
 [1608] [1609] [1610] [1611] [1612] [1613] [1614]
Overfull \hbox (216.8098pt too wide) in paragraph at lines 75108--75108
[] \TU/lmtt/m/n/10.95 6   morally to be true or certain; once ([[https://www.bi
blegateway.com/passage/?search=Isaiah%2030%3A21&version=ESV][Isa. 30:21]];[] 
 []

[1615] [1616] [1617] [1618] [1619] [1620]
Overfull \hbox (143.15952pt too wide) in paragraph at lines 75383--75384
[]\TU/lmr/bx/n/10.95 With God\TU/lmr/m/n/10.95 , the impossible is possible. I 
think this is saying that |   []: 
 []

[1621] [1622] [1623]
Overfull \hbox (12.02661pt too wide) in paragraph at lines 75577--75595
[]\TU/lmr/m/n/10.95 Why do we have
 []

[1624]
Overfull \hbox (78.50403pt too wide) in paragraph at lines 75607--75608
[]
 []

[1625] [1626]
Overfull \hbox (78.50403pt too wide) in paragraph at lines 75707--75709
[]
 []

[1627] [1628]
Overfull \hbox (23.99493pt too wide) in paragraph at lines 75810--75812
[]\TU/lmr/m/n/10.95 Demons
 []

[1629] [1630] [1631] [1632]
Overfull \hbox (62.06442pt too wide) in paragraph at lines 75995--75996
[]
 []

[1633] [1634] [1635] [1636] [1637] [1638]
Overfull \hbox (192.1029pt too wide) in paragraph at lines 76304--76309
[]
 []

[1639]
Overfull \hbox (67.34233pt too wide) in paragraph at lines 76439--76439
[]\TU/lmtt/m/n/10.95 20  "I confess [[https://biblehub.com/greek/3670.htm][(G36
70 homologeó)]] all my sins before You, and hold[] 
 []

[1640] [1641]
Overfull \hbox (176.56859pt too wide) in paragraph at lines 76526--76526
[] \TU/lmtt/m/n/10.95 5  Work/Love/Walking-By-Faith = Obedience * Faithfulness 
* Fear-of-God * Response-of-love-to-Jesus * Patient-Endurance(time)[] 
 []


Overfull \hbox (44.34737pt too wide) in paragraph at lines 76526--76526
[] \TU/lmtt/m/n/10.95 7  Obedience = Submitting to the Righteousness of God * T
urning from sin, loving, showing mercy, etc.[] 
 []


Overfull \hbox (395.02104pt too wide) in paragraph at lines 76526--76526
[] \TU/lmtt/m/n/10.95 9  Fear-of-God = e.g. The poor in spirit recognise their 
need of God's mercy and tremble at His Word: "beat his breast, saying, God, be 
merciful to me, a sinner!"[] 
 []


Overfull \hbox (435.26228pt too wide) in paragraph at lines 76526--76526
[]\TU/lmtt/m/n/10.95 10                Fear of God is not only about having the
 heart to repent from sin and "beat hand on chest and ask God for mercy", but i
t is also having a changed heart,[] 
 []

[1642]
Missing character: There is no ∝ in font [lmmono10-regular]:!
Missing character: There is no ∝ in font [lmmono10-regular]:!
Missing character: There is no ∝ in font [lmmono10-regular]:!
 [1643] [1644] [1645] [1646] [1647] [1648] [1649] [1650]
Missing character: There is no ε in font [lmmono10-regular]:!
Missing character: There is no ἰ in font [lmmono10-regular]:!
Missing character: There is no ς in font [lmmono10-regular]:!
Missing character: There is no ὃ in font [lmmono10-regular]:!
Missing character: There is no κ in font [lmmono10-regular]:!
Missing character: There is no α in font [lmmono10-regular]:!
Missing character: There is no ὶ in font [lmmono10-regular]:!
Missing character: There is no ἐ in font [lmmono10-regular]:!
Missing character: There is no κ in font [lmmono10-regular]:!
Missing character: There is no ά in font [lmmono10-regular]:!
Missing character: There is no λ in font [lmmono10-regular]:!
Missing character: There is no ε in font [lmmono10-regular]:!
Missing character: There is no σ in font [lmmono10-regular]:!
Missing character: There is no ε in font [lmmono10-regular]:!
Missing character: There is no ν in font [lmmono10-regular]:!
Missing character: There is no ὑ in font [lmmono10-regular]:!
Missing character: There is no μ in font [lmmono10-regular]:!
Missing character: There is no ᾶ in font [lmmono10-regular]:!
Missing character: There is no ς in font [lmmono10-regular]:!
Missing character: There is no δ in font [lmmono10-regular]:!
Missing character: There is no ι in font [lmmono10-regular]:!
Missing character: There is no ὰ in font [lmmono10-regular]:!
Missing character: There is no τ in font [lmmono10-regular]:!
Missing character: There is no ο in font [lmmono10-regular]:!
Missing character: There is no ῦ in font [lmmono10-regular]:!
Missing character: There is no ε in font [lmmono10-regular]:!
Missing character: There is no ὐ in font [lmmono10-regular]:!
Missing character: There is no α in font [lmmono10-regular]:!
Missing character: There is no γ in font [lmmono10-regular]:!
Missing character: There is no γ in font [lmmono10-regular]:!
Missing character: There is no ε in font [lmmono10-regular]:!
Missing character: There is no λ in font [lmmono10-regular]:!
Missing character: There is no ί in font [lmmono10-regular]:!
Missing character: There is no ο in font [lmmono10-regular]:!
Missing character: There is no υ in font [lmmono10-regular]:!
Missing character: There is no ἡ in font [lmmono10-regular]:!
Missing character: There is no μ in font [lmmono10-regular]:!
Missing character: There is no ῶ in font [lmmono10-regular]:!
Missing character: There is no ν in font [lmmono10-regular]:!
Missing character: There is no ε in font [lmmono10-regular]:!
Missing character: There is no ἰ in font [lmmono10-regular]:!
Missing character: There is no ς in font [lmmono10-regular]:!
Missing character: There is no π in font [lmmono10-regular]:!
Missing character: There is no ε in font [lmmono10-regular]:!
Missing character: There is no ρ in font [lmmono10-regular]:!
Missing character: There is no ι in font [lmmono10-regular]:!
Missing character: There is no π in font [lmmono10-regular]:!
Missing character: There is no ο in font [lmmono10-regular]:!
Missing character: There is no ί in font [lmmono10-regular]:!
Missing character: There is no η in font [lmmono10-regular]:!
Missing character: There is no σ in font [lmmono10-regular]:!
Missing character: There is no ι in font [lmmono10-regular]:!
Missing character: There is no ν in font [lmmono10-regular]:!
Missing character: There is no δ in font [lmmono10-regular]:!
Missing character: There is no ό in font [lmmono10-regular]:!
Missing character: There is no ξ in font [lmmono10-regular]:!
Missing character: There is no η in font [lmmono10-regular]:!
Missing character: There is no ς in font [lmmono10-regular]:!
Missing character: There is no τ in font [lmmono10-regular]:!
Missing character: There is no ο in font [lmmono10-regular]:!
Missing character: There is no ῦ in font [lmmono10-regular]:!
Missing character: There is no υ in font [lmmono10-regular]:!
Missing character: There is no ρ in font [lmmono10-regular]:!
Missing character: There is no ί in font [lmmono10-regular]:!
Missing character: There is no ο in font [lmmono10-regular]:!
Missing character: There is no υ in font [lmmono10-regular]:!
Missing character: There is no ἡ in font [lmmono10-regular]:!
Missing character: There is no μ in font [lmmono10-regular]:!
Missing character: There is no ῶ in font [lmmono10-regular]:!
Missing character: There is no ν in font [lmmono10-regular]:!
Missing character: There is no Ἰ in font [lmmono10-regular]:!
Missing character: There is no η in font [lmmono10-regular]:!
Missing character: There is no σ in font [lmmono10-regular]:!
Missing character: There is no ο in font [lmmono10-regular]:!
Missing character: There is no ῦ in font [lmmono10-regular]:!
Missing character: There is no ρ in font [lmmono10-regular]:!
Missing character: There is no ι in font [lmmono10-regular]:!
Missing character: There is no σ in font [lmmono10-regular]:!
Missing character: There is no τ in font [lmmono10-regular]:!
Missing character: There is no ο in font [lmmono10-regular]:!
Missing character: There is no ῦ in font [lmmono10-regular]:!
 [1651]
Overfull \hbox (119.5861pt too wide) in paragraph at lines 77031--77032
[][]$[][][][][] [] [] [] [][][] [] [][][][][][][][] [] [][][] [] [][][][][][][]
[][][] [] [][][][][][][][][][][][][][][][] [] [][][][][][] [] [][][][][][][][][
][][][][][][][][][][][][][][][][][][][][][][][][][][][][][][][][][][][][][][][]
[][][][][][][][][][][][][][][] []
 []


Overfull \hbox (25.39111pt too wide) in paragraph at lines 77050--77051
[][]\TU/lmr/m/n/10.95 youtube.com: John
 []

[1652] [1653] [1654] [1655] [1656] [1657] [1658] [1659] [1660] [1661] [1662]
[1663] [1664] [1665] [1666] [1667] [1668] [1669] [1670] [1671] [1672]
Overfull \hbox (12.69897pt too wide) in paragraph at lines 78082--78082
[]\TU/lmr/bx/n/12 The measure of $[]$ and $[]$
 []


Package hyperref Warning: Token not allowed in a PDF string (Unicode):
(hyperref)                removing `math shift' on input line 78082.


Package hyperref Warning: Token not allowed in a PDF string (Unicode):
(hyperref)                removing `\@@underline' on input line 78082.


Package hyperref Warning: Token not allowed in a PDF string (Unicode):
(hyperref)                removing `\hbox' on input line 78082.


Package hyperref Warning: Token not allowed in a PDF string (Unicode):
(hyperref)                removing `\mathsurround' on input line 78082.


Package hyperref Warning: Token not allowed in a PDF string (Unicode):
(hyperref)                removing `\z@' on input line 78082.


Package hyperref Warning: Token not allowed in a PDF string (Unicode):
(hyperref)                removing `math shift' on input line 78082.


Package hyperref Warning: Token not allowed in a PDF string (Unicode):
(hyperref)                removing `math shift' on input line 78082.


Package hyperref Warning: Token not allowed in a PDF string (Unicode):
(hyperref)                removing `\@@underline' on input line 78082.


Package hyperref Warning: Token not allowed in a PDF string (Unicode):
(hyperref)                removing `\hbox' on input line 78082.


Package hyperref Warning: Token not allowed in a PDF string (Unicode):
(hyperref)                removing `\mathsurround' on input line 78082.


Package hyperref Warning: Token not allowed in a PDF string (Unicode):
(hyperref)                removing `\z@' on input line 78082.


Package hyperref Warning: Token not allowed in a PDF string (Unicode):
(hyperref)                removing `math shift' on input line 78082.

[1673]
Overfull \hbox (25.2907pt too wide) in paragraph at lines 78146--78150
[]\TU/lmr/m/n/10.95 If you’re
 []

[1674] [1675] [1676] [1677] [1678]
Overfull \hbox (21.07857pt too wide) in paragraph at lines 78362--78363
[]\TU/lmr/m/n/10.95 …it’s
 []


Overfull \hbox (5.37627pt too wide) in paragraph at lines 78364--78373
[]
 []

[1679] [1680]
Overfull \hbox (0.39043pt too wide) in paragraph at lines 78515--78527
[]\TU/lmr/m/n/10.95 There is a great deception coming over
 []

[1681] [1682] [1683] [1684] [1685] [1686] [1687] [1688] [1689] [1690] [1691]
[1692] [1693] [1694] [1695] [1696] [1697] [1698] [1699] [1700] [1701] [1702]
[1703] [1704] [1705] [1706] [1707]
Overfull \hbox (383.52354pt too wide) in paragraph at lines 79584--79584
[]\TU/lmtt/m/n/10.95 4  I'm inundated, as this antichrist spirit continues to a
ttack me, steal from me, take my joy, make things harder, and tries to take my 
eyes away from You, God.[] 
 []


Overfull \hbox (251.30232pt too wide) in paragraph at lines 79584--79584
[]\TU/lmtt/m/n/10.95 5  Please help me and those around me to fulfill Christ's 
law, which is to bear one another's burdens and not to lay up burdens on others
.[] 
 []


Overfull \hbox (854.92094pt too wide) in paragraph at lines 79584--79584
[]\TU/lmtt/m/n/10.95 6  Please help people to learn from Jesus as He carried ou
r burdens to the end, so that we can be strong and ought to carry one others' b
urdens, and instead of giving each other sour wine when we thirst, to give one 
another water out of mercy.[] 
 []

[1708] [1709]
Overfull \hbox (83.35109pt too wide) in paragraph at lines 79670--79671
[][]$[][][][][] [] [] [] [][][] [] [][][][][][][] [] [][][] [] [][][] [] [][][]
[][][][][][][][][][][] [] [][][][][] [] [] [] [][][][][][][][][] [] [][][][][][
] [] [][] [] [][][][][] [] [][][][][][][][][][][][][][][][][][][][][][][][][]$[
] 
 []


Overfull \hbox (89.09984pt too wide) in paragraph at lines 79682--79683
[][]$[][][][][] [] [] [] [][][] [] [][][][][][][] [] [][][] [] [][][] [] [][][]
[][][][][][][][][][][] [] [][][][][] [] [] [] [][][][][][][][][] [] [][][][][][
] [] [][] [] [][][][][] [] [][][][][][][][][][][][][][][][][][][][][][][][][][]
$[] 
 []


Overfull \hbox (86.73108pt too wide) in paragraph at lines 79686--79687
[][]$[][][][][] [] [] [] [][][] [] [][][][][][][] [] [][][] [] [][][] [] [][][]
[][][][][][][][][][][] [] [][][][][] [] [] [] [][][][][][][][][] [] [][][][][][
] [] [][] [] [][][][][] [] [][][][][][][][][][][][][][][][][][][]$[] 
 []


Overfull \hbox (116.47482pt too wide) in paragraph at lines 79692--79693
[][]$[][][][][] [] [] [] [][][] [] [][][][][][][] [] [][][] [] [][][] [] [][][]
[][][][][][][][][][][] [] [][][][][] [] [] [] [][][][][][][][][] [] [][][][][][
] [] [][] [] [][][][][] [] [][][][][][][][][][][][][][][][][][][][][][][][][][]
$[] 
 []

[1710] [1711]
Overfull \hbox (15.76056pt too wide) in paragraph at lines 79804--79805
[]\TU/lmr/m/n/10.95 These signs
 []

[1712] [1713] [1714] [1715] [1716] [1717] [1718] [1719] [1720] [1721] [1722]

! LaTeX Error: Too deeply nested.

See the LaTeX manual or LaTeX Companion for explanation.
Type  H <return>  for immediate help.
 ...                                              
                                                  
l.80219 \begin{itemize}
                       
You're in trouble here.  Try typing  <return>  to proceed.
If that doesn't work, type  X <return>  to quit.


! LaTeX Error: Too deeply nested.

See the LaTeX manual or LaTeX Companion for explanation.
Type  H <return>  for immediate help.
 ...                                              
                                                  
l.80225 \begin{itemize}
                       
You're in trouble here.  Try typing  <return>  to proceed.
If that doesn't work, type  X <return>  to quit.

[1723]

! LaTeX Error: Too deeply nested.

See the LaTeX manual or LaTeX Companion for explanation.
Type  H <return>  for immediate help.
 ...                                              
                                                  
l.80253 \begin{itemize}
                       
You're in trouble here.  Try typing  <return>  to proceed.
If that doesn't work, type  X <return>  to quit.


! LaTeX Error: Too deeply nested.

See the LaTeX manual or LaTeX Companion for explanation.
Type  H <return>  for immediate help.
 ...                                              
                                                  
l.80261 \begin{itemize}
                       
You're in trouble here.  Try typing  <return>  to proceed.
If that doesn't work, type  X <return>  to quit.

[1724] [1725] [1726] [1727] [1728] [1729] [1730] [1731] [1732] [1733] [1734]
[1735] [1736] [1737] [1738] [1739] [1740] [1741]
Overfull \hbox (282.68858pt too wide) in paragraph at lines 81118--81119
[]
 []

[1742] [1743] [1744] [1745] [1746] [1747] [1748]
Overfull \hbox (0.2079pt too wide) in paragraph at lines 81475--81476
[]\TU/lmr/m/n/10.95 This is
 []

[1749]

Package hyperref Warning: Difference (2) between bookmark levels is greater 
(hyperref)                than one, level fixed on input line 81522.

[1750] [1751] [1752] [1753] [1754] [1755] [1756]
Overfull \hbox (853.7967pt too wide) in paragraph at lines 81899--81900
[]
 []

[1757]
Missing character: There is no א in font [lmmono10-regular]:!
Missing character: There is no ָ in font [lmmono10-regular]:!
Missing character: There is no ֧ in font [lmmono10-regular]:!
Missing character: There is no ז in font [lmmono10-regular]:!
Missing character: There is no נ in font [lmmono10-regular]:!
Missing character: There is no ִ in font [lmmono10-regular]:!
Missing character: There is no ד in font [lmmono10-regular]:!
Missing character: There is no ְ in font [lmmono10-regular]:!
Missing character: There is no ב in font [lmmono10-regular]:!
Missing character: There is no ְ in font [lmmono10-regular]:!
Missing character: There is no ּ in font [lmmono10-regular]:!
Missing character: There is no ר in font [lmmono10-regular]:!
Missing character: There is no ֛ in font [lmmono10-regular]:!
Missing character: There is no ו in font [lmmono10-regular]:!
Missing character: There is no ּ in font [lmmono10-regular]:!
Missing character: There is no י in font [lmmono10-regular]:!
Missing character: There is no ִ in font [lmmono10-regular]:!
Missing character: There is no ר in font [lmmono10-regular]:!
Missing character: There is no ְ in font [lmmono10-regular]:!
Missing character: There is no א in font [lmmono10-regular]:!
Missing character: There is no ֵ in font [lmmono10-regular]:!
Missing character: There is no ֥ in font [lmmono10-regular]:!
Missing character: There is no י in font [lmmono10-regular]:!
Missing character: There is no י in font [lmmono10-regular]:!
Missing character: There is no ְ in font [lmmono10-regular]:!
Missing character: There is no ה in font [lmmono10-regular]:!
Missing character: There is no ו in font [lmmono10-regular]:!
Missing character: There is no ָ in font [lmmono10-regular]:!
Missing character: There is no ֖ in font [lmmono10-regular]:!
Missing character: There is no ה in font [lmmono10-regular]:!
Missing character: There is no א in font [lmmono10-regular]:!
Missing character: There is no ִ in font [lmmono10-regular]:!
Missing character: There is no ֣ in font [lmmono10-regular]:!
Missing character: There is no י in font [lmmono10-regular]:!
Missing character: There is no ש in font [lmmono10-regular]:!
Missing character: There is no ׁ in font [lmmono10-regular]:!
Missing character: There is no א in font [lmmono10-regular]:!
Missing character: There is no ֶ in font [lmmono10-regular]:!
Missing character: There is no ת in font [lmmono10-regular]:!
Missing character: There is no ־ in font [lmmono10-regular]:!
Missing character: There is no ḇ in font [lmmono10-regular]:!
Missing character: There is no ､ in font [lmmono10-regular]:!
Missing character: There is no ר in font [lmmono10-regular]:!
Missing character: There is no ֵ in font [lmmono10-regular]:!
Missing character: There is no ע in font [lmmono10-regular]:!
Missing character: There is no ֵ in font [lmmono10-regular]:!
Missing character: There is no ֑ in font [lmmono10-regular]:!
Missing character: There is no ה in font [lmmono10-regular]:!
Missing character: There is no ו in font [lmmono10-regular]:!
Missing character: There is no ּ in font [lmmono10-regular]:!
Missing character: There is no ､ in font [lmmono10-regular]:!
Missing character: There is no ו in font [lmmono10-regular]:!
Missing character: There is no ַ in font [lmmono10-regular]:!
Missing character: There is no י in font [lmmono10-regular]:!
Missing character: There is no ַ in font [lmmono10-regular]:!
Missing character: There is no ּ in font [lmmono10-regular]:!
Missing character: There is no ק in font [lmmono10-regular]:!
Missing character: There is no ְ in font [lmmono10-regular]:!
Missing character: There is no ש in font [lmmono10-regular]:!
Missing character: There is no ֵ in font [lmmono10-regular]:!
Missing character: There is no ׁ in font [lmmono10-regular]:!
Missing character: There is no ֤ in font [lmmono10-regular]:!
Missing character: There is no ב in font [lmmono10-regular]:!
Missing character: There is no י in font [lmmono10-regular]:!
Missing character: There is no ְ in font [lmmono10-regular]:!
Missing character: There is no ה in font [lmmono10-regular]:!
Missing character: There is no ו in font [lmmono10-regular]:!
Missing character: There is no ָ in font [lmmono10-regular]:!
Missing character: There is no ה in font [lmmono10-regular]:!
Missing character: There is no ֙ in font [lmmono10-regular]:!
Missing character: There is no ḇ in font [lmmono10-regular]:!
Missing character: There is no ו in font [lmmono10-regular]:!
Missing character: There is no ַ in font [lmmono10-regular]:!
Missing character: There is no י in font [lmmono10-regular]:!
Missing character: There is no ִ in font [lmmono10-regular]:!
Missing character: There is no ּ in font [lmmono10-regular]:!
Missing character: There is no ש in font [lmmono10-regular]:!
Missing character: There is no ְ in font [lmmono10-regular]:!
Missing character: There is no ׁ in font [lmmono10-regular]:!
Missing character: There is no מ in font [lmmono10-regular]:!
Missing character: There is no ָ in font [lmmono10-regular]:!
Missing character: There is no ֔ in font [lmmono10-regular]:!
Missing character: There is no ע in font [lmmono10-regular]:!
Missing character: There is no ו in font [lmmono10-regular]:!
Missing character: There is no ַ in font [lmmono10-regular]:!
Missing character: There is no ֠ in font [lmmono10-regular]:!
Missing character: There is no י in font [lmmono10-regular]:!
Missing character: There is no ִ in font [lmmono10-regular]:!
Missing character: There is no ּ in font [lmmono10-regular]:!
Missing character: There is no כ in font [lmmono10-regular]:!
Missing character: There is no ָ in font [lmmono10-regular]:!
Missing character: There is no ּ in font [lmmono10-regular]:!
Missing character: There is no ת in font [lmmono10-regular]:!
Missing character: There is no ֵ in font [lmmono10-regular]:!
Missing character: There is no ב in font [lmmono10-regular]:!
Missing character: There is no ס in font [lmmono10-regular]:!
Missing character: There is no ֵ in font [lmmono10-regular]:!
Missing character: There is no ֣ in font [lmmono10-regular]:!
Missing character: There is no פ in font [lmmono10-regular]:!
Missing character: There is no ֶ in font [lmmono10-regular]:!
Missing character: There is no ר in font [lmmono10-regular]:!
Missing character: There is no ז in font [lmmono10-regular]:!
Missing character: There is no ִ in font [lmmono10-regular]:!
Missing character: There is no כ in font [lmmono10-regular]:!
Missing character: There is no ָ in font [lmmono10-regular]:!
Missing character: There is no ּ in font [lmmono10-regular]:!
Missing character: There is no ר in font [lmmono10-regular]:!
Missing character: There is no ֤ in font [lmmono10-regular]:!
Missing character: There is no ו in font [lmmono10-regular]:!
Missing character: There is no ֹ in font [lmmono10-regular]:!
Missing character: There is no ן in font [lmmono10-regular]:!
Missing character: There is no ל in font [lmmono10-regular]:!
Missing character: There is no ְ in font [lmmono10-regular]:!
Missing character: There is no פ in font [lmmono10-regular]:!
Missing character: There is no ָ in font [lmmono10-regular]:!
Missing character: There is no נ in font [lmmono10-regular]:!
Missing character: There is no ָ in font [lmmono10-regular]:!
Missing character: There is no י in font [lmmono10-regular]:!
Missing character: There is no ו in font [lmmono10-regular]:!
Missing character: There is no ֙ in font [lmmono10-regular]:!
Missing character: There is no ל in font [lmmono10-regular]:!
Missing character: There is no ְ in font [lmmono10-regular]:!
Missing character: There is no י in font [lmmono10-regular]:!
Missing character: There is no ִ in font [lmmono10-regular]:!
Missing character: There is no ר in font [lmmono10-regular]:!
Missing character: There is no ְ in font [lmmono10-regular]:!
Missing character: There is no א in font [lmmono10-regular]:!
Missing character: There is no ֵ in font [lmmono10-regular]:!
Missing character: There is no ֣ in font [lmmono10-regular]:!
Missing character: There is no י in font [lmmono10-regular]:!
Missing character: There is no ḇ in font [lmmono10-regular]:!
Missing character: There is no ､ in font [lmmono10-regular]:!
Missing character: There is no י in font [lmmono10-regular]:!
Missing character: There is no ְ in font [lmmono10-regular]:!
Missing character: There is no ה in font [lmmono10-regular]:!
Missing character: There is no ו in font [lmmono10-regular]:!
Missing character: There is no ָ in font [lmmono10-regular]:!
Missing character: There is no ֔ in font [lmmono10-regular]:!
Missing character: There is no ה in font [lmmono10-regular]:!
Missing character: There is no ו in font [lmmono10-regular]:!
Missing character: There is no ּ in font [lmmono10-regular]:!
Missing character: There is no ל in font [lmmono10-regular]:!
Missing character: There is no ְ in font [lmmono10-regular]:!
Missing character: There is no ח in font [lmmono10-regular]:!
Missing character: There is no ֹ in font [lmmono10-regular]:!
Missing character: There is no ש in font [lmmono10-regular]:!
Missing character: There is no ְ in font [lmmono10-regular]:!
Missing character: There is no ׁ in font [lmmono10-regular]:!
Missing character: There is no ב in font [lmmono10-regular]:!
Missing character: There is no ֵ in font [lmmono10-regular]:!
Missing character: There is no ֖ in font [lmmono10-regular]:!
Missing character: There is no י in font [lmmono10-regular]:!
Missing character: There is no ש in font [lmmono10-regular]:!
Missing character: There is no ְ in font [lmmono10-regular]:!
Missing character: There is no ׁ in font [lmmono10-regular]:!
Missing character: There is no מ in font [lmmono10-regular]:!
Missing character: There is no ֽ in font [lmmono10-regular]:!
Missing character: There is no ו in font [lmmono10-regular]:!
Missing character: There is no ֹ in font [lmmono10-regular]:!
Missing character: There is no ׃ in font [lmmono10-regular]:!
Missing character: There is no ὄ in font [lmroman10-bold]:mapping=tex-text;!
Missing character: There is no ν in font [lmroman10-bold]:mapping=tex-text;!
Missing character: There is no ο in font [lmroman10-bold]:mapping=tex-text;!
Missing character: There is no μ in font [lmroman10-bold]:mapping=tex-text;!
Missing character: There is no α in font [lmroman10-bold]:mapping=tex-text;!
 [1758] [1759] [1760] [1761] [1762] [1763] [1764] [1765] [1766] [1767]
Overfull \hbox (73.719pt too wide) in paragraph at lines 82441--82442
[][]\TU/lmr/bx/n/10.95 Romans 11:32[] \TU/lmr/m/n/10.95 - For |   []   |   []  
 |   []   |   []   |   []   |   []   |   []   |   []   |   []
 []

[1768] [1769]
Missing character: There is no ἀ in font [lmmono10-regular]:!
Missing character: There is no π in font [lmmono10-regular]:!
Missing character: There is no ι in font [lmmono10-regular]:!
Missing character: There is no σ in font [lmmono10-regular]:!
Missing character: There is no τ in font [lmmono10-regular]:!
Missing character: There is no ί in font [lmmono10-regular]:!
Missing character: There is no α in font [lmmono10-regular]:!
Missing character: There is no α in font [lmmono10-regular]:!
Missing character: There is no ς in font [lmmono10-regular]:!
Missing character: There is no ἡ in font [lmmono10-regular]:!
 [1770] [1771] [1772] [1773] [1774] [1775]
Overfull \hbox (176.56859pt too wide) in paragraph at lines 82920--82920
[] \TU/lmtt/m/n/10.95 5  Work/Love/Walking-By-Faith = Obedience * Faithfulness 
* Fear-of-God * Response-of-love-to-Jesus * Patient-Endurance(time)[] 
 []


Overfull \hbox (44.34737pt too wide) in paragraph at lines 82920--82920
[] \TU/lmtt/m/n/10.95 7  Obedience = Submitting to the Righteousness of God * T
urning from sin, loving, showing mercy, etc.[] 
 []


Overfull \hbox (395.02104pt too wide) in paragraph at lines 82920--82920
[] \TU/lmtt/m/n/10.95 9  Fear-of-God = e.g. The poor in spirit recognise their 
need of God's mercy and tremble at His Word: "beat his breast, saying, God, be 
merciful to me, a sinner!"[] 
 []


Overfull \hbox (435.26228pt too wide) in paragraph at lines 82920--82920
[]\TU/lmtt/m/n/10.95 10                Fear of God is not only about having the
 heart to repent from sin and "beat hand on chest and ask God for mercy", but i
t is also having a changed heart,[] 
 []

[1776]
Missing character: There is no ∝ in font [lmmono10-regular]:!
Missing character: There is no ∝ in font [lmmono10-regular]:!
 [1777] [1778] [1779] [1780] [1781] [1782] [1783] [1784]
Overfull \hbox (324.26573pt too wide) in paragraph at lines 83378--83379
[]
 []

[1785] [1786] [1787] [1788] [1789] [1790] [1791] [1792] [1793] [1794] [1795]
[1796] [1797] [1798] [1799] [1800] [1801] [1802] [1803]
Overfull \hbox (27.52448pt too wide) in paragraph at lines 84248--84249
[]
 []


Overfull \hbox (253.58435pt too wide) in paragraph at lines 84248--84249
\TU/lmr/m/n/10.95 The word of truth is free, and |   []   |   []   |   []   |  
 []   |   []
 []

[1804]

Package hyperref Warning: Token not allowed in a PDF string (Unicode):
(hyperref)                removing `math shift' on input line 84278.


Package hyperref Warning: Token not allowed in a PDF string (Unicode):
(hyperref)                removing `\@@underline' on input line 84278.


Package hyperref Warning: Token not allowed in a PDF string (Unicode):
(hyperref)                removing `\hbox' on input line 84278.


Package hyperref Warning: Token not allowed in a PDF string (Unicode):
(hyperref)                removing `\mathsurround' on input line 84278.


Package hyperref Warning: Token not allowed in a PDF string (Unicode):
(hyperref)                removing `\z@' on input line 84278.


Package hyperref Warning: Token not allowed in a PDF string (Unicode):
(hyperref)                removing `math shift' on input line 84278.

[1805]
Overfull \hbox (324.26573pt too wide) in paragraph at lines 84296--84297
[]
 []

[1806] [1807] [1808] [1809] [1810] [1811] [1812] [1813]
Overfull \hbox (0.2079pt too wide) in paragraph at lines 84673--84674
[]\TU/lmr/m/n/10.95 This is
 []

[1814] [1815] [1816] [1817]
Overfull \hbox (64.96521pt too wide) in paragraph at lines 84843--84844
[]\TU/lmr/m/n/10.95 I like to think about faith in God as an equation like: \TU
/lmtt/m/n/10.95 Believing-God * Obedience/Action/Work/Love/PatientEndurance\TU/
lmr/m/n/10.95 . 
 []

[1818] [1819] [1820] [1821] [1822] [1823] [1824] [1825]
Overfull \hbox (546.19894pt too wide) in paragraph at lines 85256--85257
|   []   |   []   |   []   |   []   |   []   |   []   |   []
 []

[1826] [1827] [1828] [1829] [1830]
Overfull \hbox (41.05135pt too wide) in paragraph at lines 85495--85496
|   []   |   []   |   []
 []

Missing character: There is no 􄌹 in font [lmroman10-regular]:mapping=tex-text;!
[1831] [1832] [1833] [1834] [1835] [1836]
Overfull \hbox (130.67924pt too wide) in paragraph at lines 85827--85832
[]
 []

[1837] [1838]
Overfull \hbox (66.9846pt too wide) in paragraph at lines 85948--85960
[]
 []

[1839] [1840] [1841]
Overfull \hbox (55.44696pt too wide) in paragraph at lines 86087--86089
[]
 []

[1842] [1843] [1844] [1845] [1846] [1847] [1848] [1849] [1850]
Missing character: There is no Ὥ in font [lmmono10-regular]:!
Missing character: There is no σ in font [lmmono10-regular]:!
Missing character: There is no τ in font [lmmono10-regular]:!
Missing character: There is no ε in font [lmmono10-regular]:!
Missing character: There is no α in font [lmmono10-regular]:!
Missing character: There is no ἱ in font [lmmono10-regular]:!
Missing character: There is no γ in font [lmmono10-regular]:!
Missing character: There is no λ in font [lmmono10-regular]:!
Missing character: There is no ῶ in font [lmmono10-regular]:!
Missing character: There is no σ in font [lmmono10-regular]:!
Missing character: There is no σ in font [lmmono10-regular]:!
Missing character: There is no α in font [lmmono10-regular]:!
Missing character: There is no ι in font [lmmono10-regular]:!
Missing character: There is no ε in font [lmmono10-regular]:!
Missing character: There is no ἰ in font [lmmono10-regular]:!
Missing character: There is no ς in font [lmmono10-regular]:!
Missing character: There is no σ in font [lmmono10-regular]:!
Missing character: There is no η in font [lmmono10-regular]:!
Missing character: There is no μ in font [lmmono10-regular]:!
Missing character: There is no ε in font [lmmono10-regular]:!
Missing character: There is no ῖ in font [lmmono10-regular]:!
Missing character: There is no ό in font [lmmono10-regular]:!
Missing character: There is no ν in font [lmmono10-regular]:!
Missing character: There is no ε in font [lmmono10-regular]:!
Missing character: There is no ἰ in font [lmmono10-regular]:!
Missing character: There is no σ in font [lmmono10-regular]:!
Missing character: There is no ι in font [lmmono10-regular]:!
Missing character: There is no ν in font [lmmono10-regular]:!
Missing character: There is no ο in font [lmmono10-regular]:!
Missing character: There is no ὐ in font [lmmono10-regular]:!
Missing character: There is no τ in font [lmmono10-regular]:!
Missing character: There is no ο in font [lmmono10-regular]:!
Missing character: There is no ῖ in font [lmmono10-regular]:!
Missing character: There is no ς in font [lmmono10-regular]:!
Missing character: There is no π in font [lmmono10-regular]:!
Missing character: There is no ι in font [lmmono10-regular]:!
Missing character: There is no σ in font [lmmono10-regular]:!
Missing character: There is no τ in font [lmmono10-regular]:!
Missing character: There is no ε in font [lmmono10-regular]:!
Missing character: There is no ύ in font [lmmono10-regular]:!
Missing character: There is no ο in font [lmmono10-regular]:!
Missing character: There is no υ in font [lmmono10-regular]:!
Missing character: There is no σ in font [lmmono10-regular]:!
Missing character: There is no ι in font [lmmono10-regular]:!
Missing character: There is no ν in font [lmmono10-regular]:!
Missing character: There is no ἀ in font [lmmono10-regular]:!
Missing character: There is no λ in font [lmmono10-regular]:!
Missing character: There is no λ in font [lmmono10-regular]:!
Missing character: There is no ὰ in font [lmmono10-regular]:!
Missing character: There is no τ in font [lmmono10-regular]:!
Missing character: There is no ο in font [lmmono10-regular]:!
Missing character: There is no ῖ in font [lmmono10-regular]:!
Missing character: There is no ς in font [lmmono10-regular]:!
Missing character: There is no ἀ in font [lmmono10-regular]:!
Missing character: There is no π in font [lmmono10-regular]:!
Missing character: There is no ί in font [lmmono10-regular]:!
Missing character: There is no σ in font [lmmono10-regular]:!
Missing character: There is no τ in font [lmmono10-regular]:!
Missing character: There is no ο in font [lmmono10-regular]:!
Missing character: There is no ι in font [lmmono10-regular]:!
Missing character: There is no ς in font [lmmono10-regular]:!
Missing character: There is no ἡ in font [lmmono10-regular]:!
Missing character: There is no δ in font [lmmono10-regular]:!
Missing character: There is no ὲ in font [lmmono10-regular]:!
 [1851]
Missing character: There is no π in font [lmmono10-regular]:!
Missing character: There is no ρ in font [lmmono10-regular]:!
Missing character: There is no ο in font [lmmono10-regular]:!
Missing character: There is no φ in font [lmmono10-regular]:!
Missing character: There is no η in font [lmmono10-regular]:!
Missing character: There is no τ in font [lmmono10-regular]:!
Missing character: There is no ε in font [lmmono10-regular]:!
Missing character: There is no ί in font [lmmono10-regular]:!
Missing character: There is no α in font [lmmono10-regular]:!
Missing character: There is no ο in font [lmmono10-regular]:!
Missing character: There is no ὐ in font [lmmono10-regular]:!
Missing character: There is no τ in font [lmmono10-regular]:!
Missing character: There is no ο in font [lmmono10-regular]:!
Missing character: There is no ῖ in font [lmmono10-regular]:!
Missing character: There is no ς in font [lmmono10-regular]:!
Missing character: There is no ἀ in font [lmmono10-regular]:!
Missing character: There is no π in font [lmmono10-regular]:!
Missing character: There is no ί in font [lmmono10-regular]:!
Missing character: There is no σ in font [lmmono10-regular]:!
Missing character: There is no τ in font [lmmono10-regular]:!
Missing character: There is no ο in font [lmmono10-regular]:!
Missing character: There is no ι in font [lmmono10-regular]:!
Missing character: There is no ς in font [lmmono10-regular]:!
Missing character: There is no ἀ in font [lmmono10-regular]:!
Missing character: There is no λ in font [lmmono10-regular]:!
Missing character: There is no λ in font [lmmono10-regular]:!
Missing character: There is no ὰ in font [lmmono10-regular]:!
Missing character: There is no τ in font [lmmono10-regular]:!
Missing character: There is no ο in font [lmmono10-regular]:!
Missing character: There is no ῖ in font [lmmono10-regular]:!
Missing character: There is no ς in font [lmmono10-regular]:!
Missing character: There is no π in font [lmmono10-regular]:!
Missing character: There is no ι in font [lmmono10-regular]:!
Missing character: There is no σ in font [lmmono10-regular]:!
Missing character: There is no τ in font [lmmono10-regular]:!
Missing character: There is no ε in font [lmmono10-regular]:!
Missing character: There is no ύ in font [lmmono10-regular]:!
Missing character: There is no ο in font [lmmono10-regular]:!
Missing character: There is no υ in font [lmmono10-regular]:!
Missing character: There is no σ in font [lmmono10-regular]:!
Missing character: There is no ι in font [lmmono10-regular]:!
Missing character: There is no ν in font [lmmono10-regular]:!

Overfull \hbox (20.23183pt too wide) in paragraph at lines 87159--87166
[]\TU/lmr/m/n/10.95 but it has been turned
 []

[1852]
Underfull \hbox (badness 3601) in paragraph at lines 87266--87266
[]\TU/lmr/m/n/10.95 Messiah would be born of a
 []

[1853]
Underfull \hbox (badness 1824) in paragraph at lines 87275--87275
\TU/lmr/m/n/10.95 place to fulfill what the Lord
 []

[1854] [1855]
Underfull \hbox (badness 2005) in paragraph at lines 87307--87307
[]\TU/lmr/m/n/10.95 Messiah would come from the
 []


Underfull \hbox (badness 2529) in paragraph at lines 87323--87323
\TU/lmr/m/n/10.95 scepter of your kingdom is a
 []


Underfull \hbox (badness 4479) in paragraph at lines 87323--87323
\TU/lmr/m/n/10.95 loved righteousness and hated
 []

[1856]
Underfull \hbox (badness 4647) in paragraph at lines 87331--87331
[]\TU/lmr/m/n/10.95 Messiah would be called Im-
 []


Underfull \hbox (badness 1163) in paragraph at lines 87339--87339
\TU/lmr/m/n/10.95 of Herod. This was to fulfill
 []

[1857]
Underfull \hbox (badness 10000) in paragraph at lines 87371--87371
[][]\TU/lmr/bx/n/10.95 Deuteronomy 18:15[] \TU/lmr/m/n/10.95 - The
 []

[1858]
Underfull \hbox (badness 10000) in paragraph at lines 87395--87395
[]\TU/lmr/m/n/10.95 Messiah would be called a
 []


Underfull \hbox (badness 1776) in paragraph at lines 87395--87395
\TU/lmr/m/n/10.95 that what was spoken by the
 []


Underfull \hbox (badness 4144) in paragraph at lines 87403--87403
[]\TU/lmr/m/n/10.95 Messiah would bring light to
 []

[1859]
Underfull \hbox (badness 1701) in paragraph at lines 87411--87411
\TU/lmr/m/n/10.95 the secrets of the kingdom of
 []

[1860]
Underfull \hbox (badness 1072) in paragraph at lines 87427--87427
\TU/lmr/m/n/10.95 sworn and will not change his
 []

[1861]
Underfull \hbox (badness 1360) in paragraph at lines 87435--87435
\TU/lmr/m/n/10.95 Rejoice greatly, O daughter of
 []


Underfull \hbox (badness 1867) in paragraph at lines 87435--87435
\TU/lmr/m/n/10.95 colt to Jesus and threw their
 []

[1862] [1863]
Underfull \hbox (badness 1097) in paragraph at lines 87499--87499
\TU/lmr/m/n/10.95 he bore the sin of many, and
 []


Underfull \hbox (badness 2922) in paragraph at lines 87507--87507
\TU/lmr/m/n/10.95 would not drink it. (ESV),
 []


Underfull \hbox (badness 4582) in paragraph at lines 87515--87515
\TU/lmr/m/n/10.95 my hands and feet— (ESV),
 []

[1864]
Underfull \hbox (badness 1221) in paragraph at lines 87523--87523
[]\TU/lmr/m/n/10.95 Messiah would be mocked and
 []


Underfull \hbox (badness 1888) in paragraph at lines 87547--87547
[]\TU/lmr/m/n/10.95 Messiah would be forsaken by
 []

[1865]
Underfull \hbox (badness 1237) in paragraph at lines 87563--87563
[]\TU/lmr/m/n/10.95 Soldiers would pierce Messiah’s
 []


Underfull \hbox (badness 6016) in paragraph at lines 87571--87571
\TU/lmr/m/n/10.95 man from Arimathea, named
 []

[1866]
Overfull \vbox (88.20033pt too high) has occurred while \output is active []


[1867]
Underfull \hbox (badness 1371) in paragraph at lines 87587--87587
\TU/lmr/m/n/10.95 Jesus, after he had spoken to
 []


Underfull \hbox (badness 1371) in paragraph at lines 87595--87595
\TU/lmr/m/n/10.95 Jesus, after he had spoken to
 []


Underfull \hbox (badness 1303) in paragraph at lines 87603--87603
[][]\TU/lmr/bx/n/10.95 Isaiah 53:5-12[] \TU/lmr/m/n/10.95 - But he was
 []

[1868] [1869] [1870] [1871] [1872] [1873] [1874] [1875] [1876] [1877] [1878]
[1879] [1880] [1881] [1882] [1883]
Missing character: There is no ζ in font [lmroman10-regular]:mapping=tex-text;!
Missing character: There is no ή in font [lmroman10-regular]:mapping=tex-text;!
Missing character: There is no σ in font [lmroman10-regular]:mapping=tex-text;!
Missing character: There is no ε in font [lmroman10-regular]:mapping=tex-text;!
Missing character: There is no τ in font [lmroman10-regular]:mapping=tex-text;!
Missing character: There is no α in font [lmroman10-regular]:mapping=tex-text;!
Missing character: There is no ι in font [lmroman10-regular]:mapping=tex-text;!
 [1884]
Overfull \hbox (76.89072pt too wide) in paragraph at lines 88553--88560
[]
 []

[1885] [1886] [1887]
Missing character: There is no ṓ in font [lmroman10-bold]:mapping=tex-text;!
 [1888] [1889]
Overfull \hbox (61.31995pt too wide) in paragraph at lines 88780--88781
|   []
 []

[1890] [1891] [1892] [1893] [1894]
Missing character: There is no Ἀ in font [lmmono10-regular]:!
Missing character: There is no κ in font [lmmono10-regular]:!
Missing character: There is no ο in font [lmmono10-regular]:!
Missing character: There is no ύ in font [lmmono10-regular]:!
Missing character: There is no σ in font [lmmono10-regular]:!
Missing character: There is no α in font [lmmono10-regular]:!
Missing character: There is no τ in font [lmmono10-regular]:!
Missing character: There is no ε in font [lmmono10-regular]:!
Missing character: There is no ἀ in font [lmmono10-regular]:!
Missing character: There is no δ in font [lmmono10-regular]:!
Missing character: There is no ε in font [lmmono10-regular]:!
Missing character: There is no λ in font [lmmono10-regular]:!
Missing character: There is no φ in font [lmmono10-regular]:!
Missing character: There is no ο in font [lmmono10-regular]:!
Missing character: There is no ί in font [lmmono10-regular]:!
Missing character: There is no μ in font [lmmono10-regular]:!
Missing character: There is no ο in font [lmmono10-regular]:!
Missing character: There is no υ in font [lmmono10-regular]:!
Missing character: There is no ἀ in font [lmmono10-regular]:!
Missing character: There is no γ in font [lmmono10-regular]:!
Missing character: There is no α in font [lmmono10-regular]:!
Missing character: There is no π in font [lmmono10-regular]:!
Missing character: There is no η in font [lmmono10-regular]:!
Missing character: There is no τ in font [lmmono10-regular]:!
Missing character: There is no ο in font [lmmono10-regular]:!
Missing character: There is no ί in font [lmmono10-regular]:!
Missing character: There is no ο in font [lmmono10-regular]:!
Missing character: There is no ὐ in font [lmmono10-regular]:!
Missing character: There is no χ in font [lmmono10-regular]:!
Missing character: There is no ὁ in font [lmmono10-regular]:!
 [1895]
Missing character: There is no ε in font [lmmono10-regular]:!
Missing character: There is no ὸ in font [lmmono10-regular]:!
Missing character: There is no ς in font [lmmono10-regular]:!
Missing character: There is no ἐ in font [lmmono10-regular]:!
Missing character: There is no ξ in font [lmmono10-regular]:!
Missing character: There is no ε in font [lmmono10-regular]:!
Missing character: There is no λ in font [lmmono10-regular]:!
Missing character: There is no έ in font [lmmono10-regular]:!
Missing character: There is no ξ in font [lmmono10-regular]:!
Missing character: There is no α in font [lmmono10-regular]:!
Missing character: There is no τ in font [lmmono10-regular]:!
Missing character: There is no ο in font [lmmono10-regular]:!
Missing character: There is no τ in font [lmmono10-regular]:!
Missing character: There is no ο in font [lmmono10-regular]:!
Missing character: There is no ὺ in font [lmmono10-regular]:!
Missing character: There is no ς in font [lmmono10-regular]:!
Missing character: There is no π in font [lmmono10-regular]:!
Missing character: There is no τ in font [lmmono10-regular]:!
Missing character: There is no ω in font [lmmono10-regular]:!
Missing character: There is no χ in font [lmmono10-regular]:!
Missing character: There is no ο in font [lmmono10-regular]:!
Missing character: There is no ὺ in font [lmmono10-regular]:!
Missing character: There is no ς in font [lmmono10-regular]:!
Missing character: There is no τ in font [lmmono10-regular]:!
Missing character: There is no ῷ in font [lmmono10-regular]:!
Missing character: There is no κ in font [lmmono10-regular]:!
Missing character: There is no ό in font [lmmono10-regular]:!
Missing character: There is no σ in font [lmmono10-regular]:!
Missing character: There is no μ in font [lmmono10-regular]:!
Missing character: There is no ῳ in font [lmmono10-regular]:!
Missing character: There is no π in font [lmmono10-regular]:!
Missing character: There is no λ in font [lmmono10-regular]:!
Missing character: There is no ο in font [lmmono10-regular]:!
Missing character: There is no υ in font [lmmono10-regular]:!
Missing character: There is no σ in font [lmmono10-regular]:!
Missing character: There is no ί in font [lmmono10-regular]:!
Missing character: There is no ο in font [lmmono10-regular]:!
Missing character: There is no υ in font [lmmono10-regular]:!
Missing character: There is no ς in font [lmmono10-regular]:!
Missing character: There is no ἐ in font [lmmono10-regular]:!
Missing character: There is no ν in font [lmmono10-regular]:!
Missing character: There is no π in font [lmmono10-regular]:!
Missing character: There is no ί in font [lmmono10-regular]:!
Missing character: There is no σ in font [lmmono10-regular]:!
Missing character: There is no τ in font [lmmono10-regular]:!
Missing character: There is no ε in font [lmmono10-regular]:!
Missing character: There is no ι in font [lmmono10-regular]:!
Missing character: There is no κ in font [lmmono10-regular]:!
Missing character: There is no α in font [lmmono10-regular]:!
Missing character: There is no ὶ in font [lmmono10-regular]:!
Missing character: There is no κ in font [lmmono10-regular]:!
Missing character: There is no λ in font [lmmono10-regular]:!
Missing character: There is no η in font [lmmono10-regular]:!
Missing character: There is no ρ in font [lmmono10-regular]:!
Missing character: There is no ο in font [lmmono10-regular]:!
Missing character: There is no ν in font [lmmono10-regular]:!
Missing character: There is no ό in font [lmmono10-regular]:!
Missing character: There is no μ in font [lmmono10-regular]:!
Missing character: There is no ο in font [lmmono10-regular]:!
Missing character: There is no υ in font [lmmono10-regular]:!
Missing character: There is no ς in font [lmmono10-regular]:!
Missing character: There is no τ in font [lmmono10-regular]:!
Missing character: There is no ῆ in font [lmmono10-regular]:!
Missing character: There is no ς in font [lmmono10-regular]:!
Missing character: There is no β in font [lmmono10-regular]:!
Missing character: There is no α in font [lmmono10-regular]:!
Missing character: There is no σ in font [lmmono10-regular]:!
Missing character: There is no ι in font [lmmono10-regular]:!
Missing character: There is no λ in font [lmmono10-regular]:!
Missing character: There is no ε in font [lmmono10-regular]:!
Missing character: There is no ί in font [lmmono10-regular]:!
Missing character: There is no α in font [lmmono10-regular]:!
Missing character: There is no ς in font [lmmono10-regular]:!
Missing character: There is no ἧ in font [lmmono10-regular]:!
Missing character: There is no ς in font [lmmono10-regular]:!
Missing character: There is no ἐ in font [lmmono10-regular]:!
Missing character: There is no π in font [lmmono10-regular]:!
Missing character: There is no η in font [lmmono10-regular]:!
Missing character: There is no γ in font [lmmono10-regular]:!
Missing character: There is no γ in font [lmmono10-regular]:!
Missing character: There is no ε in font [lmmono10-regular]:!
Missing character: There is no ί in font [lmmono10-regular]:!
Missing character: There is no λ in font [lmmono10-regular]:!
Missing character: There is no α in font [lmmono10-regular]:!
Missing character: There is no τ in font [lmmono10-regular]:!
Missing character: There is no ο in font [lmmono10-regular]:!
Missing character: There is no τ in font [lmmono10-regular]:!
Missing character: There is no ο in font [lmmono10-regular]:!
Missing character: There is no ῖ in font [lmmono10-regular]:!
Missing character: There is no ς in font [lmmono10-regular]:!
Missing character: There is no ἀ in font [lmmono10-regular]:!
Missing character: There is no γ in font [lmmono10-regular]:!
Missing character: There is no α in font [lmmono10-regular]:!
Missing character: There is no π in font [lmmono10-regular]:!
Missing character: There is no ῶ in font [lmmono10-regular]:!
Missing character: There is no σ in font [lmmono10-regular]:!
Missing character: There is no ι in font [lmmono10-regular]:!
Missing character: There is no ν in font [lmmono10-regular]:!
Missing character: There is no α in font [lmmono10-regular]:!
Missing character: There is no ὐ in font [lmmono10-regular]:!
Missing character: There is no τ in font [lmmono10-regular]:!
Missing character: There is no ό in font [lmmono10-regular]:!
Missing character: There is no ν in font [lmmono10-regular]:!
 [1896] [1897] [1898] [1899] [1900]
Missing character: There is no ḵ in font [lmroman10-regular]:mapping=tex-text;!

[1901]
Overfull \hbox (5.61089pt too wide) in paragraph at lines 89334--89336
[]\TU/lmr/m/n/10.95 I commented, There are limitations on what
 []

[1902] [1903] [1904] [1905] [1906] [1907] [1908]
Overfull \hbox (24.81111pt too wide) in paragraph at lines 89625--89625
[]\TU/lmr/bx/n/10.95 After entering the Kingdom, we must still abstain from sin
 and keep Christ’s law/commandments 
 []

[1909] [1910]
Missing character: There is no π in font [lmroman10-regular]:mapping=tex-text;!
Missing character: There is no ι in font [lmroman10-regular]:mapping=tex-text;!
Missing character: There is no σ in font [lmroman10-regular]:mapping=tex-text;!
Missing character: There is no τ in font [lmroman10-regular]:mapping=tex-text;!
Missing character: There is no ε in font [lmroman10-regular]:mapping=tex-text;!
Missing character: There is no ύ in font [lmroman10-regular]:mapping=tex-text;!
Missing character: There is no ω in font [lmroman10-regular]:mapping=tex-text;!
Missing character: There is no ν in font [lmroman10-regular]:mapping=tex-text;!
Missing character: There is no π in font [lmroman10-regular]:mapping=tex-text;!
Missing character: There is no ι in font [lmroman10-regular]:mapping=tex-text;!
Missing character: There is no σ in font [lmroman10-regular]:mapping=tex-text;!
Missing character: There is no τ in font [lmroman10-regular]:mapping=tex-text;!
Missing character: There is no ε in font [lmroman10-regular]:mapping=tex-text;!
Missing character: There is no ύ in font [lmroman10-regular]:mapping=tex-text;!
Missing character: There is no ω in font [lmroman10-regular]:mapping=tex-text;!
 [1911] [1912]
Overfull \hbox (8.48975pt too wide) in paragraph at lines 89833--89846
[]\TU/lmr/m/n/10.95 The Bible does
 []

[1913] [1914] [1915] [1916] [1917] [1918]
Overfull \hbox (65.31293pt too wide) in paragraph at lines 90187--90188
[]
 []

[1919] [1920] [1921] [1922] [1923] [1924] [1925] [1926] [1927] [1928] [1929]
[1930] [1931] [1932] [1933] [1934] [1935] [1936] [1937] [1938] [1939] [1940]
[1941] [1942] [1943] [1944] [1945] [1946]
Missing character: There is no δ in font [lmroman10-regular]:mapping=tex-text;!
Missing character: There is no ι in font [lmroman10-regular]:mapping=tex-text;!
Missing character: There is no α in font [lmroman10-regular]:mapping=tex-text;!
Missing character: There is no κ in font [lmroman10-regular]:mapping=tex-text;!
Missing character: There is no ρ in font [lmroman10-regular]:mapping=tex-text;!
Missing character: There is no ί in font [lmroman10-regular]:mapping=tex-text;!
Missing character: There is no ν in font [lmroman10-regular]:mapping=tex-text;!
Missing character: There is no ω in font [lmroman10-regular]:mapping=tex-text;!
 [1947] [1948] [1949] [1950] [1951]
[1952]
Missing character: There is no δ in font [lmroman10-regular]:mapping=tex-text;!
Missing character: There is no ι in font [lmroman10-regular]:mapping=tex-text;!
Missing character: There is no α in font [lmroman10-regular]:mapping=tex-text;!
Missing character: There is no κ in font [lmroman10-regular]:mapping=tex-text;!
Missing character: There is no ρ in font [lmroman10-regular]:mapping=tex-text;!
Missing character: There is no ί in font [lmroman10-regular]:mapping=tex-text;!
Missing character: There is no ν in font [lmroman10-regular]:mapping=tex-text;!
Missing character: There is no ω in font [lmroman10-regular]:mapping=tex-text;!
 [1953] [1954] [1955]
Overfull \hbox (183.0327pt too wide) in paragraph at lines 91602--91603
[]
 []


Overfull \hbox (14.60718pt too wide) in paragraph at lines 91620--91621
[]\TU/lmr/m/n/10.95 Several extrabiblical sources
 []


Overfull \hbox (105.82426pt too wide) in paragraph at lines 91622--91623
[]
 []

[1956]
Overfull \hbox (15.08353pt too wide) in paragraph at lines 91641--91642
[][]\TU/lmr/m/n/10.95 bibleref.com 1-Corinthians-11-29.html: What does 1 Corint
hians 11:29 mean? | BibleRef.com[] 
 []

[1957] [1958] [1959] [1960] [1961] [1962] [1963]
Overfull \hbox (8.48975pt too wide) in paragraph at lines 92048--92061
[]\TU/lmr/m/n/10.95 The Bible does
 []

[1964] [1965] [1966] [1967] [1968]
Overfull \hbox (0.85379pt too wide) in paragraph at lines 92314--92315
[][]\TU/lmr/bx/n/10.95 Matthew 23:10[] \TU/lmr/m/n/10.95 - Neither be called in
structors, for \TU/lmr/bx/n/10.95 you have one instructor (G2519. kathégétés),
 []

[1969] [1970] [1971] [1972] [1973] [1974] [1975] [1976] [1977] [1978] [1979]
Overfull \hbox (27.52448pt too wide) in paragraph at lines 92904--92905
[]
 []


Overfull \hbox (253.58435pt too wide) in paragraph at lines 92904--92905
\TU/lmr/m/n/10.95 The word of truth is free, and |   []   |   []   |   []   |  
 []   |   []
 []

[1980]
Overfull \hbox (27.52448pt too wide) in paragraph at lines 92916--92917
[]
 []

[1981]
Missing character: There is no π in font [lmroman10-regular]:mapping=tex-text;!
Missing character: There is no ι in font [lmroman10-regular]:mapping=tex-text;!
Missing character: There is no σ in font [lmroman10-regular]:mapping=tex-text;!
Missing character: There is no τ in font [lmroman10-regular]:mapping=tex-text;!
Missing character: There is no ε in font [lmroman10-regular]:mapping=tex-text;!
Missing character: There is no ύ in font [lmroman10-regular]:mapping=tex-text;!
Missing character: There is no ω in font [lmroman10-regular]:mapping=tex-text;!
Missing character: There is no ν in font [lmroman10-regular]:mapping=tex-text;!
Missing character: There is no π in font [lmroman10-regular]:mapping=tex-text;!
Missing character: There is no ι in font [lmroman10-regular]:mapping=tex-text;!
Missing character: There is no σ in font [lmroman10-regular]:mapping=tex-text;!
Missing character: There is no τ in font [lmroman10-regular]:mapping=tex-text;!
Missing character: There is no ε in font [lmroman10-regular]:mapping=tex-text;!
Missing character: There is no ύ in font [lmroman10-regular]:mapping=tex-text;!
Missing character: There is no ω in font [lmroman10-regular]:mapping=tex-text;!
 [1982] [1983]
Overfull \hbox (215.46703pt too wide) in paragraph at lines 93076--93076
[]\TU/lmr/bx/n/12 Not all religions are equal. There is only one true God, the 
$[]$ 
 []


Package hyperref Warning: Token not allowed in a PDF string (Unicode):
(hyperref)                removing `math shift' on input line 93076.


Package hyperref Warning: Token not allowed in a PDF string (Unicode):
(hyperref)                removing `\@@underline' on input line 93076.


Package hyperref Warning: Token not allowed in a PDF string (Unicode):
(hyperref)                removing `\hbox' on input line 93076.


Package hyperref Warning: Token not allowed in a PDF string (Unicode):
(hyperref)                removing `\mathsurround' on input line 93076.


Package hyperref Warning: Token not allowed in a PDF string (Unicode):
(hyperref)                removing `\z@' on input line 93076.


Package hyperref Warning: Token not allowed in a PDF string (Unicode):
(hyperref)                removing `math shift' on input line 93076.

[1984] [1985]
Overfull \hbox (87.12895pt too wide) in paragraph at lines 93132--93168
[]
 []

[1986]
Overfull \hbox (93.4252pt too wide) in paragraph at lines 93219--93224
[]
 []

[1987]
Missing character: There is no ס in font [lmmono10-regular]:!
Missing character: There is no ה in font [lmmono10-regular]:!
Missing character: There is no ִ in font [lmmono10-regular]:!
Missing character: There is no ב in font [lmmono10-regular]:!
Missing character: There is no ָ in font [lmmono10-regular]:!
Missing character: There is no ּ in font [lmmono10-regular]:!
Missing character: There is no ֽ in font [lmmono10-regular]:!
Missing character: There is no ר in font [lmmono10-regular]:!
Missing character: There is no ְ in font [lmmono10-regular]:!
Missing character: There is no א in font [lmmono10-regular]:!
Missing character: There is no ָ in font [lmmono10-regular]:!
Missing character: There is no ֽ in font [lmmono10-regular]:!
Missing character: There is no ם in font [lmmono10-regular]:!
Missing character: There is no ׃ in font [lmmono10-regular]:!
Missing character: There is no ב in font [lmmono10-regular]:!
Missing character: There is no ְ in font [lmmono10-regular]:!
Missing character: There is no ּ in font [lmmono10-regular]:!
Missing character: There is no י in font [lmmono10-regular]:!
Missing character: There is no ֖ in font [lmmono10-regular]:!
Missing character: There is no ו in font [lmmono10-regular]:!
Missing character: There is no ֹ in font [lmmono10-regular]:!
Missing character: There is no ם in font [lmmono10-regular]:!
Missing character: There is no א in font [lmmono10-regular]:!
Missing character: There is no ָ in font [lmmono10-regular]:!
Missing character: There is no ד in font [lmmono10-regular]:!
Missing character: There is no ָ in font [lmmono10-regular]:!
Missing character: There is no ֔ in font [lmmono10-regular]:!
Missing character: There is no ם in font [lmmono10-regular]:!
Missing character: There is no ש in font [lmmono10-regular]:!
Missing character: There is no ְ in font [lmmono10-regular]:!
Missing character: There is no ׁ in font [lmmono10-regular]:!
Missing character: There is no מ in font [lmmono10-regular]:!
Missing character: There is no ָ in font [lmmono10-regular]:!
Missing character: There is no ם in font [lmmono10-regular]:!
Missing character: There is no ֙ in font [lmmono10-regular]:!
Missing character: There is no א in font [lmmono10-regular]:!
Missing character: There is no ֶ in font [lmmono10-regular]:!
Missing character: There is no ת in font [lmmono10-regular]:!
Missing character: There is no ־ in font [lmmono10-regular]:!
Missing character: There is no ḇ in font [lmmono10-regular]:!
Missing character: There is no ḵ in font [lmmono10-regular]:!
Missing character: There is no ו in font [lmmono10-regular]:!
Missing character: There is no ַ in font [lmmono10-regular]:!
Missing character: There is no י in font [lmmono10-regular]:!
Missing character: There is no ִ in font [lmmono10-regular]:!
Missing character: There is no ּ in font [lmmono10-regular]:!
Missing character: There is no ק in font [lmmono10-regular]:!
Missing character: There is no ְ in font [lmmono10-regular]:!
Missing character: There is no ר in font [lmmono10-regular]:!
Missing character: There is no ָ in font [lmmono10-regular]:!
Missing character: There is no ֤ in font [lmmono10-regular]:!
Missing character: There is no א in font [lmmono10-regular]:!
Missing character: There is no א in font [lmmono10-regular]:!
Missing character: There is no ֹ in font [lmmono10-regular]:!
Missing character: There is no ת in font [lmmono10-regular]:!
Missing character: There is no ָ in font [lmmono10-regular]:!
Missing character: There is no ֗ in font [lmmono10-regular]:!
Missing character: There is no ם in font [lmmono10-regular]:!
Missing character: There is no ו in font [lmmono10-regular]:!
Missing character: There is no ַ in font [lmmono10-regular]:!
Missing character: There is no י in font [lmmono10-regular]:!
Missing character: There is no ְ in font [lmmono10-regular]:!
Missing character: There is no ב in font [lmmono10-regular]:!
Missing character: There is no ָ in font [lmmono10-regular]:!
Missing character: There is no ֣ in font [lmmono10-regular]:!
Missing character: There is no ר in font [lmmono10-regular]:!
Missing character: There is no ֶ in font [lmmono10-regular]:!
Missing character: There is no ך in font [lmmono10-regular]:!
Missing character: There is no ְ in font [lmmono10-regular]:!
Missing character: There is no ḇ in font [lmmono10-regular]:!
Missing character: There is no ḵ in font [lmmono10-regular]:!
Missing character: There is no ב in font [lmmono10-regular]:!
Missing character: There is no ְ in font [lmmono10-regular]:!
Missing character: There is no ּ in font [lmmono10-regular]:!
Missing character: There is no ר in font [lmmono10-regular]:!
Missing character: There is no ָ in font [lmmono10-regular]:!
Missing character: There is no א in font [lmmono10-regular]:!
Missing character: There is no ָ in font [lmmono10-regular]:!
Missing character: There is no ֑ in font [lmmono10-regular]:!
Missing character: There is no ם in font [lmmono10-regular]:!
Missing character: There is no ו in font [lmmono10-regular]:!
Missing character: There is no ּ in font [lmmono10-regular]:!
Missing character: There is no נ in font [lmmono10-regular]:!
Missing character: There is no ְ in font [lmmono10-regular]:!
Missing character: There is no ק in font [lmmono10-regular]:!
Missing character: There is no ֵ in font [lmmono10-regular]:!
Missing character: There is no ב in font [lmmono10-regular]:!
Missing character: There is no ָ in font [lmmono10-regular]:!
Missing character: There is no ֖ in font [lmmono10-regular]:!
Missing character: There is no ה in font [lmmono10-regular]:!
Missing character: There is no ז in font [lmmono10-regular]:!
Missing character: There is no ָ in font [lmmono10-regular]:!
Missing character: There is no כ in font [lmmono10-regular]:!
Missing character: There is no ָ in font [lmmono10-regular]:!
Missing character: There is no ֥ in font [lmmono10-regular]:!
Missing character: There is no ר in font [lmmono10-regular]:!

Overfull \hbox (193.78555pt too wide) in paragraph at lines 93345--93377
[]
 []

[1988] [1989] [1990]
Overfull \hbox (0.1371pt too wide) in paragraph at lines 93503--93507
[]\TU/lmr/m/n/10.95 Now, in a natural human
 []

[1991] [1992] [1993]
Missing character: There is no י in font [lmmono10-regular]:!
Missing character: There is no ָ in font [lmmono10-regular]:!
Missing character: There is no ל in font [lmmono10-regular]:!
Missing character: There is no ַ in font [lmmono10-regular]:!
Missing character: There is no ד in font [lmmono10-regular]:!
 [1994] [1995] [1996]
Overfull \hbox (139.9015pt too wide) in paragraph at lines 93908--93909
\TU/lmr/m/n/10.95 Little children, |   []   |   []   |   []   |   []   |   []  
 |   []   |   []   |   []   |   []   |   []
 []

[1997] [1998] [1999] [2000] [2001] [2002]
Missing character: There is no מ in font [lmmono10-regular]:!
Missing character: There is no ו in font [lmmono10-regular]:!
Missing character: There is no ֹ in font [lmmono10-regular]:!
Missing character: There is no ש in font [lmmono10-regular]:!
Missing character: There is no ׁ in font [lmmono10-regular]:!
Missing character: There is no ִ in font [lmmono10-regular]:!
Missing character: There is no י in font [lmmono10-regular]:!
Missing character: There is no ע in font [lmmono10-regular]:!
Missing character: There is no ַ in font [lmmono10-regular]:!
Missing character: There is no ע in font [lmmono10-regular]:!
Missing character: There is no ו in font [lmmono10-regular]:!
Missing character: There is no ֹ in font [lmmono10-regular]:!
Missing character: There is no ז in font [lmmono10-regular]:!
Missing character: There is no ֵ in font [lmmono10-regular]:!
Missing character: There is no ר in font [lmmono10-regular]:!
 [2003] [2004] [2005] [2006]
Overfull \hbox (7.06996pt too wide) in paragraph at lines 94370--94371
[]\TU/lmr/m/n/10.95 All the ordained ministers of the Latin Church,
 []

[2007] [2008] [2009]
Overfull \hbox (3.21872pt too wide) in paragraph at lines 94463--94464
[][]$[][][][][] [] [] [] [][][] [] [][][][][][][][] [] [][][] [] [][][][][] [] 
[][][][][][][][][][][][][][][][][][][][][][][][][][][][][][][][][][][][][][][][
][][][][][][][][][][][][][][][][][][][][]$[] \TU/lmr/m/n/10.95 <-
 []

[2010] [2011] [2012] [2013] [2014] [2015] [2016] [2017] [2018] [2019] [2020]
[2021] [2022] [2023] [2024] [2025] [2026] [2027] [2028] [2029] [2030] [2031]
[2032] [2033] [2034] [2035] [2036] [2037] [2038] [2039] [2040] [2041] [2042]

Package hyperref Warning: Token not allowed in a PDF string (Unicode):
(hyperref)                removing `math shift' on input line 96114.


Package hyperref Warning: Token not allowed in a PDF string (Unicode):
(hyperref)                removing `\@@underline' on input line 96114.


Package hyperref Warning: Token not allowed in a PDF string (Unicode):
(hyperref)                removing `\hbox' on input line 96114.


Package hyperref Warning: Token not allowed in a PDF string (Unicode):
(hyperref)                removing `\mathsurround' on input line 96114.


Package hyperref Warning: Token not allowed in a PDF string (Unicode):
(hyperref)                removing `\z@' on input line 96114.


Package hyperref Warning: Token not allowed in a PDF string (Unicode):
(hyperref)                removing `math shift' on input line 96114.

[2043] [2044] [2045]
Overfull \hbox (34.1419pt too wide) in paragraph at lines 96213--96214
[]
 []

[2046]
Overfull \hbox (0.52913pt too wide) in paragraph at lines 96246--96256
[]\TU/lmr/m/n/10.95 The video presenter said this towards
 []

[2047] [2048]
Overfull \hbox (41.68285pt too wide) in paragraph at lines 96329--96330
[]
 []

[2049] [2050]
Overfull \hbox (57.33768pt too wide) in paragraph at lines 96417--96418
[]
 []

[2051] [2052] [2053] [2054] [2055] [2056] [2057] [2058]
Overfull \hbox (94.38881pt too wide) in paragraph at lines 96665--96689
[]
 []

[2059] [2060] [2061] [2062] [2063] [2064] [2065] [2066] [2067] [2068]
Overfull \hbox (281.67024pt too wide) in paragraph at lines 97118--97124
[]
 []

[2069] [2070]
Missing character: There is no ס in font [lmmono10-regular]:!
Missing character: There is no ה in font [lmmono10-regular]:!
Missing character: There is no ִ in font [lmmono10-regular]:!
Missing character: There is no ב in font [lmmono10-regular]:!
Missing character: There is no ָ in font [lmmono10-regular]:!
Missing character: There is no ּ in font [lmmono10-regular]:!
Missing character: There is no ֽ in font [lmmono10-regular]:!
Missing character: There is no ר in font [lmmono10-regular]:!
Missing character: There is no ְ in font [lmmono10-regular]:!
Missing character: There is no א in font [lmmono10-regular]:!
Missing character: There is no ָ in font [lmmono10-regular]:!
Missing character: There is no ֽ in font [lmmono10-regular]:!
Missing character: There is no ם in font [lmmono10-regular]:!
Missing character: There is no ׃ in font [lmmono10-regular]:!
Missing character: There is no ב in font [lmmono10-regular]:!
Missing character: There is no ְ in font [lmmono10-regular]:!
Missing character: There is no ּ in font [lmmono10-regular]:!
Missing character: There is no י in font [lmmono10-regular]:!
Missing character: There is no ֖ in font [lmmono10-regular]:!
Missing character: There is no ו in font [lmmono10-regular]:!
Missing character: There is no ֹ in font [lmmono10-regular]:!
Missing character: There is no ם in font [lmmono10-regular]:!
Missing character: There is no א in font [lmmono10-regular]:!
Missing character: There is no ָ in font [lmmono10-regular]:!
Missing character: There is no ד in font [lmmono10-regular]:!
Missing character: There is no ָ in font [lmmono10-regular]:!
Missing character: There is no ֔ in font [lmmono10-regular]:!
Missing character: There is no ם in font [lmmono10-regular]:!
Missing character: There is no ש in font [lmmono10-regular]:!
Missing character: There is no ְ in font [lmmono10-regular]:!
Missing character: There is no ׁ in font [lmmono10-regular]:!
Missing character: There is no מ in font [lmmono10-regular]:!
Missing character: There is no ָ in font [lmmono10-regular]:!
Missing character: There is no ם in font [lmmono10-regular]:!
Missing character: There is no ֙ in font [lmmono10-regular]:!
Missing character: There is no א in font [lmmono10-regular]:!
Missing character: There is no ֶ in font [lmmono10-regular]:!
Missing character: There is no ת in font [lmmono10-regular]:!
Missing character: There is no ־ in font [lmmono10-regular]:!
Missing character: There is no ḇ in font [lmmono10-regular]:!
Missing character: There is no ḵ in font [lmmono10-regular]:!
Missing character: There is no ו in font [lmmono10-regular]:!
Missing character: There is no ַ in font [lmmono10-regular]:!
Missing character: There is no י in font [lmmono10-regular]:!
Missing character: There is no ִ in font [lmmono10-regular]:!
Missing character: There is no ּ in font [lmmono10-regular]:!
Missing character: There is no ק in font [lmmono10-regular]:!
Missing character: There is no ְ in font [lmmono10-regular]:!
Missing character: There is no ר in font [lmmono10-regular]:!
Missing character: There is no ָ in font [lmmono10-regular]:!
Missing character: There is no ֤ in font [lmmono10-regular]:!
Missing character: There is no א in font [lmmono10-regular]:!
Missing character: There is no א in font [lmmono10-regular]:!
Missing character: There is no ֹ in font [lmmono10-regular]:!
Missing character: There is no ת in font [lmmono10-regular]:!
Missing character: There is no ָ in font [lmmono10-regular]:!
Missing character: There is no ֗ in font [lmmono10-regular]:!
Missing character: There is no ם in font [lmmono10-regular]:!
Missing character: There is no ו in font [lmmono10-regular]:!
Missing character: There is no ַ in font [lmmono10-regular]:!
Missing character: There is no י in font [lmmono10-regular]:!
Missing character: There is no ְ in font [lmmono10-regular]:!
Missing character: There is no ב in font [lmmono10-regular]:!
Missing character: There is no ָ in font [lmmono10-regular]:!
Missing character: There is no ֣ in font [lmmono10-regular]:!
Missing character: There is no ר in font [lmmono10-regular]:!
Missing character: There is no ֶ in font [lmmono10-regular]:!
Missing character: There is no ך in font [lmmono10-regular]:!
Missing character: There is no ְ in font [lmmono10-regular]:!
Missing character: There is no ḇ in font [lmmono10-regular]:!
Missing character: There is no ḵ in font [lmmono10-regular]:!
Missing character: There is no ב in font [lmmono10-regular]:!
Missing character: There is no ְ in font [lmmono10-regular]:!
Missing character: There is no ּ in font [lmmono10-regular]:!
Missing character: There is no ר in font [lmmono10-regular]:!
Missing character: There is no ָ in font [lmmono10-regular]:!
Missing character: There is no א in font [lmmono10-regular]:!
Missing character: There is no ָ in font [lmmono10-regular]:!
Missing character: There is no ֑ in font [lmmono10-regular]:!
Missing character: There is no ם in font [lmmono10-regular]:!
Missing character: There is no ו in font [lmmono10-regular]:!
Missing character: There is no ּ in font [lmmono10-regular]:!
Missing character: There is no נ in font [lmmono10-regular]:!
Missing character: There is no ְ in font [lmmono10-regular]:!
Missing character: There is no ק in font [lmmono10-regular]:!
Missing character: There is no ֵ in font [lmmono10-regular]:!
Missing character: There is no ב in font [lmmono10-regular]:!
Missing character: There is no ָ in font [lmmono10-regular]:!
Missing character: There is no ֖ in font [lmmono10-regular]:!
Missing character: There is no ה in font [lmmono10-regular]:!
Missing character: There is no ז in font [lmmono10-regular]:!
Missing character: There is no ָ in font [lmmono10-regular]:!
Missing character: There is no כ in font [lmmono10-regular]:!
Missing character: There is no ָ in font [lmmono10-regular]:!
Missing character: There is no ֥ in font [lmmono10-regular]:!
Missing character: There is no ר in font [lmmono10-regular]:!
 [2071]
Overfull \hbox (45.00432pt too wide) in paragraph at lines 97247--97262
[]
 []

[2072] [2073] [2074] [2075] [2076]
Overfull \hbox (21.60612pt too wide) in paragraph at lines 97530--97531
[][]$[][][][][] [] [] [] [][][] [] [][][][][][][] [] [][][] [] [][][] [] [][][]
[][][][][][][][][][][] [] [][][][][] [] [] [] [][][][][][][][][] [] [][][][][][
] [] [][] [] [][][][][] [] [][][][][][][][][][][][][][][][][][][]$[] 
 []

[2077] [2078] [2079] [2080]
Overfull \hbox (0.85379pt too wide) in paragraph at lines 97769--97770
[][]\TU/lmr/bx/n/10.95 Matthew 23:10[] \TU/lmr/m/n/10.95 - Neither be called in
structors, for \TU/lmr/bx/n/10.95 you have one instructor (G2519. kathégétés),
 []

[2081] [2082] [2083] [2084] [2085] [2086] [2087] [2088] [2089] [2090] [2091]
[2092]
Overfull \hbox (8.48975pt too wide) in paragraph at lines 98331--98344
[]\TU/lmr/m/n/10.95 The Bible does
 []

[2093] [2094] [2095] [2096] [2097] [2098] [2099] [2100] [2101] [2102]

Package hyperref Warning: Token not allowed in a PDF string (Unicode):
(hyperref)                removing `math shift' on input line 98843.


Package hyperref Warning: Token not allowed in a PDF string (Unicode):
(hyperref)                removing `\@@underline' on input line 98843.


Package hyperref Warning: Token not allowed in a PDF string (Unicode):
(hyperref)                removing `\hbox' on input line 98843.


Package hyperref Warning: Token not allowed in a PDF string (Unicode):
(hyperref)                removing `\mathsurround' on input line 98843.


Package hyperref Warning: Token not allowed in a PDF string (Unicode):
(hyperref)                removing `\z@' on input line 98843.


Package hyperref Warning: Token not allowed in a PDF string (Unicode):
(hyperref)                removing `math shift' on input line 98843.

[2103] [2104] [2105]
Overfull \hbox (6.92758pt too wide) in paragraph at lines 98972--98990
[]\TU/lmr/m/n/10.95 But let me first
 []

[2106] [2107] [2108] [2109] [2110] [2111] [2112] [2113] [2114]
Missing character: There is no ο in font [lmroman10-regular]:mapping=tex-text;!
Missing character: There is no ὐ in font [lmroman10-regular]:mapping=tex-text;!
Missing character: There is no μ in font [lmroman10-regular]:mapping=tex-text;!
Missing character: There is no ή in font [lmroman10-regular]:mapping=tex-text;!
 [2115] [2116]
[2117] [2118] [2119] [2120]
Overfull \hbox (17.23007pt too wide) in paragraph at lines 99711--99712
\TU/lmr/bx/n/10.95 besides you\TU/lmr/m/n/10.95 . |   []   |   []   |   []   | 
  []   |   []   |   []   |   []   |   []   |   []
 []

[2121] [2122] [2123]
Overfull \hbox (0.52545pt too wide) in paragraph at lines 99876--99877
[]\TU/lmr/m/it/10.95 You will
 []

[2124] [2125] [2126]
Overfull \hbox (720.36732pt too wide) in paragraph at lines 99996--99997
|   []
 []

[2127] [2128] [2129] [2130] [2131] [2132] [2133] [2134] [2135] [2136] [2137]
[2138] [2139] [2140] [2141] [2142] [2143] [2144] [2145] [2146] [2147] [2148]
[2149] [2150] [2151] [2152]

Package hyperref Warning: Token not allowed in a PDF string (Unicode):
(hyperref)                removing `math shift' on input line 101302.


Package hyperref Warning: Token not allowed in a PDF string (Unicode):
(hyperref)                removing `\@@underline' on input line 101302.


Package hyperref Warning: Token not allowed in a PDF string (Unicode):
(hyperref)                removing `\hbox' on input line 101302.


Package hyperref Warning: Token not allowed in a PDF string (Unicode):
(hyperref)                removing `\mathsurround' on input line 101302.


Package hyperref Warning: Token not allowed in a PDF string (Unicode):
(hyperref)                removing `\z@' on input line 101302.


Package hyperref Warning: Token not allowed in a PDF string (Unicode):
(hyperref)                removing `math shift' on input line 101302.

[2153] [2154]
Missing character: There is no π in font [lmroman10-regular]:mapping=tex-text;!
Missing character: There is no ι in font [lmroman10-regular]:mapping=tex-text;!
Missing character: There is no σ in font [lmroman10-regular]:mapping=tex-text;!
Missing character: There is no τ in font [lmroman10-regular]:mapping=tex-text;!
Missing character: There is no ε in font [lmroman10-regular]:mapping=tex-text;!
Missing character: There is no ύ in font [lmroman10-regular]:mapping=tex-text;!
Missing character: There is no ω in font [lmroman10-regular]:mapping=tex-text;!
Missing character: There is no ν in font [lmroman10-regular]:mapping=tex-text;!
Missing character: There is no π in font [lmroman10-regular]:mapping=tex-text;!
Missing character: There is no ι in font [lmroman10-regular]:mapping=tex-text;!
Missing character: There is no σ in font [lmroman10-regular]:mapping=tex-text;!
Missing character: There is no τ in font [lmroman10-regular]:mapping=tex-text;!
Missing character: There is no ε in font [lmroman10-regular]:mapping=tex-text;!
Missing character: There is no ύ in font [lmroman10-regular]:mapping=tex-text;!
Missing character: There is no ω in font [lmroman10-regular]:mapping=tex-text;!
 [2155] [2156] [2157] [2158]

LaTeX Warning: Reference `sec:org59e31f6' on page 2159 undefined on input line 
101594.

[2159] [2160] [2161]
Missing character: There is no ὥ in font [lmmono10-regular]:!
Missing character: There is no σ in font [lmmono10-regular]:!
Missing character: There is no τ in font [lmmono10-regular]:!
Missing character: There is no ε in font [lmmono10-regular]:!
Missing character: There is no ε in font [lmmono10-regular]:!
Missing character: There is no ἴ in font [lmmono10-regular]:!
Missing character: There is no τ in font [lmmono10-regular]:!
Missing character: There is no ι in font [lmmono10-regular]:!
Missing character: There is no ς in font [lmmono10-regular]:!
Missing character: There is no ἐ in font [lmmono10-regular]:!
Missing character: There is no ν in font [lmmono10-regular]:!
Missing character: There is no ρ in font [lmmono10-regular]:!
Missing character: There is no ι in font [lmmono10-regular]:!
Missing character: There is no σ in font [lmmono10-regular]:!
Missing character: There is no τ in font [lmmono10-regular]:!
Missing character: There is no ῷ in font [lmmono10-regular]:!
Missing character: There is no κ in font [lmmono10-regular]:!
Missing character: There is no α in font [lmmono10-regular]:!
Missing character: There is no ι in font [lmmono10-regular]:!
Missing character: There is no ν in font [lmmono10-regular]:!
Missing character: There is no ὴ in font [lmmono10-regular]:!
Missing character: There is no κ in font [lmmono10-regular]:!
Missing character: There is no τ in font [lmmono10-regular]:!
Missing character: There is no ί in font [lmmono10-regular]:!
Missing character: There is no σ in font [lmmono10-regular]:!
Missing character: There is no ι in font [lmmono10-regular]:!
Missing character: There is no ς in font [lmmono10-regular]:!
Missing character: There is no τ in font [lmmono10-regular]:!
Missing character: There is no ὰ in font [lmmono10-regular]:!
Missing character: There is no ἀ in font [lmmono10-regular]:!
Missing character: There is no ρ in font [lmmono10-regular]:!
Missing character: There is no χ in font [lmmono10-regular]:!
Missing character: There is no α in font [lmmono10-regular]:!
Missing character: There is no ῖ in font [lmmono10-regular]:!
Missing character: There is no α in font [lmmono10-regular]:!
Missing character: There is no π in font [lmmono10-regular]:!
Missing character: There is no α in font [lmmono10-regular]:!
Missing character: There is no ρ in font [lmmono10-regular]:!
Missing character: There is no ῆ in font [lmmono10-regular]:!
Missing character: There is no λ in font [lmmono10-regular]:!
Missing character: There is no θ in font [lmmono10-regular]:!
Missing character: There is no ε in font [lmmono10-regular]:!
Missing character: There is no ν in font [lmmono10-regular]:!
Missing character: There is no ἰ in font [lmmono10-regular]:!
Missing character: There is no δ in font [lmmono10-regular]:!
Missing character: There is no ο in font [lmmono10-regular]:!
Missing character: There is no ὺ in font [lmmono10-regular]:!
Missing character: There is no γ in font [lmmono10-regular]:!
Missing character: There is no έ in font [lmmono10-regular]:!
Missing character: There is no γ in font [lmmono10-regular]:!
Missing character: There is no ο in font [lmmono10-regular]:!
Missing character: There is no ν in font [lmmono10-regular]:!
Missing character: There is no ε in font [lmmono10-regular]:!
Missing character: There is no ν in font [lmmono10-regular]:!
Missing character: There is no κ in font [lmmono10-regular]:!
Missing character: There is no α in font [lmmono10-regular]:!
Missing character: There is no ι in font [lmmono10-regular]:!
Missing character: There is no ν in font [lmmono10-regular]:!
Missing character: There is no ά in font [lmmono10-regular]:!
 [2162] [2163] [2164] [2165] [2166] [2167] [2168]
Missing character: There is no ἀ in font [lmmono10-regular]:!
Missing character: There is no π in font [lmmono10-regular]:!
Missing character: There is no ι in font [lmmono10-regular]:!
Missing character: There is no σ in font [lmmono10-regular]:!
Missing character: There is no τ in font [lmmono10-regular]:!
Missing character: There is no ί in font [lmmono10-regular]:!
Missing character: There is no α in font [lmmono10-regular]:!
Missing character: There is no α in font [lmmono10-regular]:!
Missing character: There is no ς in font [lmmono10-regular]:!
Missing character: There is no ἡ in font [lmmono10-regular]:!
 [2169]
[2170]
Overfull \hbox (21.60612pt too wide) in paragraph at lines 102130--102131
[][]$[][][][][] [] [] [] [][][] [] [][][][][][][] [] [][][] [] [][][] [] [][][]
[][][][][][][][][][][] [] [][][][][] [] [] [] [][][][][][][][][] [] [][][][][][
] [] [][] [] [][][][][] [] [][][][][][][][][][][][][][][][][][][]$[] 
 []

[2171]
Overfull \hbox (51.34987pt too wide) in paragraph at lines 102166--102167
[][]$[][][][][] [] [] [] [][][] [] [][][][][][][] [] [][][] [] [][][] [] [][][]
[][][][][][][][][][][] [] [][][][][] [] [] [] [][][][][][][][][] [] [][][][][][
] [] [][] [] [][][][][] [] [][][][][][][][][][][][][][][][][][][][][][][][][][]
$[] 
 []

[2172]
Overfull \hbox (45.60112pt too wide) in paragraph at lines 102220--102221
[][]$[][][][][] [] [] [] [][][] [] [][][][][][][] [] [][][] [] [][][] [] [][][]
[][][][][][][][][][][] [] [][][][][] [] [] [] [][][][][][][][][] [] [][][][][][
] [] [][] [] [][][][][] [] [][][][][][][][][][][][][][][][][][][][][][][][][]$[
] 
 []


Overfull \hbox (34.34987pt too wide) in paragraph at lines 102239--102240
[]$[][][][][] [] [] [] [][][] [] [][][][][][][] [] [][][] [] [][][] [] [][][][]
[][][][][][][][][][] [] [][][][][] [] [] [] [][][][][][][][][] [] [][][][][][] 
[] [][] [] [][][][][] [] [][][][][][][][][][][][][][][][][][][][][][][][][][]$[
] 
 []

[2173]
Overfull \hbox (110.33736pt too wide) in paragraph at lines 102313--102314
[][]$[][][][][] [] [] [] [][][] [] [][][][][][][] [] [][][] [] [][][] [] [][][]
[][][][][][][][][][][] [] [][][][][] [] [] [] [][][][][][][][][] [] [][][][][][
] [] [][] [] [][][][][] [] [][][][][][][][][][][][][][][][][][][][][][][][][][]
[][][][][][][][][][][][][]$[] 
 []

[2174] [2175] [2176]
Overfull \hbox (27.52448pt too wide) in paragraph at lines 102429--102430
[]
 []

[2177] [2178] [2179]
Overfull \hbox (2.32132pt too wide) in paragraph at lines 102540--102541
[]\TU/lmr/m/n/10.95 While deprecated software is no longer sup-
 []

[2180] [2181] [2182] [2183] [2184] [2185] [2186] [2187] [2188] [2189] [2190]
[2191] [2192] [2193] [2194] [2195]
Overfull \hbox (176.56859pt too wide) in paragraph at lines 103369--103369
[] \TU/lmtt/m/n/10.95 5  Work/Love/Walking-By-Faith = Obedience * Faithfulness 
* Fear-of-God * Response-of-love-to-Jesus * Patient-Endurance(time)[] 
 []


Overfull \hbox (44.34737pt too wide) in paragraph at lines 103369--103369
[] \TU/lmtt/m/n/10.95 7  Obedience = Submitting to the Righteousness of God * T
urning from sin, loving, showing mercy, etc.[] 
 []


Overfull \hbox (395.02104pt too wide) in paragraph at lines 103369--103369
[] \TU/lmtt/m/n/10.95 9  Fear-of-God = e.g. The poor in spirit recognise their 
need of God's mercy and tremble at His Word: "beat his breast, saying, God, be 
merciful to me, a sinner!"[] 
 []


Overfull \hbox (435.26228pt too wide) in paragraph at lines 103369--103369
[]\TU/lmtt/m/n/10.95 10                Fear of God is not only about having the
 heart to repent from sin and "beat hand on chest and ask God for mercy", but i
t is also having a changed heart,[] 
 []

Missing character: There is no ∝ in font [lmmono10-regular]:!
Missing character: There is no ∝ in font [lmmono10-regular]:!
[2196] [2197]
Overfull \hbox (228.54446pt too wide) in paragraph at lines 103510--103516
[]
 []

[2198] [2199]
Overfull \hbox (8.86021pt too wide) in paragraph at lines 103622--103623
[]|   [] \TU/lmr/m/n/10.95 The Son
 []

[2200]
Overfull \hbox (0.99814pt too wide) in paragraph at lines 103670--103671
[]|   [] \TU/lmr/m/n/10.95 The end
 []


Overfull \hbox (103.30942pt too wide) in paragraph at lines 103690--103691
[]
 []

[2201]
Overfull \hbox (26.29262pt too wide) in paragraph at lines 103746--103747
[]|   [] \TU/lmr/m/n/10.95 When Christ
 []


Overfull \hbox (192.63947pt too wide) in paragraph at lines 103766--103767
[]
 []

[2202]
Overfull \hbox (443.05136pt too wide) in paragraph at lines 103806--103807
[]
 []

[2203]
Overfull \hbox (65.31293pt too wide) in paragraph at lines 103846--103847
[]
 []


Overfull \hbox (5.95848pt too wide) in paragraph at lines 103896--103897
[]|   [] \TU/lmr/m/n/10.95 Jesus will give
 []

[2204]
Overfull \hbox (17.31909pt too wide) in paragraph at lines 103916--103917
[]|   []
 []

[2205] [2206] [2207] [2208] [2209] [2210] [2211] [2212] [2213] [2214] [2215]
[2216] [2217] [2218] [2219] [2220] [2221] [2222]
Overfull \hbox (41.40114pt too wide) in paragraph at lines 104910--104911
[]
 []

[2223]
Overfull \hbox (41.40114pt too wide) in paragraph at lines 104912--104913
[]
 []

[2224] [2225] [2226]
Overfull \hbox (170.53722pt too wide) in paragraph at lines 105041--105073
[]
 []

[2227]
Overfull \hbox (111.21167pt too wide) in paragraph at lines 105134--105137
[]
 []

[2228] [2229] [2230] [2231] [2232]

LaTeX Warning: Hyper reference `sec:orgb35176e' on page 2233 undefined on input
 line 105428.

[2233]
Overfull \hbox (3.92244pt too wide) in paragraph at lines 105437--105439
[]\TU/lmr/m/n/10.95 I think the resurrection of Jesus does
 []

[2234] [2235] [2236] [2237]
Overfull \hbox (104.9373pt too wide) in paragraph at lines 105606--105616
[]
 []

[2238] [2239] [2240] [2241] [2242] [2243]
Missing character: There is no Ἐ in font [lmmono10-regular]:!
Missing character: There is no ὰ in font [lmmono10-regular]:!
Missing character: There is no ν in font [lmmono10-regular]:!
Missing character: There is no γ in font [lmmono10-regular]:!
Missing character: There is no ὰ in font [lmmono10-regular]:!
Missing character: There is no ρ in font [lmmono10-regular]:!
Missing character: There is no ἀ in font [lmmono10-regular]:!
Missing character: There is no φ in font [lmmono10-regular]:!
Missing character: There is no ῆ in font [lmmono10-regular]:!
Missing character: There is no τ in font [lmmono10-regular]:!
Missing character: There is no ε in font [lmmono10-regular]:!
Missing character: There is no τ in font [lmmono10-regular]:!
Missing character: There is no ο in font [lmmono10-regular]:!
Missing character: There is no ῖ in font [lmmono10-regular]:!
Missing character: There is no ς in font [lmmono10-regular]:!
Missing character: There is no ἀ in font [lmmono10-regular]:!
Missing character: There is no ν in font [lmmono10-regular]:!
Missing character: There is no θ in font [lmmono10-regular]:!
Missing character: There is no ρ in font [lmmono10-regular]:!
Missing character: There is no ώ in font [lmmono10-regular]:!
Missing character: There is no π in font [lmmono10-regular]:!
Missing character: There is no ο in font [lmmono10-regular]:!
Missing character: There is no ι in font [lmmono10-regular]:!
Missing character: There is no ς in font [lmmono10-regular]:!
Missing character: There is no τ in font [lmmono10-regular]:!
Missing character: There is no ὰ in font [lmmono10-regular]:!
Missing character: There is no π in font [lmmono10-regular]:!
Missing character: There is no α in font [lmmono10-regular]:!
Missing character: There is no ρ in font [lmmono10-regular]:!
Missing character: There is no α in font [lmmono10-regular]:!
Missing character: There is no π in font [lmmono10-regular]:!
Missing character: There is no τ in font [lmmono10-regular]:!
Missing character: There is no ώ in font [lmmono10-regular]:!
Missing character: There is no μ in font [lmmono10-regular]:!
Missing character: There is no α in font [lmmono10-regular]:!
Missing character: There is no τ in font [lmmono10-regular]:!
Missing character: There is no α in font [lmmono10-regular]:!
Missing character: There is no α in font [lmmono10-regular]:!
Missing character: There is no ὐ in font [lmmono10-regular]:!
Missing character: There is no τ in font [lmmono10-regular]:!
Missing character: There is no ῶ in font [lmmono10-regular]:!
Missing character: There is no ν in font [lmmono10-regular]:!
Missing character: There is no ἀ in font [lmmono10-regular]:!
Missing character: There is no φ in font [lmmono10-regular]:!
Missing character: There is no ή in font [lmmono10-regular]:!
Missing character: There is no σ in font [lmmono10-regular]:!
Missing character: There is no ε in font [lmmono10-regular]:!
Missing character: There is no ι in font [lmmono10-regular]:!
Missing character: There is no κ in font [lmmono10-regular]:!
Missing character: There is no α in font [lmmono10-regular]:!
Missing character: There is no ὶ in font [lmmono10-regular]:!
Missing character: There is no ὑ in font [lmmono10-regular]:!
Missing character: There is no μ in font [lmmono10-regular]:!
Missing character: There is no ῖ in font [lmmono10-regular]:!
Missing character: There is no ν in font [lmmono10-regular]:!
Missing character: There is no ὁ in font [lmmono10-regular]:!
Missing character: There is no α in font [lmmono10-regular]:!
Missing character: There is no τ in font [lmmono10-regular]:!
Missing character: There is no ὴ in font [lmmono10-regular]:!
Missing character: There is no ρ in font [lmmono10-regular]:!
Missing character: There is no ὑ in font [lmmono10-regular]:!
Missing character: There is no μ in font [lmmono10-regular]:!
Missing character: There is no ῶ in font [lmmono10-regular]:!
Missing character: There is no ν in font [lmmono10-regular]:!
Missing character: There is no ὁ in font [lmmono10-regular]:!
Missing character: There is no ο in font [lmmono10-regular]:!
Missing character: There is no ὐ in font [lmmono10-regular]:!
Missing character: There is no ρ in font [lmmono10-regular]:!
Missing character: There is no ά in font [lmmono10-regular]:!
Missing character: There is no ν in font [lmmono10-regular]:!
Missing character: There is no ι in font [lmmono10-regular]:!
Missing character: There is no ο in font [lmmono10-regular]:!
Missing character: There is no ς in font [lmmono10-regular]:!
 [2244] [2245] [2246] [2247] [2248]
[2249] [2250] [2251] [2252] [2253] [2254] [2255] [2256] [2257] [2258] [2259]
[2260]
Overfull \hbox (15.55983pt too wide) in paragraph at lines 106792--106793
[][]$[][][][][] [] [] [] [][][][][][][][][][][][][][][][] [] [][] [] [][][][] [
] [][][][][][][][] [] [][][][][][][] [] [][] [] [][][] [] [][][][][][][][][][][
] [] [][][]$[]\TU/lmr/m/n/10.95 [Polycarp to the Philip-
 []

Missing character: There is no δ in font [lmroman10-regular]:mapping=tex-text;!
Missing character: There is no ι in font [lmroman10-regular]:mapping=tex-text;!
Missing character: There is no ὸ in font [lmroman10-regular]:mapping=tex-text;!
Missing character: There is no ἀ in font [lmroman10-regular]:mapping=tex-text;!
Missing character: There is no π in font [lmroman10-regular]:mapping=tex-text;!
Missing character: There is no ο in font [lmroman10-regular]:mapping=tex-text;!
Missing character: There is no λ in font [lmroman10-regular]:mapping=tex-text;!
Missing character: There is no ι in font [lmroman10-regular]:mapping=tex-text;!
Missing character: There is no π in font [lmroman10-regular]:mapping=tex-text;!
Missing character: There is no ό in font [lmroman10-regular]:mapping=tex-text;!
Missing character: There is no ν in font [lmroman10-regular]:mapping=tex-text;!
Missing character: There is no τ in font [lmroman10-regular]:mapping=tex-text;!
Missing character: There is no ε in font [lmroman10-regular]:mapping=tex-text;!
Missing character: There is no ς in font [lmroman10-regular]:mapping=tex-text;!
Missing character: There is no τ in font [lmroman10-regular]:mapping=tex-text;!
Missing character: There is no ὴ in font [lmroman10-regular]:mapping=tex-text;!
Missing character: There is no ν in font [lmroman10-regular]:mapping=tex-text;!
Missing character: There is no μ in font [lmroman10-regular]:mapping=tex-text;!
Missing character: There is no α in font [lmroman10-regular]:mapping=tex-text;!
Missing character: There is no τ in font [lmroman10-regular]:mapping=tex-text;!
Missing character: There is no α in font [lmroman10-regular]:mapping=tex-text;!
Missing character: There is no ι in font [lmroman10-regular]:mapping=tex-text;!
Missing character: There is no ό in font [lmroman10-regular]:mapping=tex-text;!
Missing character: There is no τ in font [lmroman10-regular]:mapping=tex-text;!
Missing character: There is no η in font [lmroman10-regular]:mapping=tex-text;!
Missing character: There is no τ in font [lmroman10-regular]:mapping=tex-text;!
Missing character: There is no α in font [lmroman10-regular]:mapping=tex-text;!
Missing character: There is no τ in font [lmroman10-regular]:mapping=tex-text;!
Missing character: There is no ῶ in font [lmroman10-regular]:mapping=tex-text;!
Missing character: There is no ν in font [lmroman10-regular]:mapping=tex-text;!
Missing character: There is no π in font [lmroman10-regular]:mapping=tex-text;!
Missing character: There is no ο in font [lmroman10-regular]:mapping=tex-text;!
Missing character: There is no λ in font [lmroman10-regular]:mapping=tex-text;!
Missing character: There is no λ in font [lmroman10-regular]:mapping=tex-text;!
Missing character: There is no ῶ in font [lmroman10-regular]:mapping=tex-text;!
Missing character: There is no ν in font [lmroman10-regular]:mapping=tex-text;!
Missing character: There is no κ in font [lmroman10-regular]:mapping=tex-text;!
Missing character: There is no α in font [lmroman10-regular]:mapping=tex-text;!
Missing character: There is no ὶ in font [lmroman10-regular]:mapping=tex-text;!
Missing character: There is no τ in font [lmroman10-regular]:mapping=tex-text;!
Missing character: There is no ὰ in font [lmroman10-regular]:mapping=tex-text;!
Missing character: There is no ς in font [lmroman10-regular]:mapping=tex-text;!
Missing character: There is no ψ in font [lmroman10-regular]:mapping=tex-text;!
Missing character: There is no ε in font [lmroman10-regular]:mapping=tex-text;!
Missing character: There is no υ in font [lmroman10-regular]:mapping=tex-text;!
Missing character: There is no δ in font [lmroman10-regular]:mapping=tex-text;!
Missing character: There is no ο in font [lmroman10-regular]:mapping=tex-text;!
Missing character: There is no δ in font [lmroman10-regular]:mapping=tex-text;!
Missing character: There is no ι in font [lmroman10-regular]:mapping=tex-text;!
Missing character: There is no δ in font [lmroman10-regular]:mapping=tex-text;!
Missing character: There is no α in font [lmroman10-regular]:mapping=tex-text;!
Missing character: There is no σ in font [lmroman10-regular]:mapping=tex-text;!
Missing character: There is no κ in font [lmroman10-regular]:mapping=tex-text;!
Missing character: There is no α in font [lmroman10-regular]:mapping=tex-text;!
Missing character: There is no λ in font [lmroman10-regular]:mapping=tex-text;!
Missing character: There is no ί in font [lmroman10-regular]:mapping=tex-text;!
Missing character: There is no α in font [lmroman10-regular]:mapping=tex-text;!
Missing character: There is no ς in font [lmroman10-regular]:mapping=tex-text;!
Missing character: There is no ἐ in font [lmroman10-regular]:mapping=tex-text;!
Missing character: There is no π in font [lmroman10-regular]:mapping=tex-text;!
Missing character: There is no ὶ in font [lmroman10-regular]:mapping=tex-text;!
Missing character: There is no τ in font [lmroman10-regular]:mapping=tex-text;!
Missing character: There is no ὸ in font [lmroman10-regular]:mapping=tex-text;!
Missing character: There is no ν in font [lmroman10-regular]:mapping=tex-text;!
Missing character: There is no ἐ in font [lmroman10-regular]:mapping=tex-text;!
Missing character: There is no ξ in font [lmroman10-regular]:mapping=tex-text;!
Missing character: There is no ἀ in font [lmroman10-regular]:mapping=tex-text;!
Missing character: There is no ρ in font [lmroman10-regular]:mapping=tex-text;!
Missing character: There is no χ in font [lmroman10-regular]:mapping=tex-text;!
Missing character: There is no ῆ in font [lmroman10-regular]:mapping=tex-text;!
Missing character: There is no ς in font [lmroman10-regular]:mapping=tex-text;!
Missing character: There is no ἡ in font [lmroman10-regular]:mapping=tex-text;!
Missing character: There is no μ in font [lmroman10-regular]:mapping=tex-text;!
Missing character: There is no ῖ in font [lmroman10-regular]:mapping=tex-text;!
Missing character: There is no ν in font [lmroman10-regular]:mapping=tex-text;!
Missing character: There is no π in font [lmroman10-regular]:mapping=tex-text;!
Missing character: There is no α in font [lmroman10-regular]:mapping=tex-text;!
Missing character: There is no ρ in font [lmroman10-regular]:mapping=tex-text;!
Missing character: There is no α in font [lmroman10-regular]:mapping=tex-text;!
Missing character: There is no δ in font [lmroman10-regular]:mapping=tex-text;!
Missing character: There is no ο in font [lmroman10-regular]:mapping=tex-text;!
Missing character: There is no θ in font [lmroman10-regular]:mapping=tex-text;!
Missing character: There is no έ in font [lmroman10-regular]:mapping=tex-text;!
Missing character: There is no ν in font [lmroman10-regular]:mapping=tex-text;!
Missing character: There is no τ in font [lmroman10-regular]:mapping=tex-text;!
Missing character: There is no α in font [lmroman10-regular]:mapping=tex-text;!
Missing character: There is no λ in font [lmroman10-regular]:mapping=tex-text;!
Missing character: There is no ό in font [lmroman10-regular]:mapping=tex-text;!
Missing character: There is no γ in font [lmroman10-regular]:mapping=tex-text;!
Missing character: There is no ο in font [lmroman10-regular]:mapping=tex-text;!
Missing character: There is no ν in font [lmroman10-regular]:mapping=tex-text;!
Missing character: There is no ἐ in font [lmroman10-regular]:mapping=tex-text;!
Missing character: There is no π in font [lmroman10-regular]:mapping=tex-text;!
Missing character: There is no ι in font [lmroman10-regular]:mapping=tex-text;!
Missing character: There is no σ in font [lmroman10-regular]:mapping=tex-text;!
Missing character: There is no τ in font [lmroman10-regular]:mapping=tex-text;!
Missing character: There is no ρ in font [lmroman10-regular]:mapping=tex-text;!
Missing character: There is no έ in font [lmroman10-regular]:mapping=tex-text;!
Missing character: There is no ψ in font [lmroman10-regular]:mapping=tex-text;!
Missing character: There is no ω in font [lmroman10-regular]:mapping=tex-text;!
Missing character: There is no μ in font [lmroman10-regular]:mapping=tex-text;!
Missing character: There is no ε in font [lmroman10-regular]:mapping=tex-text;!
Missing character: There is no ν in font [lmroman10-regular]:mapping=tex-text;!
Missing character: There is no ν in font [lmroman10-regular]:mapping=tex-text;!
Missing character: There is no ή in font [lmroman10-regular]:mapping=tex-text;!
Missing character: There is no φ in font [lmroman10-regular]:mapping=tex-text;!
Missing character: There is no ο in font [lmroman10-regular]:mapping=tex-text;!
Missing character: There is no ν in font [lmroman10-regular]:mapping=tex-text;!
Missing character: There is no τ in font [lmroman10-regular]:mapping=tex-text;!
Missing character: There is no ε in font [lmroman10-regular]:mapping=tex-text;!
Missing character: There is no ς in font [lmroman10-regular]:mapping=tex-text;!
Missing character: There is no π in font [lmroman10-regular]:mapping=tex-text;!
Missing character: There is no ρ in font [lmroman10-regular]:mapping=tex-text;!
Missing character: There is no ὸ in font [lmroman10-regular]:mapping=tex-text;!
Missing character: There is no ς in font [lmroman10-regular]:mapping=tex-text;!
Missing character: There is no τ in font [lmroman10-regular]:mapping=tex-text;!
Missing character: There is no ὰ in font [lmroman10-regular]:mapping=tex-text;!
Missing character: There is no ς in font [lmroman10-regular]:mapping=tex-text;!
Missing character: There is no ε in font [lmroman10-regular]:mapping=tex-text;!
Missing character: There is no ὐ in font [lmroman10-regular]:mapping=tex-text;!
Missing character: There is no χ in font [lmroman10-regular]:mapping=tex-text;!
Missing character: There is no ὰ in font [lmroman10-regular]:mapping=tex-text;!
Missing character: There is no ς in font [lmroman10-regular]:mapping=tex-text;!
Missing character: There is no κ in font [lmroman10-regular]:mapping=tex-text;!
Missing character: There is no α in font [lmroman10-regular]:mapping=tex-text;!
Missing character: There is no ὶ in font [lmroman10-regular]:mapping=tex-text;!
Missing character: There is no π in font [lmroman10-regular]:mapping=tex-text;!
Missing character: There is no ρ in font [lmroman10-regular]:mapping=tex-text;!
Missing character: There is no ο in font [lmroman10-regular]:mapping=tex-text;!
Missing character: There is no σ in font [lmroman10-regular]:mapping=tex-text;!
Missing character: There is no κ in font [lmroman10-regular]:mapping=tex-text;!
Missing character: There is no α in font [lmroman10-regular]:mapping=tex-text;!
Missing character: There is no ρ in font [lmroman10-regular]:mapping=tex-text;!
Missing character: There is no τ in font [lmroman10-regular]:mapping=tex-text;!
Missing character: There is no ε in font [lmroman10-regular]:mapping=tex-text;!
Missing character: There is no ρ in font [lmroman10-regular]:mapping=tex-text;!
Missing character: There is no ο in font [lmroman10-regular]:mapping=tex-text;!
Missing character: There is no ῦ in font [lmroman10-regular]:mapping=tex-text;!
Missing character: There is no ν in font [lmroman10-regular]:mapping=tex-text;!
Missing character: There is no τ in font [lmroman10-regular]:mapping=tex-text;!
Missing character: There is no ε in font [lmroman10-regular]:mapping=tex-text;!
Missing character: There is no ς in font [lmroman10-regular]:mapping=tex-text;!
Missing character: There is no ν in font [lmroman10-regular]:mapping=tex-text;!
Missing character: There is no η in font [lmroman10-regular]:mapping=tex-text;!
Missing character: There is no σ in font [lmroman10-regular]:mapping=tex-text;!
Missing character: There is no τ in font [lmroman10-regular]:mapping=tex-text;!
Missing character: There is no ε in font [lmroman10-regular]:mapping=tex-text;!
Missing character: There is no ί in font [lmroman10-regular]:mapping=tex-text;!
Missing character: There is no α in font [lmroman10-regular]:mapping=tex-text;!
Missing character: There is no ς in font [lmroman10-regular]:mapping=tex-text;!
Missing character: There is no δ in font [lmroman10-regular]:mapping=tex-text;!
Missing character: There is no ε in font [lmroman10-regular]:mapping=tex-text;!
Missing character: There is no ή in font [lmroman10-regular]:mapping=tex-text;!
Missing character: There is no σ in font [lmroman10-regular]:mapping=tex-text;!
Missing character: There is no ε in font [lmroman10-regular]:mapping=tex-text;!
Missing character: There is no σ in font [lmroman10-regular]:mapping=tex-text;!
Missing character: There is no ι in font [lmroman10-regular]:mapping=tex-text;!
Missing character: There is no ν in font [lmroman10-regular]:mapping=tex-text;!
Missing character: There is no α in font [lmroman10-regular]:mapping=tex-text;!
Missing character: There is no ἰ in font [lmroman10-regular]:mapping=tex-text;!
Missing character: There is no τ in font [lmroman10-regular]:mapping=tex-text;!
Missing character: There is no ο in font [lmroman10-regular]:mapping=tex-text;!
Missing character: There is no ύ in font [lmroman10-regular]:mapping=tex-text;!
Missing character: There is no μ in font [lmroman10-regular]:mapping=tex-text;!
Missing character: There is no ε in font [lmroman10-regular]:mapping=tex-text;!
Missing character: There is no ν in font [lmroman10-regular]:mapping=tex-text;!
Missing character: There is no ο in font [lmroman10-regular]:mapping=tex-text;!
Missing character: There is no ι in font [lmroman10-regular]:mapping=tex-text;!
Missing character: There is no τ in font [lmroman10-regular]:mapping=tex-text;!
Missing character: There is no ὸ in font [lmroman10-regular]:mapping=tex-text;!
Missing character: There is no ν in font [lmroman10-regular]:mapping=tex-text;!
Missing character: There is no π in font [lmroman10-regular]:mapping=tex-text;!
Missing character: There is no α in font [lmroman10-regular]:mapping=tex-text;!
Missing character: There is no ν in font [lmroman10-regular]:mapping=tex-text;!
Missing character: There is no τ in font [lmroman10-regular]:mapping=tex-text;!
Missing character: There is no ε in font [lmroman10-regular]:mapping=tex-text;!
Missing character: There is no π in font [lmroman10-regular]:mapping=tex-text;!
Missing character: There is no ό in font [lmroman10-regular]:mapping=tex-text;!
Missing character: There is no π in font [lmroman10-regular]:mapping=tex-text;!
Missing character: There is no τ in font [lmroman10-regular]:mapping=tex-text;!
Missing character: There is no η in font [lmroman10-regular]:mapping=tex-text;!
Missing character: There is no ν in font [lmroman10-regular]:mapping=tex-text;!
Missing character: There is no θ in font [lmroman10-regular]:mapping=tex-text;!
Missing character: There is no ε in font [lmroman10-regular]:mapping=tex-text;!
Missing character: There is no ὸ in font [lmroman10-regular]:mapping=tex-text;!
Missing character: There is no ν in font [lmroman10-regular]:mapping=tex-text;!
Missing character: There is no μ in font [lmroman10-regular]:mapping=tex-text;!
Missing character: There is no ὴ in font [lmroman10-regular]:mapping=tex-text;!
Missing character: There is no ε in font [lmroman10-regular]:mapping=tex-text;!
Missing character: There is no ἰ in font [lmroman10-regular]:mapping=tex-text;!
Missing character: There is no σ in font [lmroman10-regular]:mapping=tex-text;!
Missing character: There is no ε in font [lmroman10-regular]:mapping=tex-text;!
Missing character: There is no ν in font [lmroman10-regular]:mapping=tex-text;!
Missing character: There is no ε in font [lmroman10-regular]:mapping=tex-text;!
Missing character: There is no γ in font [lmroman10-regular]:mapping=tex-text;!
Missing character: There is no κ in font [lmroman10-regular]:mapping=tex-text;!
Missing character: There is no ε in font [lmroman10-regular]:mapping=tex-text;!
Missing character: There is no ῖ in font [lmroman10-regular]:mapping=tex-text;!
Missing character: There is no ν in font [lmroman10-regular]:mapping=tex-text;!
Missing character: There is no ἡ in font [lmroman10-regular]:mapping=tex-text;!
Missing character: There is no μ in font [lmroman10-regular]:mapping=tex-text;!
Missing character: There is no ᾶ in font [lmroman10-regular]:mapping=tex-text;!
Missing character: There is no ς in font [lmroman10-regular]:mapping=tex-text;!
Missing character: There is no ε in font [lmroman10-regular]:mapping=tex-text;!
Missing character: There is no ἰ in font [lmroman10-regular]:mapping=tex-text;!
Missing character: There is no ς in font [lmroman10-regular]:mapping=tex-text;!
Missing character: There is no π in font [lmroman10-regular]:mapping=tex-text;!
Missing character: There is no ε in font [lmroman10-regular]:mapping=tex-text;!
Missing character: There is no ι in font [lmroman10-regular]:mapping=tex-text;!
Missing character: There is no ρ in font [lmroman10-regular]:mapping=tex-text;!
Missing character: There is no α in font [lmroman10-regular]:mapping=tex-text;!
Missing character: There is no σ in font [lmroman10-regular]:mapping=tex-text;!
Missing character: There is no μ in font [lmroman10-regular]:mapping=tex-text;!
Missing character: There is no ό in font [lmroman10-regular]:mapping=tex-text;!
Missing character: There is no ν in font [lmroman10-regular]:mapping=tex-text;!
Missing character: There is no κ in font [lmroman10-regular]:mapping=tex-text;!
Missing character: There is no α in font [lmroman10-regular]:mapping=tex-text;!
Missing character: There is no θ in font [lmroman10-regular]:mapping=tex-text;!
Missing character: There is no ὼ in font [lmroman10-regular]:mapping=tex-text;!
Missing character: There is no ς in font [lmroman10-regular]:mapping=tex-text;!
Missing character: There is no ε in font [lmroman10-regular]:mapping=tex-text;!
Missing character: There is no ἶ in font [lmroman10-regular]:mapping=tex-text;!
Missing character: There is no π in font [lmroman10-regular]:mapping=tex-text;!
Missing character: There is no ε in font [lmroman10-regular]:mapping=tex-text;!
Missing character: There is no ν in font [lmroman10-regular]:mapping=tex-text;!
Missing character: There is no ὁ in font [lmroman10-regular]:mapping=tex-text;!
Missing character: There is no κ in font [lmroman10-regular]:mapping=tex-text;!
Missing character: There is no ύ in font [lmroman10-regular]:mapping=tex-text;!
Missing character: There is no ρ in font [lmroman10-regular]:mapping=tex-text;!
Missing character: There is no ι in font [lmroman10-regular]:mapping=tex-text;!
Missing character: There is no ο in font [lmroman10-regular]:mapping=tex-text;!
Missing character: There is no ς in font [lmroman10-regular]:mapping=tex-text;!
Missing character: There is no · in font [lmroman10-regular]:mapping=tex-text;!
Missing character: There is no ὸ in font [lmroman10-regular]:mapping=tex-text;!
Missing character: There is no μ in font [lmroman10-regular]:mapping=tex-text;!
Missing character: There is no ὲ in font [lmroman10-regular]:mapping=tex-text;!
Missing character: There is no ν in font [lmroman10-regular]:mapping=tex-text;!
Missing character: There is no π in font [lmroman10-regular]:mapping=tex-text;!
Missing character: There is no ν in font [lmroman10-regular]:mapping=tex-text;!
Missing character: There is no ε in font [lmroman10-regular]:mapping=tex-text;!
Missing character: There is no ῦ in font [lmroman10-regular]:mapping=tex-text;!
Missing character: There is no μ in font [lmroman10-regular]:mapping=tex-text;!
Missing character: There is no α in font [lmroman10-regular]:mapping=tex-text;!
Missing character: There is no π in font [lmroman10-regular]:mapping=tex-text;!
Missing character: There is no ρ in font [lmroman10-regular]:mapping=tex-text;!
Missing character: There is no ό in font [lmroman10-regular]:mapping=tex-text;!
Missing character: There is no θ in font [lmroman10-regular]:mapping=tex-text;!
Missing character: There is no υ in font [lmroman10-regular]:mapping=tex-text;!
Missing character: There is no μ in font [lmroman10-regular]:mapping=tex-text;!
Missing character: There is no ο in font [lmroman10-regular]:mapping=tex-text;!
Missing character: There is no ν in font [lmroman10-regular]:mapping=tex-text;!
Missing character: There is no ἡ in font [lmroman10-regular]:mapping=tex-text;!
Missing character: There is no δ in font [lmroman10-regular]:mapping=tex-text;!
Missing character: There is no ὲ in font [lmroman10-regular]:mapping=tex-text;!
Missing character: There is no σ in font [lmroman10-regular]:mapping=tex-text;!
Missing character: There is no ὰ in font [lmroman10-regular]:mapping=tex-text;!
Missing character: There is no ρ in font [lmroman10-regular]:mapping=tex-text;!
Missing character: There is no ξ in font [lmroman10-regular]:mapping=tex-text;!
Missing character: There is no ἀ in font [lmroman10-regular]:mapping=tex-text;!
Missing character: There is no σ in font [lmroman10-regular]:mapping=tex-text;!
Missing character: There is no θ in font [lmroman10-regular]:mapping=tex-text;!
Missing character: There is no ε in font [lmroman10-regular]:mapping=tex-text;!
Missing character: There is no ν in font [lmroman10-regular]:mapping=tex-text;!
Missing character: There is no ή in font [lmroman10-regular]:mapping=tex-text;!
Missing character: There is no ς in font [lmroman10-regular]:mapping=tex-text;!
[2261] [2262] [2263] [2264] [2265] [2266] [2267]
Overfull \hbox (0.85379pt too wide) in paragraph at lines 107233--107234
[][]\TU/lmr/bx/n/10.95 Matthew 23:10[] \TU/lmr/m/n/10.95 - Neither be called in
structors, for \TU/lmr/bx/n/10.95 you have one instructor (G2519. kathégétés),
 []

[2268]
Missing character: There is no ε in font [lmmono10-regular]:!
Missing character: There is no ἶ in font [lmmono10-regular]:!
Missing character: There is no π in font [lmmono10-regular]:!
Missing character: There is no ο in font [lmmono10-regular]:!
Missing character: There is no ν in font [lmmono10-regular]:!
Missing character: There is no ο in font [lmmono10-regular]:!
Missing character: There is no ὖ in font [lmmono10-regular]:!
Missing character: There is no ν in font [lmmono10-regular]:!
Missing character: There is no ὑ in font [lmmono10-regular]:!
Missing character: There is no μ in font [lmmono10-regular]:!
Missing character: There is no ῖ in font [lmmono10-regular]:!
Missing character: There is no ν in font [lmmono10-regular]:!
Missing character: There is no ὅ in font [lmmono10-regular]:!
Missing character: There is no τ in font [lmmono10-regular]:!
Missing character: There is no ι in font [lmmono10-regular]:!
Missing character: There is no ἀ in font [lmmono10-regular]:!
Missing character: There is no π in font [lmmono10-regular]:!
Missing character: There is no ο in font [lmmono10-regular]:!
Missing character: There is no θ in font [lmmono10-regular]:!
Missing character: There is no α in font [lmmono10-regular]:!
Missing character: There is no ν in font [lmmono10-regular]:!
Missing character: There is no ε in font [lmmono10-regular]:!
Missing character: There is no ῖ in font [lmmono10-regular]:!
Missing character: There is no σ in font [lmmono10-regular]:!
Missing character: There is no θ in font [lmmono10-regular]:!
Missing character: There is no ε in font [lmmono10-regular]:!
Missing character: There is no ἐ in font [lmmono10-regular]:!
Missing character: There is no ν in font [lmmono10-regular]:!
Missing character: There is no τ in font [lmmono10-regular]:!
Missing character: There is no α in font [lmmono10-regular]:!
Missing character: There is no ῖ in font [lmmono10-regular]:!
Missing character: There is no ς in font [lmmono10-regular]:!
Missing character: There is no ἁ in font [lmmono10-regular]:!
Missing character: There is no μ in font [lmmono10-regular]:!
Missing character: There is no α in font [lmmono10-regular]:!
Missing character: There is no ρ in font [lmmono10-regular]:!
Missing character: There is no τ in font [lmmono10-regular]:!
Missing character: There is no ί in font [lmmono10-regular]:!
Missing character: There is no α in font [lmmono10-regular]:!
Missing character: There is no ι in font [lmmono10-regular]:!
Missing character: There is no ς in font [lmmono10-regular]:!
Missing character: There is no ὑ in font [lmmono10-regular]:!
Missing character: There is no μ in font [lmmono10-regular]:!
Missing character: There is no ῶ in font [lmmono10-regular]:!
Missing character: There is no ν in font [lmmono10-regular]:!
Missing character: There is no ἐ in font [lmmono10-regular]:!
Missing character: There is no ὰ in font [lmmono10-regular]:!
Missing character: There is no ν in font [lmmono10-regular]:!
Missing character: There is no γ in font [lmmono10-regular]:!
Missing character: There is no ὰ in font [lmmono10-regular]:!
Missing character: There is no ρ in font [lmmono10-regular]:!
Missing character: There is no μ in font [lmmono10-regular]:!
Missing character: There is no ὴ in font [lmmono10-regular]:!
Missing character: There is no π in font [lmmono10-regular]:!
Missing character: There is no ι in font [lmmono10-regular]:!
Missing character: There is no σ in font [lmmono10-regular]:!
Missing character: There is no τ in font [lmmono10-regular]:!
Missing character: There is no ε in font [lmmono10-regular]:!
Missing character: There is no ύ in font [lmmono10-regular]:!
Missing character: There is no σ in font [lmmono10-regular]:!
Missing character: There is no η in font [lmmono10-regular]:!
Missing character: There is no τ in font [lmmono10-regular]:!
Missing character: There is no ε in font [lmmono10-regular]:!
Missing character: There is no ὅ in font [lmmono10-regular]:!
Missing character: There is no τ in font [lmmono10-regular]:!
Missing character: There is no ι in font [lmmono10-regular]:!
Missing character: There is no ἐ in font [lmmono10-regular]:!
Missing character: There is no γ in font [lmmono10-regular]:!
Missing character: There is no ώ in font [lmmono10-regular]:!
Missing character: There is no ε in font [lmmono10-regular]:!
Missing character: There is no ἰ in font [lmmono10-regular]:!
Missing character: There is no μ in font [lmmono10-regular]:!
Missing character: There is no ι in font [lmmono10-regular]:!
Missing character: There is no ἀ in font [lmmono10-regular]:!
Missing character: There is no π in font [lmmono10-regular]:!
Missing character: There is no ο in font [lmmono10-regular]:!
Missing character: There is no θ in font [lmmono10-regular]:!
Missing character: There is no α in font [lmmono10-regular]:!
Missing character: There is no ν in font [lmmono10-regular]:!
Missing character: There is no ε in font [lmmono10-regular]:!
Missing character: There is no ῖ in font [lmmono10-regular]:!
Missing character: There is no σ in font [lmmono10-regular]:!
Missing character: There is no θ in font [lmmono10-regular]:!
Missing character: There is no ε in font [lmmono10-regular]:!
Missing character: There is no ἐ in font [lmmono10-regular]:!
Missing character: There is no ν in font [lmmono10-regular]:!
Missing character: There is no τ in font [lmmono10-regular]:!
Missing character: There is no α in font [lmmono10-regular]:!
Missing character: There is no ῖ in font [lmmono10-regular]:!
Missing character: There is no ς in font [lmmono10-regular]:!
Missing character: There is no ἁ in font [lmmono10-regular]:!
Missing character: There is no μ in font [lmmono10-regular]:!
Missing character: There is no α in font [lmmono10-regular]:!
Missing character: There is no ρ in font [lmmono10-regular]:!
Missing character: There is no τ in font [lmmono10-regular]:!
Missing character: There is no ί in font [lmmono10-regular]:!
Missing character: There is no α in font [lmmono10-regular]:!
Missing character: There is no ι in font [lmmono10-regular]:!
Missing character: There is no ς in font [lmmono10-regular]:!
Missing character: There is no ὑ in font [lmmono10-regular]:!
Missing character: There is no μ in font [lmmono10-regular]:!
Missing character: There is no ῶ in font [lmmono10-regular]:!
Missing character: There is no ν in font [lmmono10-regular]:!
Missing character: There is no π in font [lmmono10-regular]:!
Missing character: There is no ο in font [lmmono10-regular]:!
Missing character: There is no λ in font [lmmono10-regular]:!
Missing character: There is no λ in font [lmmono10-regular]:!
Missing character: There is no ο in font [lmmono10-regular]:!
Missing character: There is no ὶ in font [lmmono10-regular]:!
Missing character: There is no ἐ in font [lmmono10-regular]:!
Missing character: There is no λ in font [lmmono10-regular]:!
Missing character: There is no ε in font [lmmono10-regular]:!
Missing character: There is no ύ in font [lmmono10-regular]:!
Missing character: There is no σ in font [lmmono10-regular]:!
Missing character: There is no ο in font [lmmono10-regular]:!
Missing character: There is no ν in font [lmmono10-regular]:!
Missing character: There is no τ in font [lmmono10-regular]:!
Missing character: There is no α in font [lmmono10-regular]:!
Missing character: There is no ι in font [lmmono10-regular]:!
Missing character: There is no ἐ in font [lmmono10-regular]:!
Missing character: There is no π in font [lmmono10-regular]:!
Missing character: There is no ὶ in font [lmmono10-regular]:!
Missing character: There is no τ in font [lmmono10-regular]:!
Missing character: There is no ῷ in font [lmmono10-regular]:!
Missing character: There is no ὀ in font [lmmono10-regular]:!
Missing character: There is no ν in font [lmmono10-regular]:!
Missing character: There is no ό in font [lmmono10-regular]:!
Missing character: There is no μ in font [lmmono10-regular]:!
Missing character: There is no α in font [lmmono10-regular]:!
Missing character: There is no τ in font [lmmono10-regular]:!
Missing character: There is no ί in font [lmmono10-regular]:!
Missing character: There is no μ in font [lmmono10-regular]:!
Missing character: There is no ο in font [lmmono10-regular]:!
Missing character: There is no υ in font [lmmono10-regular]:!
Missing character: There is no λ in font [lmmono10-regular]:!
Missing character: There is no έ in font [lmmono10-regular]:!
Missing character: There is no γ in font [lmmono10-regular]:!
Missing character: There is no ο in font [lmmono10-regular]:!
Missing character: There is no ν in font [lmmono10-regular]:!
Missing character: There is no τ in font [lmmono10-regular]:!
Missing character: There is no ε in font [lmmono10-regular]:!
Missing character: There is no ς in font [lmmono10-regular]:!
Missing character: There is no ὅ in font [lmmono10-regular]:!
Missing character: There is no τ in font [lmmono10-regular]:!
Missing character: There is no ι in font [lmmono10-regular]:!
Missing character: There is no Ἐ in font [lmmono10-regular]:!
Missing character: There is no γ in font [lmmono10-regular]:!
Missing character: There is no ώ in font [lmmono10-regular]:!
Missing character: There is no ε in font [lmmono10-regular]:!
Missing character: There is no ἰ in font [lmmono10-regular]:!
Missing character: There is no μ in font [lmmono10-regular]:!
Missing character: There is no ι in font [lmmono10-regular]:!
Missing character: There is no κ in font [lmmono10-regular]:!
Missing character: There is no α in font [lmmono10-regular]:!
Missing character: There is no ὶ in font [lmmono10-regular]:!
Missing character: There is no π in font [lmmono10-regular]:!
Missing character: There is no ο in font [lmmono10-regular]:!
Missing character: There is no λ in font [lmmono10-regular]:!
Missing character: There is no λ in font [lmmono10-regular]:!
Missing character: There is no ο in font [lmmono10-regular]:!
Missing character: There is no ὺ in font [lmmono10-regular]:!
Missing character: There is no ς in font [lmmono10-regular]:!
Missing character: There is no π in font [lmmono10-regular]:!
Missing character: There is no λ in font [lmmono10-regular]:!
Missing character: There is no α in font [lmmono10-regular]:!
Missing character: There is no ν in font [lmmono10-regular]:!
Missing character: There is no ή in font [lmmono10-regular]:!
Missing character: There is no σ in font [lmmono10-regular]:!
Missing character: There is no ο in font [lmmono10-regular]:!
Missing character: There is no υ in font [lmmono10-regular]:!
Missing character: There is no σ in font [lmmono10-regular]:!
Missing character: There is no ι in font [lmmono10-regular]:!
Missing character: There is no ν in font [lmmono10-regular]:!
 [2269] [2270] [2271] [2272] [2273] [2274] [2275] [2276] [2277] [2278]
[2279] [2280] [2281] [2282] [2283] [2284] [2285] [2286] [2287] [2288] [2289]
[2290] [2291] [2292] [2293] [2294] [2295] [2296]
Overfull \hbox (90.13289pt too wide) in paragraph at lines 108793--108808
[]
 []

[2297] [2298]
Overfull \hbox (35.90852pt too wide) in paragraph at lines 108879--108899
[]
 []

[2299] [2300] [2301] [2302] [2303] [2304] [2305] [2306] [2307] [2308] [2309]
[2310] [2311] [2312] [2313] [2314]
Missing character: There is no ḵ in font [lmmono10-regular]:!
Missing character: There is no ḵ in font [lmmono10-regular]:!
Missing character: There is no ḵ in font [lmmono10-regular]:!
Missing character: There is no ע in font [lmmono10-regular]:!
Missing character: There is no ֹ in font [lmmono10-regular]:!
Missing character: There is no ש in font [lmmono10-regular]:!
Missing character: There is no ֵ in font [lmmono10-regular]:!
Missing character: There is no ׂ in font [lmmono10-regular]:!
Missing character: There is no ֨ in font [lmmono10-regular]:!
Missing character: There is no ה in font [lmmono10-regular]:!
Missing character: There is no כ in font [lmmono10-regular]:!
Missing character: There is no ִ in font [lmmono10-regular]:!
Missing character: There is no י in font [lmmono10-regular]:!
Missing character: There is no מ in font [lmmono10-regular]:!
Missing character: There is no ָ in font [lmmono10-regular]:!
Missing character: There is no ֜ in font [lmmono10-regular]:!
Missing character: There is no ה in font [lmmono10-regular]:!
Missing character: There is no ו in font [lmmono10-regular]:!
Missing character: There is no ּ in font [lmmono10-regular]:!
Missing character: There is no כ in font [lmmono10-regular]:!
Missing character: There is no ְ in font [lmmono10-regular]:!
Missing character: There is no ס in font [lmmono10-regular]:!
Missing character: There is no ִ in font [lmmono10-regular]:!
Missing character: There is no ֗ in font [lmmono10-regular]:!
Missing character: There is no י in font [lmmono10-regular]:!
Missing character: There is no ל in font [lmmono10-regular]:!
Missing character: There is no ו in font [lmmono10-regular]:!
Missing character: There is no ְ in font [lmmono10-regular]:!
Missing character: There is no ה in font [lmmono10-regular]:!
Missing character: There is no ֹ in font [lmmono10-regular]:!
Missing character: There is no פ in font [lmmono10-regular]:!
Missing character: There is no ֵ in font [lmmono10-regular]:!
Missing character: There is no ֤ in font [lmmono10-regular]:!
Missing character: There is no ך in font [lmmono10-regular]:!
Missing character: There is no ְ in font [lmmono10-regular]:!
Missing character: There is no ל in font [lmmono10-regular]:!
Missing character: There is no ַ in font [lmmono10-regular]:!
Missing character: There is no ב in font [lmmono10-regular]:!
Missing character: There is no ֹ in font [lmmono10-regular]:!
Missing character: There is no ּ in font [lmmono10-regular]:!
Missing character: There is no ֙ in font [lmmono10-regular]:!
Missing character: There is no ק in font [lmmono10-regular]:!
Missing character: There is no ֶ in font [lmmono10-regular]:!
Missing character: There is no ר in font [lmmono10-regular]:!
Missing character: There is no ֙ in font [lmmono10-regular]:!
Missing character: There is no צ in font [lmmono10-regular]:!
Missing character: There is no ַ in font [lmmono10-regular]:!
Missing character: There is no ל in font [lmmono10-regular]:!
Missing character: There is no ְ in font [lmmono10-regular]:!
Missing character: There is no מ in font [lmmono10-regular]:!
Missing character: There is no ָ in font [lmmono10-regular]:!
Missing character: There is no ֔ in font [lmmono10-regular]:!
Missing character: There is no ו in font [lmmono10-regular]:!
Missing character: There is no ֶ in font [lmmono10-regular]:!
Missing character: There is no ת in font [lmmono10-regular]:!
Missing character: There is no ו in font [lmmono10-regular]:!
Missing character: There is no ְ in font [lmmono10-regular]:!
Missing character: There is no י in font [lmmono10-regular]:!
Missing character: There is no ֖ in font [lmmono10-regular]:!
Missing character: There is no ו in font [lmmono10-regular]:!
Missing character: There is no ֹ in font [lmmono10-regular]:!
Missing character: There is no ם in font [lmmono10-regular]:!
Missing character: There is no ל in font [lmmono10-regular]:!
Missing character: There is no ַ in font [lmmono10-regular]:!
Missing character: There is no ֣ in font [lmmono10-regular]:!
Missing character: There is no י in font [lmmono10-regular]:!
Missing character: There is no ְ in font [lmmono10-regular]:!
Missing character: There is no ל in font [lmmono10-regular]:!
Missing character: There is no ָ in font [lmmono10-regular]:!
Missing character: There is no ה in font [lmmono10-regular]:!
Missing character: There is no ḵ in font [lmmono10-regular]:!
Missing character: There is no ה in font [lmmono10-regular]:!
Missing character: There is no ֶ in font [lmmono10-regular]:!
Missing character: There is no ח in font [lmmono10-regular]:!
Missing character: There is no ְ in font [lmmono10-regular]:!
Missing character: There is no ש in font [lmmono10-regular]:!
Missing character: There is no ִ in font [lmmono10-regular]:!
Missing character: There is no ׁ in font [lmmono10-regular]:!
Missing character: There is no ֑ in font [lmmono10-regular]:!
Missing character: There is no י in font [lmmono10-regular]:!
Missing character: There is no ך in font [lmmono10-regular]:!
Missing character: There is no ְ in font [lmmono10-regular]:!
Missing character: There is no ה in font [lmmono10-regular]:!
Missing character: There is no ַ in font [lmmono10-regular]:!
Missing character: There is no ק in font [lmmono10-regular]:!
Missing character: There is no ּ in font [lmmono10-regular]:!
Missing character: There is no ו in font [lmmono10-regular]:!
Missing character: There is no ֹ in font [lmmono10-regular]:!
Missing character: There is no ר in font [lmmono10-regular]:!
Missing character: There is no ֵ in font [lmmono10-regular]:!
Missing character: There is no ֣ in font [lmmono10-regular]:!
Missing character: There is no א in font [lmmono10-regular]:!
Missing character: There is no ל in font [lmmono10-regular]:!
Missing character: There is no ְ in font [lmmono10-regular]:!
Missing character: There is no מ in font [lmmono10-regular]:!
Missing character: There is no ֵ in font [lmmono10-regular]:!
Missing character: There is no ֽ in font [lmmono10-regular]:!
Missing character: There is no י in font [lmmono10-regular]:!
Missing character: There is no ־ in font [lmmono10-regular]:!
Missing character: There is no ḵ in font [lmmono10-regular]:!
Missing character: There is no ה in font [lmmono10-regular]:!
Missing character: There is no ַ in font [lmmono10-regular]:!
Missing character: There is no י in font [lmmono10-regular]:!
Missing character: There is no ָ in font [lmmono10-regular]:!
Missing character: There is no ּ in font [lmmono10-regular]:!
Missing character: There is no ֗ in font [lmmono10-regular]:!
Missing character: There is no ם in font [lmmono10-regular]:!
Missing character: There is no ו in font [lmmono10-regular]:!
Missing character: There is no ַ in font [lmmono10-regular]:!
Missing character: There is no ֽ in font [lmmono10-regular]:!
Missing character: There is no י in font [lmmono10-regular]:!
Missing character: There is no ִ in font [lmmono10-regular]:!
Missing character: There is no ּ in font [lmmono10-regular]:!
Missing character: There is no ש in font [lmmono10-regular]:!
Missing character: There is no ְ in font [lmmono10-regular]:!
Missing character: There is no ׁ in font [lmmono10-regular]:!
Missing character: There is no פ in font [lmmono10-regular]:!
Missing character: There is no ְ in font [lmmono10-regular]:!
Missing character: There is no ּ in font [lmmono10-regular]:!
Missing character: There is no כ in font [lmmono10-regular]:!
Missing character: There is no ֵ in font [lmmono10-regular]:!
Missing character: There is no ֛ in font [lmmono10-regular]:!
Missing character: There is no ם in font [lmmono10-regular]:!
 [2315]
Missing character: There is no ע in font [lmmono10-regular]:!
Missing character: There is no ַ in font [lmmono10-regular]:!
Missing character: There is no ל in font [lmmono10-regular]:!
Missing character: There is no ־ in font [lmmono10-regular]:!
Missing character: There is no פ in font [lmmono10-regular]:!
Missing character: There is no ְ in font [lmmono10-regular]:!
Missing character: There is no ּ in font [lmmono10-regular]:!
Missing character: There is no נ in font [lmmono10-regular]:!
Missing character: There is no ֵ in font [lmmono10-regular]:!
Missing character: There is no ֥ in font [lmmono10-regular]:!
Missing character: There is no י in font [lmmono10-regular]:!
Missing character: There is no ה in font [lmmono10-regular]:!
Missing character: There is no ָ in font [lmmono10-regular]:!
Missing character: There is no א in font [lmmono10-regular]:!
Missing character: There is no ָ in font [lmmono10-regular]:!
Missing character: There is no ֖ in font [lmmono10-regular]:!
Missing character: There is no ר in font [lmmono10-regular]:!
Missing character: There is no ֶ in font [lmmono10-regular]:!
Missing character: There is no ץ in font [lmmono10-regular]:!
Missing character: There is no י in font [lmmono10-regular]:!
Missing character: There is no ְ in font [lmmono10-regular]:!
Missing character: There is no ה in font [lmmono10-regular]:!
Missing character: There is no ו in font [lmmono10-regular]:!
Missing character: There is no ָ in font [lmmono10-regular]:!
Missing character: There is no ֥ in font [lmmono10-regular]:!
Missing character: There is no ה in font [lmmono10-regular]:!
Missing character: There is no ש in font [lmmono10-regular]:!
Missing character: There is no ְ in font [lmmono10-regular]:!
Missing character: There is no ׁ in font [lmmono10-regular]:!
Missing character: There is no מ in font [lmmono10-regular]:!
Missing character: There is no ֽ in font [lmmono10-regular]:!
Missing character: There is no ו in font [lmmono10-regular]:!
Missing character: There is no ֹ in font [lmmono10-regular]:!
Missing character: There is no ׃ in font [lmmono10-regular]:!
Missing character: There is no ס in font [lmmono10-regular]:!
 [2316] [2317] [2318] [2319] [2320]
[2321] [2322]
Overfull \hbox (110.33736pt too wide) in paragraph at lines 110067--110068
[][]$[][][][][] [] [] [] [][][] [] [][][][][][][] [] [][][] [] [][][] [] [][][]
[][][][][][][][][][][] [] [][][][][] [] [] [] [][][][][][][][][] [] [][][][][][
] [] [][] [] [][][][][] [] [][][][][][][][][][][][][][][][][][][][][][][][][][]
[][][][][][][][][][][][][]$[] 
 []

[2323] [2324]
Missing character: There is no א in font [lmroman10-regular]:mapping=tex-text;!
Missing character: There is no ד in font [lmroman10-regular]:mapping=tex-text;!
Missing character: There is no ם in font [lmroman10-regular]:mapping=tex-text;!
Missing character: There is no ז in font [lmroman10-regular]:mapping=tex-text;!
Missing character: There is no כ in font [lmroman10-regular]:mapping=tex-text;!
Missing character: There is no ר in font [lmroman10-regular]:mapping=tex-text;!
Missing character: There is no נ in font [lmroman10-regular]:mapping=tex-text;!
Missing character: There is no ק in font [lmroman10-regular]:mapping=tex-text;!
Missing character: There is no ב in font [lmroman10-regular]:mapping=tex-text;!
Missing character: There is no ה in font [lmroman10-regular]:mapping=tex-text;!
 [2325] [2326] [2327]
Missing character: There is no א in font [lmroman10-regular]:mapping=tex-text;!
Missing character: There is no ד in font [lmroman10-regular]:mapping=tex-text;!
Missing character: There is no ם in font [lmroman10-regular]:mapping=tex-text;!
Missing character: There is no ז in font [lmroman10-regular]:mapping=tex-text;!
Missing character: There is no כ in font [lmroman10-regular]:mapping=tex-text;!
Missing character: There is no ר in font [lmroman10-regular]:mapping=tex-text;!
Missing character: There is no נ in font [lmroman10-regular]:mapping=tex-text;!
Missing character: There is no ק in font [lmroman10-regular]:mapping=tex-text;!
Missing character: There is no ב in font [lmroman10-regular]:mapping=tex-text;!
Missing character: There is no ה in font [lmroman10-regular]:mapping=tex-text;!
 [2328] [2329] [2330] [2331] [2332] [2333]
Overfull \hbox (8.48975pt too wide) in paragraph at lines 110581--110594
[]\TU/lmr/m/n/10.95 The Bible does
 []

[2334] [2335] [2336] [2337] [2338] [2339] [2340] [2341] [2342] [2343] [2344]
[2345] [2346] [2347] [2348] [2349]
Overfull \hbox (17.53084pt too wide) in paragraph at lines 111405--111406
[]\TU/lmr/m/n/10.95 When the devil
 []

[2350] [2351]
Overfull \hbox (22.6116pt too wide) in paragraph at lines 111447--111448
[]
 []

[2352] [2353] [2354] [2355] [2356]
Overfull \hbox (22.6116pt too wide) in paragraph at lines 111757--111758
[]
 []

[2357] [2358] [2359] [2360] [2361] [2362] [2363] [2364]
Overfull \hbox (12.60695pt too wide) in paragraph at lines 112306--112307
[]\TU/lmr/m/n/10.95 As you feel
 []

[2365] [2366]
Overfull \hbox (3.64989pt too wide) in paragraph at lines 112390--112411
[]\TU/lmr/m/n/10.95 What if you just decided,
 []

[2367] [2368] [2369] [2370] [2371] [2372] [2373] [2374] [2375] [2376] [2377]
[2378]
Missing character: There is no ṓ in font [lmroman10-regular]:mapping=tex-text;!
Missing character: There is no ṓ in font [lmroman10-regular]:mapping=tex-text;!
Missing character: There is no ṓ in font [lmroman10-regular]:mapping=tex-text;!
 [2379]
Overfull \hbox (14.33705pt too wide) in paragraph at lines 113131--113132
[]\TU/lmr/m/n/10.95 Jesus faced
 []

[2380] [2381] [2382] [2383]
Overfull \hbox (21.7976pt too wide) in paragraph at lines 113296--113297
[]\TU/lmr/m/n/10.95 Christian hope,
 []

[2384] [2385] [2386] [2387]
Overfull \hbox (13.52673pt too wide) in paragraph at lines 113481--113488
[]\TU/lmr/m/n/10.95 And so God
 []


Overfull \hbox (9.11606pt too wide) in paragraph at lines 113489--113505
[]\TU/lmr/m/n/10.95 Hosea, you
 []

[2388] [2389] [2390]
Overfull \hbox (2.00734pt too wide) in paragraph at lines 113646--113659
[]
 []


Overfull \hbox (1.8857pt too wide) in paragraph at lines 113672--113676
[]\TU/lmr/m/n/10.95 I was lecturing on the
 []

[2391]
Missing character: There is no ḗ in font [lmroman10-regular]:mapping=tex-text;!
 [2392] [2393] [2394] [2395] [2396] [2397] [2398]
Overfull \hbox (16.04202pt too wide) in paragraph at lines 114106--114107
[]\TU/lmr/m/n/10.95 If Je-
 []

[2399] [2400]
Missing character: There is no ὁ in font [lmmono10-regular]:!
Missing character: There is no ἔ in font [lmmono10-regular]:!
Missing character: There is no χ in font [lmmono10-regular]:!
Missing character: There is no ω in font [lmmono10-regular]:!
Missing character: There is no ν in font [lmmono10-regular]:!
Missing character: There is no τ in font [lmmono10-regular]:!
Missing character: There is no ὸ in font [lmmono10-regular]:!
Missing character: There is no ν in font [lmmono10-regular]:!
Missing character: There is no ἱ in font [lmmono10-regular]:!
Missing character: There is no ὸ in font [lmmono10-regular]:!
Missing character: There is no ν in font [lmmono10-regular]:!
Missing character: There is no ἔ in font [lmmono10-regular]:!
Missing character: There is no χ in font [lmmono10-regular]:!
Missing character: There is no ε in font [lmmono10-regular]:!
Missing character: There is no ι in font [lmmono10-regular]:!
Missing character: There is no τ in font [lmmono10-regular]:!
Missing character: There is no ὴ in font [lmmono10-regular]:!
Missing character: There is no ν in font [lmmono10-regular]:!
Missing character: There is no ζ in font [lmmono10-regular]:!
Missing character: There is no ω in font [lmmono10-regular]:!
Missing character: There is no ή in font [lmmono10-regular]:!
Missing character: There is no ν in font [lmmono10-regular]:!
Missing character: There is no ὁ in font [lmmono10-regular]:!
Missing character: There is no μ in font [lmmono10-regular]:!
Missing character: There is no ὴ in font [lmmono10-regular]:!
Missing character: There is no ἔ in font [lmmono10-regular]:!
Missing character: There is no χ in font [lmmono10-regular]:!
Missing character: There is no ω in font [lmmono10-regular]:!
Missing character: There is no ν in font [lmmono10-regular]:!
Missing character: There is no τ in font [lmmono10-regular]:!
Missing character: There is no ὸ in font [lmmono10-regular]:!
Missing character: There is no ν in font [lmmono10-regular]:!
Missing character: There is no ἱ in font [lmmono10-regular]:!
Missing character: There is no ὸ in font [lmmono10-regular]:!
Missing character: There is no ν in font [lmmono10-regular]:!
Missing character: There is no τ in font [lmmono10-regular]:!
Missing character: There is no ο in font [lmmono10-regular]:!
Missing character: There is no ῦ in font [lmmono10-regular]:!
Missing character: There is no ε in font [lmmono10-regular]:!
Missing character: There is no ο in font [lmmono10-regular]:!
Missing character: There is no ῦ in font [lmmono10-regular]:!
Missing character: There is no τ in font [lmmono10-regular]:!
Missing character: There is no ὴ in font [lmmono10-regular]:!
Missing character: There is no ν in font [lmmono10-regular]:!
Missing character: There is no ζ in font [lmmono10-regular]:!
Missing character: There is no ω in font [lmmono10-regular]:!
Missing character: There is no ὴ in font [lmmono10-regular]:!
Missing character: There is no ν in font [lmmono10-regular]:!
Missing character: There is no ο in font [lmmono10-regular]:!
Missing character: There is no ὐ in font [lmmono10-regular]:!
Missing character: There is no κ in font [lmmono10-regular]:!
Missing character: There is no ἔ in font [lmmono10-regular]:!
Missing character: There is no χ in font [lmmono10-regular]:!
Missing character: There is no ε in font [lmmono10-regular]:!
Missing character: There is no ι in font [lmmono10-regular]:!
 [2401] [2402]
Overfull \hbox (0.68967pt too wide) in paragraph at lines 114268--114269
[]\TU/lmr/bx/n/10.95 Galatians 1:4
 []

[2403] [2404]
Overfull \hbox (14.0049pt too wide) in paragraph at lines 114401--114402
[]\TU/lmr/m/n/10.95 In Jesus Christ’s
 []

[2405] [2406] [2407] [2408] [2409] [2410]
Overfull \hbox (324.26573pt too wide) in paragraph at lines 114752--114753
[]
 []

[2411] [2412] [2413] [2414] [2415] [2416] [2417]
Missing character: There is no מ in font [lmmono10-regular]:!
Missing character: There is no ו in font [lmmono10-regular]:!
Missing character: There is no ֹ in font [lmmono10-regular]:!
Missing character: There is no ש in font [lmmono10-regular]:!
Missing character: There is no ׁ in font [lmmono10-regular]:!
Missing character: There is no ִ in font [lmmono10-regular]:!
Missing character: There is no י in font [lmmono10-regular]:!
Missing character: There is no ע in font [lmmono10-regular]:!
Missing character: There is no ַ in font [lmmono10-regular]:!
Missing character: There is no ע in font [lmmono10-regular]:!
Missing character: There is no ו in font [lmmono10-regular]:!
Missing character: There is no ֹ in font [lmmono10-regular]:!
Missing character: There is no ז in font [lmmono10-regular]:!
Missing character: There is no ֵ in font [lmmono10-regular]:!
Missing character: There is no ר in font [lmmono10-regular]:!
 [2418]
Overfull \hbox (3.8908pt too wide) in paragraph at lines 115099--115111
[]\TU/lmr/m/n/10.95 The global context of my suf-
 []

[2419] [2420]
Overfull \hbox (50.58153pt too wide) in paragraph at lines 115183--115186
[]
 []

[2421] [2422] [2423]
Overfull \hbox (44.26335pt too wide) in paragraph at lines 115352--115353
[]
 []

[2424]
Overfull \hbox (46.2818pt too wide) in paragraph at lines 115354--115358
[]
 []

[2425] [2426] [2427]
Overfull \hbox (8.01892pt too wide) in paragraph at lines 115671--115686
[]\TU/lmr/m/n/10.95 First things first,
 []

[2428]
Missing character: There is no ἑ in font [lmroman10-regular]:mapping=tex-text;!
Missing character: There is no κ in font [lmroman10-regular]:mapping=tex-text;!
Missing character: There is no ο in font [lmroman10-regular]:mapping=tex-text;!
Missing character: There is no υ in font [lmroman10-regular]:mapping=tex-text;!
Missing character: There is no σ in font [lmroman10-regular]:mapping=tex-text;!
Missing character: There is no ί in font [lmroman10-regular]:mapping=tex-text;!
Missing character: There is no ω in font [lmroman10-regular]:mapping=tex-text;!
Missing character: There is no ς in font [lmroman10-regular]:mapping=tex-text;!

Overfull \hbox (136.12651pt too wide) in paragraph at lines 115732--115733
[]
 []

[2429] [2430] [2431] [2432] [2433] [2434] [2435] [2436] [2437] [2438]
Overfull \hbox (2.99283pt too wide) in paragraph at lines 116173--116190
[]
 []

[2439] [2440] [2441] [2442] [2443] [2444] [2445] [2446] [2447] [2448] [2449]
Overfull \hbox (20.4654pt too wide) in paragraph at lines 116711--116712
[]
 []

[2450] [2451] [2452] [2453] [2454] [2455] [2456]

LaTeX Warning: Hyper reference `sec:orgb35176e' on page 2457 undefined on input
 line 116928.

[2457] [2458] [2459]
Overfull \hbox (11.86232pt too wide) in paragraph at lines 117048--117060
[]\TU/lmr/m/n/10.95 God is love.
 []

[2460] [2461] [2462] [2463]
Missing character: There is no κ in font [lmmono10-regular]:!
Missing character: There is no ύ in font [lmmono10-regular]:!
Missing character: There is no ρ in font [lmmono10-regular]:!
Missing character: There is no ι in font [lmmono10-regular]:!
Missing character: There is no ο in font [lmmono10-regular]:!
Missing character: There is no ς in font [lmmono10-regular]:!
Missing character: There is no ρ in font [lmmono10-regular]:!
Missing character: There is no ι in font [lmmono10-regular]:!
Missing character: There is no σ in font [lmmono10-regular]:!
Missing character: There is no τ in font [lmmono10-regular]:!
Missing character: There is no ό in font [lmmono10-regular]:!
Missing character: There is no ς in font [lmmono10-regular]:!
 [2464]

Package hyperref Warning: Token not allowed in a PDF string (Unicode):
(hyperref)                removing `math shift' on input line 117250.


Package hyperref Warning: Token not allowed in a PDF string (Unicode):
(hyperref)                removing `\@@underline' on input line 117250.


Package hyperref Warning: Token not allowed in a PDF string (Unicode):
(hyperref)                removing `\hbox' on input line 117250.


Package hyperref Warning: Token not allowed in a PDF string (Unicode):
(hyperref)                removing `\mathsurround' on input line 117250.


Package hyperref Warning: Token not allowed in a PDF string (Unicode):
(hyperref)                removing `\z@' on input line 117250.


Package hyperref Warning: Token not allowed in a PDF string (Unicode):
(hyperref)                removing `math shift' on input line 117250.

[2465] [2466]
Missing character: There is no κ in font [lmmono10-regular]:!
Missing character: There is no α in font [lmmono10-regular]:!
Missing character: There is no ὶ in font [lmmono10-regular]:!
Missing character: There is no ἀ in font [lmmono10-regular]:!
Missing character: There is no π in font [lmmono10-regular]:!
Missing character: There is no ὸ in font [lmmono10-regular]:!
Missing character: There is no Ἰ in font [lmmono10-regular]:!
Missing character: There is no η in font [lmmono10-regular]:!
Missing character: There is no σ in font [lmmono10-regular]:!
Missing character: There is no ο in font [lmmono10-regular]:!
Missing character: There is no ῦ in font [lmmono10-regular]:!
Missing character: There is no ρ in font [lmmono10-regular]:!
Missing character: There is no ι in font [lmmono10-regular]:!
Missing character: There is no σ in font [lmmono10-regular]:!
Missing character: There is no τ in font [lmmono10-regular]:!
Missing character: There is no ο in font [lmmono10-regular]:!
Missing character: There is no ῦ in font [lmmono10-regular]:!
Missing character: There is no ὁ in font [lmmono10-regular]:!
Missing character: There is no μ in font [lmmono10-regular]:!
Missing character: There is no ά in font [lmmono10-regular]:!
Missing character: There is no ρ in font [lmmono10-regular]:!
Missing character: There is no τ in font [lmmono10-regular]:!
Missing character: There is no υ in font [lmmono10-regular]:!
Missing character: There is no ς in font [lmmono10-regular]:!
Missing character: There is no ὁ in font [lmmono10-regular]:!
Missing character: There is no π in font [lmmono10-regular]:!
Missing character: There is no ι in font [lmmono10-regular]:!
Missing character: There is no σ in font [lmmono10-regular]:!
Missing character: There is no τ in font [lmmono10-regular]:!
Missing character: There is no ό in font [lmmono10-regular]:!
Missing character: There is no ς in font [lmmono10-regular]:!
Missing character: There is no ὁ in font [lmmono10-regular]:!
Missing character: There is no π in font [lmmono10-regular]:!
Missing character: There is no ρ in font [lmmono10-regular]:!
Missing character: There is no ω in font [lmmono10-regular]:!
Missing character: There is no τ in font [lmmono10-regular]:!
Missing character: There is no ό in font [lmmono10-regular]:!
Missing character: There is no τ in font [lmmono10-regular]:!
Missing character: There is no ο in font [lmmono10-regular]:!
Missing character: There is no κ in font [lmmono10-regular]:!
Missing character: There is no ο in font [lmmono10-regular]:!
Missing character: There is no ς in font [lmmono10-regular]:!
Missing character: There is no τ in font [lmmono10-regular]:!
Missing character: There is no ῶ in font [lmmono10-regular]:!
Missing character: There is no ν in font [lmmono10-regular]:!
Missing character: There is no ν in font [lmmono10-regular]:!
Missing character: There is no ε in font [lmmono10-regular]:!
Missing character: There is no κ in font [lmmono10-regular]:!
Missing character: There is no ρ in font [lmmono10-regular]:!
Missing character: There is no ῶ in font [lmmono10-regular]:!
Missing character: There is no ν in font [lmmono10-regular]:!
Missing character: There is no κ in font [lmmono10-regular]:!
Missing character: There is no α in font [lmmono10-regular]:!
Missing character: There is no ὶ in font [lmmono10-regular]:!
Missing character: There is no ὁ in font [lmmono10-regular]:!
Missing character: There is no ἄ in font [lmmono10-regular]:!
Missing character: There is no ρ in font [lmmono10-regular]:!
Missing character: There is no χ in font [lmmono10-regular]:!
Missing character: There is no ω in font [lmmono10-regular]:!
Missing character: There is no ν in font [lmmono10-regular]:!
Missing character: There is no τ in font [lmmono10-regular]:!
Missing character: There is no ῶ in font [lmmono10-regular]:!
Missing character: There is no ν in font [lmmono10-regular]:!
Missing character: There is no β in font [lmmono10-regular]:!
Missing character: There is no α in font [lmmono10-regular]:!
Missing character: There is no σ in font [lmmono10-regular]:!
Missing character: There is no ι in font [lmmono10-regular]:!
Missing character: There is no λ in font [lmmono10-regular]:!
Missing character: There is no έ in font [lmmono10-regular]:!
Missing character: There is no ω in font [lmmono10-regular]:!
Missing character: There is no ν in font [lmmono10-regular]:!
Missing character: There is no τ in font [lmmono10-regular]:!
Missing character: There is no ῆ in font [lmmono10-regular]:!
Missing character: There is no ς in font [lmmono10-regular]:!
Missing character: There is no γ in font [lmmono10-regular]:!
Missing character: There is no ῆ in font [lmmono10-regular]:!
Missing character: There is no ς in font [lmmono10-regular]:!
Missing character: There is no ῷ in font [lmmono10-regular]:!
Missing character: There is no ἀ in font [lmmono10-regular]:!
Missing character: There is no γ in font [lmmono10-regular]:!
Missing character: There is no α in font [lmmono10-regular]:!
Missing character: There is no π in font [lmmono10-regular]:!
Missing character: There is no ῶ in font [lmmono10-regular]:!
Missing character: There is no ν in font [lmmono10-regular]:!
Missing character: There is no τ in font [lmmono10-regular]:!
Missing character: There is no ι in font [lmmono10-regular]:!
Missing character: There is no ἡ in font [lmmono10-regular]:!
Missing character: There is no μ in font [lmmono10-regular]:!
Missing character: There is no ᾶ in font [lmmono10-regular]:!
Missing character: There is no ς in font [lmmono10-regular]:!
Missing character: There is no κ in font [lmmono10-regular]:!
Missing character: There is no α in font [lmmono10-regular]:!
Missing character: There is no ὶ in font [lmmono10-regular]:!
 [2467]
Missing character: There is no λ in font [lmmono10-regular]:!
Missing character: There is no ύ in font [lmmono10-regular]:!
Missing character: There is no σ in font [lmmono10-regular]:!
Missing character: There is no α in font [lmmono10-regular]:!
Missing character: There is no ν in font [lmmono10-regular]:!
Missing character: There is no τ in font [lmmono10-regular]:!
Missing character: There is no ι in font [lmmono10-regular]:!
Missing character: There is no ἡ in font [lmmono10-regular]:!
Missing character: There is no μ in font [lmmono10-regular]:!
Missing character: There is no ᾶ in font [lmmono10-regular]:!
Missing character: There is no ς in font [lmmono10-regular]:!
Missing character: There is no ἐ in font [lmmono10-regular]:!
Missing character: There is no κ in font [lmmono10-regular]:!
Missing character: There is no τ in font [lmmono10-regular]:!
Missing character: There is no ῶ in font [lmmono10-regular]:!
Missing character: There is no ν in font [lmmono10-regular]:!
Missing character: There is no ἁ in font [lmmono10-regular]:!
Missing character: There is no μ in font [lmmono10-regular]:!
Missing character: There is no α in font [lmmono10-regular]:!
Missing character: There is no ρ in font [lmmono10-regular]:!
Missing character: There is no τ in font [lmmono10-regular]:!
Missing character: There is no ι in font [lmmono10-regular]:!
Missing character: There is no ῶ in font [lmmono10-regular]:!
Missing character: There is no ν in font [lmmono10-regular]:!
Missing character: There is no ἡ in font [lmmono10-regular]:!
Missing character: There is no μ in font [lmmono10-regular]:!
Missing character: There is no ῶ in font [lmmono10-regular]:!
Missing character: There is no ν in font [lmmono10-regular]:!
Missing character: There is no ἐ in font [lmmono10-regular]:!
Missing character: There is no ν in font [lmmono10-regular]:!
Missing character: There is no τ in font [lmmono10-regular]:!
Missing character: There is no ῷ in font [lmmono10-regular]:!
Missing character: There is no α in font [lmmono10-regular]:!
Missing character: There is no ἵ in font [lmmono10-regular]:!
Missing character: There is no μ in font [lmmono10-regular]:!
Missing character: There is no α in font [lmmono10-regular]:!
Missing character: There is no τ in font [lmmono10-regular]:!
Missing character: There is no ι in font [lmmono10-regular]:!
Missing character: There is no α in font [lmmono10-regular]:!
Missing character: There is no ὐ in font [lmmono10-regular]:!
Missing character: There is no τ in font [lmmono10-regular]:!
Missing character: There is no ο in font [lmmono10-regular]:!
Missing character: There is no ῦ in font [lmmono10-regular]:!
Missing character: There is no Ὑ in font [lmmono10-regular]:!
Missing character: There is no μ in font [lmmono10-regular]:!
Missing character: There is no ε in font [lmmono10-regular]:!
Missing character: There is no ῖ in font [lmmono10-regular]:!
Missing character: There is no ς in font [lmmono10-regular]:!
Missing character: There is no δ in font [lmmono10-regular]:!
Missing character: There is no ὲ in font [lmmono10-regular]:!
Missing character: There is no γ in font [lmmono10-regular]:!
Missing character: There is no έ in font [lmmono10-regular]:!
Missing character: There is no ν in font [lmmono10-regular]:!
Missing character: There is no ο in font [lmmono10-regular]:!
Missing character: There is no ς in font [lmmono10-regular]:!
Missing character: There is no ἐ in font [lmmono10-regular]:!
Missing character: There is no κ in font [lmmono10-regular]:!
Missing character: There is no λ in font [lmmono10-regular]:!
Missing character: There is no ε in font [lmmono10-regular]:!
Missing character: There is no κ in font [lmmono10-regular]:!
Missing character: There is no τ in font [lmmono10-regular]:!
Missing character: There is no ό in font [lmmono10-regular]:!
Missing character: There is no ν in font [lmmono10-regular]:!
Missing character: There is no β in font [lmmono10-regular]:!
Missing character: There is no α in font [lmmono10-regular]:!
Missing character: There is no σ in font [lmmono10-regular]:!
Missing character: There is no ί in font [lmmono10-regular]:!
Missing character: There is no λ in font [lmmono10-regular]:!
Missing character: There is no ε in font [lmmono10-regular]:!
Missing character: There is no ι in font [lmmono10-regular]:!
Missing character: There is no ο in font [lmmono10-regular]:!
Missing character: There is no ν in font [lmmono10-regular]:!
Missing character: There is no ἱ in font [lmmono10-regular]:!
Missing character: There is no ε in font [lmmono10-regular]:!
Missing character: There is no ρ in font [lmmono10-regular]:!
Missing character: There is no ά in font [lmmono10-regular]:!
Missing character: There is no τ in font [lmmono10-regular]:!
Missing character: There is no ε in font [lmmono10-regular]:!
Missing character: There is no υ in font [lmmono10-regular]:!
Missing character: There is no μ in font [lmmono10-regular]:!
Missing character: There is no α in font [lmmono10-regular]:!
Missing character: There is no ἔ in font [lmmono10-regular]:!
Missing character: There is no θ in font [lmmono10-regular]:!
Missing character: There is no ν in font [lmmono10-regular]:!
Missing character: There is no ο in font [lmmono10-regular]:!
Missing character: There is no ς in font [lmmono10-regular]:!
Missing character: There is no ἅ in font [lmmono10-regular]:!
Missing character: There is no γ in font [lmmono10-regular]:!
Missing character: There is no ι in font [lmmono10-regular]:!
Missing character: There is no ο in font [lmmono10-regular]:!
Missing character: There is no ν in font [lmmono10-regular]:!
Missing character: There is no λ in font [lmmono10-regular]:!
Missing character: There is no α in font [lmmono10-regular]:!
Missing character: There is no ὸ in font [lmmono10-regular]:!
Missing character: There is no ς in font [lmmono10-regular]:!
Missing character: There is no ε in font [lmmono10-regular]:!
Missing character: There is no ἰ in font [lmmono10-regular]:!
Missing character: There is no ς in font [lmmono10-regular]:!
Missing character: There is no π in font [lmmono10-regular]:!
Missing character: There is no ε in font [lmmono10-regular]:!
Missing character: There is no ρ in font [lmmono10-regular]:!
Missing character: There is no ι in font [lmmono10-regular]:!
Missing character: There is no π in font [lmmono10-regular]:!
Missing character: There is no ο in font [lmmono10-regular]:!
Missing character: There is no ί in font [lmmono10-regular]:!
Missing character: There is no η in font [lmmono10-regular]:!
Missing character: There is no σ in font [lmmono10-regular]:!
Missing character: There is no ι in font [lmmono10-regular]:!
Missing character: There is no ν in font [lmmono10-regular]:!
Missing character: There is no ὅ in font [lmmono10-regular]:!
Missing character: There is no π in font [lmmono10-regular]:!
Missing character: There is no ω in font [lmmono10-regular]:!
Missing character: There is no ς in font [lmmono10-regular]:!
Missing character: There is no τ in font [lmmono10-regular]:!
Missing character: There is no ὰ in font [lmmono10-regular]:!
Missing character: There is no ς in font [lmmono10-regular]:!
Missing character: There is no ἀ in font [lmmono10-regular]:!
Missing character: There is no ρ in font [lmmono10-regular]:!
Missing character: There is no ε in font [lmmono10-regular]:!
Missing character: There is no τ in font [lmmono10-regular]:!
Missing character: There is no ὰ in font [lmmono10-regular]:!
Missing character: There is no ς in font [lmmono10-regular]:!
Missing character: There is no ἐ in font [lmmono10-regular]:!
Missing character: There is no ξ in font [lmmono10-regular]:!
Missing character: There is no α in font [lmmono10-regular]:!
Missing character: There is no γ in font [lmmono10-regular]:!
Missing character: There is no γ in font [lmmono10-regular]:!
Missing character: There is no ε in font [lmmono10-regular]:!
Missing character: There is no ί in font [lmmono10-regular]:!
Missing character: There is no λ in font [lmmono10-regular]:!
Missing character: There is no η in font [lmmono10-regular]:!
Missing character: There is no τ in font [lmmono10-regular]:!
Missing character: There is no ε in font [lmmono10-regular]:!
Missing character: There is no τ in font [lmmono10-regular]:!
Missing character: There is no ο in font [lmmono10-regular]:!
Missing character: There is no ῦ in font [lmmono10-regular]:!
Missing character: There is no ἐ in font [lmmono10-regular]:!
Missing character: There is no κ in font [lmmono10-regular]:!
Missing character: There is no σ in font [lmmono10-regular]:!
Missing character: There is no κ in font [lmmono10-regular]:!
Missing character: There is no ό in font [lmmono10-regular]:!
Missing character: There is no τ in font [lmmono10-regular]:!
Missing character: There is no ο in font [lmmono10-regular]:!
Missing character: There is no υ in font [lmmono10-regular]:!
Missing character: There is no ς in font [lmmono10-regular]:!
Missing character: There is no ὑ in font [lmmono10-regular]:!
Missing character: There is no μ in font [lmmono10-regular]:!
Missing character: There is no ᾶ in font [lmmono10-regular]:!
Missing character: There is no ς in font [lmmono10-regular]:!
Missing character: There is no κ in font [lmmono10-regular]:!
Missing character: There is no α in font [lmmono10-regular]:!
Missing character: There is no λ in font [lmmono10-regular]:!
Missing character: There is no έ in font [lmmono10-regular]:!
Missing character: There is no σ in font [lmmono10-regular]:!
Missing character: There is no α in font [lmmono10-regular]:!
Missing character: There is no ν in font [lmmono10-regular]:!
Missing character: There is no τ in font [lmmono10-regular]:!
Missing character: There is no ο in font [lmmono10-regular]:!
Missing character: There is no ς in font [lmmono10-regular]:!
Missing character: There is no ε in font [lmmono10-regular]:!
Missing character: There is no ἰ in font [lmmono10-regular]:!
Missing character: There is no ς in font [lmmono10-regular]:!
Missing character: There is no τ in font [lmmono10-regular]:!
Missing character: There is no ὸ in font [lmmono10-regular]:!
Missing character: There is no θ in font [lmmono10-regular]:!
Missing character: There is no α in font [lmmono10-regular]:!
Missing character: There is no υ in font [lmmono10-regular]:!
Missing character: There is no μ in font [lmmono10-regular]:!
Missing character: There is no α in font [lmmono10-regular]:!
Missing character: There is no σ in font [lmmono10-regular]:!
Missing character: There is no τ in font [lmmono10-regular]:!
Missing character: There is no ὸ in font [lmmono10-regular]:!
Missing character: There is no ν in font [lmmono10-regular]:!
 [2468]
Missing character: There is no α in font [lmmono10-regular]:!
Missing character: There is no ὐ in font [lmmono10-regular]:!
Missing character: There is no τ in font [lmmono10-regular]:!
Missing character: There is no ο in font [lmmono10-regular]:!
Missing character: There is no ῦ in font [lmmono10-regular]:!
Missing character: There is no φ in font [lmmono10-regular]:!
Missing character: There is no ῶ in font [lmmono10-regular]:!
Missing character: There is no ς in font [lmmono10-regular]:!
 [2469] [2470] [2471] [2472] [2473] [2474] [2475]
[2476] [2477] [2478] [2479] [2480]
Overfull \hbox (83.82571pt too wide) in paragraph at lines 118051--118094
[]
 []

[2481] [2482] [2483] [2484] [2485] [2486] [2487] [2488] [2489] [2490]
Overfull \hbox (27.52448pt too wide) in paragraph at lines 118450--118451
[]
 []

[2491]
Overfull \hbox (123.74574pt too wide) in paragraph at lines 118504--118513
[]
 []

[2492] [2493] [2494]
Overfull \hbox (10.50821pt too wide) in paragraph at lines 118649--118656
[]\TU/lmr/m/n/10.95 Speaking
 []

[2495]

LaTeX Warning: Hyper reference `sec:org9d35e92' on page 2496 undefined on input
 line 118740.

[2496]
Overfull \hbox (557.49702pt too wide) in paragraph at lines 118773--118774
[]
 []


Overfull \hbox (66.9846pt too wide) in paragraph at lines 118799--118801
[]
 []

[2497]
Overfull \hbox (129.65149pt too wide) in paragraph at lines 118816--118822
[]
 []

[2498]
Overfull \hbox (310.52348pt too wide) in paragraph at lines 118906--118911
[]
 []


Overfull \hbox (310.52348pt too wide) in paragraph at lines 118917--118924
[]
 []

[2499] [2500]
Overfull \hbox (320.28731pt too wide) in paragraph at lines 119041--119041
[]\TU/lmtt/m/n/10.95 3  please, LORD God, help those who when I unregenerate ha
d been my friends according to the flesh, help them to see things through the e
yes of faith,[] 
 []


Overfull \hbox (27.10112pt too wide) in paragraph at lines 119041--119041
[]\TU/lmtt/m/n/10.95 4  and to have faith in You, in Your word, in Your promise
s, and to not be led astray by the world.[] 
 []

[2501] [2502] [2503]
Overfull \hbox (16.94315pt too wide) in paragraph at lines 119182--119183
[]\TU/lmr/m/n/10.95 Amazing,
 []

[2504] [2505] [2506]
Overfull \hbox (262.79982pt too wide) in paragraph at lines 119345--119345
[] \TU/lmtt/m/n/10.95 5  Spreading disgusting perverted speech in a video game 
especially when there may be young people reading, I hate with a righteous hatr
ed.[] 
 []


Overfull \hbox (147.82484pt too wide) in paragraph at lines 119345--119345
[] \TU/lmtt/m/n/10.95 8  I know that I must agape love my family in Christ, but
 if people love sin more that You, God, then I just hate that,[] 
 []


Overfull \hbox (119.0811pt too wide) in paragraph at lines 119345--119345
[] \TU/lmtt/m/n/10.95 9  and I hate the fact that their actions influence other
 people and because I don't want people to perish, I want[] 
 []


Overfull \hbox (216.80983pt too wide) in paragraph at lines 119345--119345
[]\TU/lmtt/m/n/10.95 10  these people who love sin more than You to be stopped 
particularly because it hurts other people, and spreads corrupt behaviour.[] 
 []


Overfull \hbox (274.29732pt too wide) in paragraph at lines 119345--119345
[]\TU/lmtt/m/n/10.95 12  But I hate what they're doing. Do I love them? In that
 I don't want them to perish, yes, but come to a love of and knowledge of the t
ruth.[] 
 []

[2507] [2508] [2509]
Missing character: There is no ḵ in font [lmroman10-regular]:mapping=tex-text;!
 [2510]
Missing character: There is no ש in font [lmroman10-regular]:mapping=tex-text;!
Missing character: There is no ְ in font [lmroman10-regular]:mapping=tex-text;!
Missing character: There is no ׂ in font [lmroman10-regular]:mapping=tex-text;!
Missing character: There is no נ in font [lmroman10-regular]:mapping=tex-text;!
Missing character: There is no ֵ in font [lmroman10-regular]:mapping=tex-text;!
Missing character: There is no א in font [lmroman10-regular]:mapping=tex-text;!
Missing character: There is no ת in font [lmroman10-regular]:mapping=tex-text;!
Missing character: There is no ִ in font [lmroman10-regular]:mapping=tex-text;!
Missing character: There is no ֑ in font [lmroman10-regular]:mapping=tex-text;!
Missing character: There is no י in font [lmroman10-regular]:mapping=tex-text;!
Missing character: There is no ם in font [lmroman10-regular]:mapping=tex-text;!
 [2511] [2512] [2513] [2514] [2515] [2516] [2517]
[2518] [2519] [2520]
Overfull \hbox (107.65656pt too wide) in paragraph at lines 119970--119980
[]
 []

[2521] [2522] [2523] [2524] [2525] [2526] [2527] [2528] [2529] [2530] [2531]
Missing character: There is no ο in font [lmroman10-regular]:mapping=tex-text;!
Missing character: There is no ὐ in font [lmroman10-regular]:mapping=tex-text;!
Missing character: There is no μ in font [lmroman10-regular]:mapping=tex-text;!
Missing character: There is no ή in font [lmroman10-regular]:mapping=tex-text;!
Missing character: There is no ο in font [lmroman10-regular]:mapping=tex-text;!
Missing character: There is no ὐ in font [lmroman10-regular]:mapping=tex-text;!
Missing character: There is no μ in font [lmroman10-regular]:mapping=tex-text;!
Missing character: There is no ή in font [lmroman10-regular]:mapping=tex-text;!

[2532] [2533] [2534] [2535] [2536] [2537] [2538] [2539] [2540] [2541] [2542]
[2543] [2544] [2545] [2546] [2547] [2548] [2549] [2550] [2551] [2552] [2553]
[2554] [2555] [2556] [2557] [2558] [2559] [2560] [2561] [2562] [2563] [2564]
[2565] [2566] [2567] [2568]
Overfull \hbox (151.04413pt too wide) in paragraph at lines 121988--121989
[][]\TU/lmr/m/n/10.95 youtube.com UgwhjGieoW0cFd1EOc94AaABAg.ARPjDDohS3fARQ-
 []

[2569] [2570] [2571] [2572] [2573] [2574]
Overfull \hbox (190.68675pt too wide) in paragraph at lines 122238--122239
[]
 []

[2575] [2576] [2577]
Missing character: There is no ḇ in font [lmroman10-regular]:mapping=tex-text;!
 [2578] [2579] [2580]
Missing character: There is no ο in font [lmroman10-regular]:mapping=tex-text;!
Missing character: There is no ὐ in font [lmroman10-regular]:mapping=tex-text;!
Missing character: There is no μ in font [lmroman10-regular]:mapping=tex-text;!
Missing character: There is no ή in font [lmroman10-regular]:mapping=tex-text;!
 [2581] [2582] [2583] [2584] [2585]
[2586] [2587] [2588] [2589] [2590] [2591] [2592] [2593] [2594]
Overfull \hbox (765.97401pt too wide) in paragraph at lines 123175--123176
[]
 []

[2595] [2596]
Overfull \hbox (17.77896pt too wide) in paragraph at lines 123269--123273
[]\TU/lmr/m/it/10.95 1 \TU/lmr/m/n/10.95 My
 []

[2597] [2598] [2599]
Overfull \hbox (5.73035pt too wide) in paragraph at lines 123407--123408
[]\TU/lmr/m/n/10.95 He calls us by name.
 []

[2600] [2601]
Overfull \hbox (5.67924pt too wide) in paragraph at lines 123482--123483
[]\TU/lmr/m/n/10.95 ”and Christians are confined
 []


Overfull \hbox (16.2971pt too wide) in paragraph at lines 123503--123504
[]\TU/lmr/m/n/10.95 Customer ser-
 []


Overfull \hbox (15.60722pt too wide) in paragraph at lines 123505--123506
[]\TU/lmr/m/n/10.95 There
 []

[2602] [2603] [2604] [2605] [2606] [2607] [2608] [2609] [2610]
Missing character: There is no 细 in font [lmroman10-regular]:mapping=tex-text;!
Missing character: There is no 罗 in font [lmroman10-regular]:mapping=tex-text;!
Missing character: There is no 音 in font [lmroman10-regular]:mapping=tex-text;!
Missing character: There is no 乐 in font [lmroman10-regular]:mapping=tex-text;!
Missing character: There is no 小 in font [lmroman10-regular]:mapping=tex-text;!
Missing character: There is no 组 in font [lmroman10-regular]:mapping=tex-text;!

Overfull \hbox (86.83698pt too wide) in paragraph at lines 123921--123932
[]
 []

[2611] [2612] [2613] [2614]
Missing character: There is no ἑ in font [lmroman10-regular]:mapping=tex-text;!
Missing character: There is no τ in font [lmroman10-regular]:mapping=tex-text;!
Missing character: There is no ε in font [lmroman10-regular]:mapping=tex-text;!
Missing character: There is no ρ in font [lmroman10-regular]:mapping=tex-text;!
Missing character: There is no ο in font [lmroman10-regular]:mapping=tex-text;!
Missing character: There is no ζ in font [lmroman10-regular]:mapping=tex-text;!
Missing character: There is no υ in font [lmroman10-regular]:mapping=tex-text;!
Missing character: There is no γ in font [lmroman10-regular]:mapping=tex-text;!
Missing character: There is no έ in font [lmroman10-regular]:mapping=tex-text;!
Missing character: There is no ω in font [lmroman10-regular]:mapping=tex-text;!
Missing character: There is no ἑ in font [lmroman10-regular]:mapping=tex-text;!
Missing character: There is no τ in font [lmroman10-regular]:mapping=tex-text;!
Missing character: There is no ε in font [lmroman10-regular]:mapping=tex-text;!
Missing character: There is no ρ in font [lmroman10-regular]:mapping=tex-text;!
Missing character: There is no ο in font [lmroman10-regular]:mapping=tex-text;!
Missing character: There is no ζ in font [lmroman10-regular]:mapping=tex-text;!
Missing character: There is no ύ in font [lmroman10-regular]:mapping=tex-text;!
Missing character: There is no γ in font [lmroman10-regular]:mapping=tex-text;!
Missing character: There is no ῳ in font [lmroman10-regular]:mapping=tex-text;!
Missing character: There is no ἑ in font [lmroman10-regular]:mapping=tex-text;!
Missing character: There is no τ in font [lmroman10-regular]:mapping=tex-text;!
Missing character: There is no ε in font [lmroman10-regular]:mapping=tex-text;!
Missing character: There is no ρ in font [lmroman10-regular]:mapping=tex-text;!
Missing character: There is no ό in font [lmroman10-regular]:mapping=tex-text;!
Missing character: There is no ζ in font [lmroman10-regular]:mapping=tex-text;!
Missing character: There is no υ in font [lmroman10-regular]:mapping=tex-text;!
Missing character: There is no γ in font [lmroman10-regular]:mapping=tex-text;!
Missing character: There is no ο in font [lmroman10-regular]:mapping=tex-text;!
Missing character: There is no ς in font [lmroman10-regular]:mapping=tex-text;!
Missing character: There is no τ in font [lmroman10-regular]:mapping=tex-text;!
Missing character: There is no ί in font [lmroman10-regular]:mapping=tex-text;!
Missing character: There is no ν in font [lmroman10-regular]:mapping=tex-text;!
Missing character: There is no ι in font [lmroman10-regular]:mapping=tex-text;!

Overfull \hbox (16.53288pt too wide) in paragraph at lines 124096--124102
[]\TU/lmr/m/n/10.95 ἑτεροζυγέω, ἑτεροζύγῳ; (ἑτερόζυγος yoked
 []

[2615] [2616] [2617]
Overfull \hbox (10.49722pt too wide) in paragraph at lines 124248--124258
[]\TU/lmr/m/n/10.95 When it hurts,
 []

[2618] [2619] [2620]
Overfull \hbox (29.92625pt too wide) in paragraph at lines 124381--124382
\TU/lmr/m/n/10.95 tance to Israel and forgiveness of sins. |   []   |   []   | 
  []   |   []
 []

[2621] [2622] [2623] [2624] [2625] [2626]
Overfull \hbox (1981.00023pt too wide) in paragraph at lines 124651--124652
[]
 []

[2627] [2628] [2629] [2630] [2631] [2632] [2633] [2634]
Missing character: There is no ḇ in font [lmroman10-regular]:mapping=tex-text;!
 [2635] [2636] [2637]
[2638] [2639]
Missing character: There is no ο in font [lmroman10-regular]:mapping=tex-text;!
Missing character: There is no ὐ in font [lmroman10-regular]:mapping=tex-text;!
Missing character: There is no μ in font [lmroman10-regular]:mapping=tex-text;!
Missing character: There is no ή in font [lmroman10-regular]:mapping=tex-text;!
 [2640] [2641]
Missing character: There is no י in font [lmroman10-regular]:mapping=tex-text;!
Missing character: There is no ה in font [lmroman10-regular]:mapping=tex-text;!
Missing character: There is no ו in font [lmroman10-regular]:mapping=tex-text;!
Missing character: There is no ה in font [lmroman10-regular]:mapping=tex-text;!
Missing character: There is no ׀ in font [lmroman10-regular]:mapping=tex-text;!
 [2642] [2643]
Overfull \hbox (61.59361pt too wide) in paragraph at lines 125479--125479
[] \TU/lmtt/m/n/10.95 6  Thank You Father God for making a way for us to be rec
onciled with You through Your Son Jesus Christ![] 
 []


Overfull \hbox (222.55858pt too wide) in paragraph at lines 125479--125479
[]\TU/lmtt/m/n/10.95 11  And I'm going to do my best to prepare myself to be ho
ly and blameless for the day of Christ Jesus and to honor You with my life.[] 
 []


Overfull \hbox (61.59361pt too wide) in paragraph at lines 125492--125492
[] \TU/lmtt/m/n/10.95 8  Nevertheless, I live to serve You, God, and to be conf
ormed into the image of Your Son, Jesus Christ.[] 
 []

[2644]
Package atveryend Info: Empty hook `BeforeClearDocument' on input line 125527.
 [2645]
Package atveryend Info: Empty hook `AfterLastShipout' on input line 125527.
 (./README.aux)
Package atveryend Info: Empty hook `AtVeryEndDocument' on input line 125527.
Package atveryend Info: Executing hook `AtEndAfterFileList' on input line 12552
7.


Package rerunfilecheck Warning: File `README.out' has changed.
(rerunfilecheck)                Rerun to get outlines right
(rerunfilecheck)                or use package `bookmark'.

Package rerunfilecheck Info: Checksums for `README.out':
(rerunfilecheck)             Before: 
(rerunfilecheck)             After:  E6ADF65C00BC244AF14F658C324DE1D9.

LaTeX Warning: There were undefined references.


LaTeX Warning: Label(s) may have changed. Rerun to get cross-references right.

Package atveryend Info: Empty hook `AtVeryVeryEnd' on input line 125527.
 ) 
Here is how much of TeX's memory you used:
 11413 strings out of 494868
 161715 string characters out of 6175714
 259866 words of memory out of 5000000
 15239 multiletter control sequences out of 15000+600000
 10427 words of font info for 56 fonts, out of 8000000 for 9000
 14 hyphenation exceptions out of 8191
 28i,9n,45p,6363b,1510s stack positions out of 5000i,500n,10000p,200000b,80000s

Output written on ./README.pdf (2645 pages).
